Build started 30-03-2026 13:52:32.
Logging verbosity is set to: Detailed.     0>Process = "C:\Program Files\dotnet\dotnet.exe"
       MSBuild executable path = "C:\Program Files\dotnet\sdk\10.0.101\MSBuild.dll"
       Command line arguments = "C:\Program Files\dotnet\sdk\10.0.101\MSBuild.dll -maxcpucount --verbosity:m -tlp:default=auto --property:NuGetInteractive=true --restoreProperty:NuGetInteractive=true --restoreProperty:EnableDefaultCompileItems=false --restoreProperty:EnableDefaultEmbeddedResourceItems=false --restoreProperty:EnableDefaultNoneItems=false c:\krishna mini project\backend\InternalExamScrutinySystem.Api\InternalExamScrutinySystem.Api.csproj /clp:ErrorsOnly /fl /flp:logfile=build.log -consoleloggerparameters:Summary -restore -distributedlogger:Microsoft.DotNet.Cli.Commands.MSBuild.MSBuildLogger,C:\Program Files\dotnet\sdk\10.0.101\dotnet.dll*Microsoft.DotNet.Cli.Commands.MSBuild.MSBuildForwardingLogger,C:\Program Files\dotnet\sdk\10.0.101\dotnet.dll -nologo"
       Current directory = "C:\krishna mini project\backend\InternalExamScrutinySystem.Api"
       MSBuild version = "18.0.6+fad253f51"
       Based on the Windows registry key LongPathsEnabled, the LongPaths feature is enabled.
       Based on the Windows registry key VerifiedAndReputablePolicyState, SAC state = 0: turned off.
       The SDK "Microsoft.NET.Sdk.Web" was successfully resolved by the "DefaultSdkResolver" resolver to location "C:\Program Files\dotnet\sdk\10.0.101\Sdks\Microsoft.NET.Sdk.Web\Sdk" and version "".
       Assembly loaded during Evaluation: NuGet.Frameworks, Version=7.0.0.0, Culture=neutral, PublicKeyToken=31bf3856ad364e35 (location: C:\Program Files\dotnet\sdk\10.0.101\NuGet.Frameworks.dll, MVID: e913a35d-983d-474c-b844-7b99e57f87c3, AssemblyLoadContext: Assembly.LoadFile(C:\Program Files\dotnet\sdk\10.0.101\NuGet.Frameworks.dll))
       Assembly loaded during Evaluation: System.Threading.ThreadPool, Version=10.0.0.0, Culture=neutral, PublicKeyToken=b03f5f7f11d50a3a (location: C:\Program Files\dotnet\shared\Microsoft.NETCore.App\10.0.1\System.Threading.ThreadPool.dll, MVID: 69a6ab9e-f176-4ce1-bce3-b687a842a42b, AssemblyLoadContext: Default)
       The SDK "Microsoft.NET.Sdk" was successfully resolved by the "DefaultSdkResolver" resolver to location "C:\Program Files\dotnet\sdk\10.0.101\Sdks\Microsoft.NET.Sdk\Sdk" and version "".
       C:\Program Files\dotnet\sdk\10.0.101\Sdks\Microsoft.NET.Sdk\Sdk\Sdk.props(49,11): message : Property 'MSBuildExtensionsPath' with value 'C:\Program Files\dotnet\sdk\10.0.101\' expanded from the environment.
       Assembly loaded during Evaluation: System.Net.Sockets, Version=10.0.0.0, Culture=neutral, PublicKeyToken=b03f5f7f11d50a3a (location: C:\Program Files\dotnet\shared\Microsoft.NETCore.App\10.0.1\System.Net.Sockets.dll, MVID: 9fc444e4-6ba6-4bcf-9336-c64046eb8380, AssemblyLoadContext: Default)
       C:\Program Files\dotnet\sdk\10.0.101\Current\Microsoft.Common.props(60,5): message : Property reassignment: $(MSBuildProjectExtensionsPath)="c:\krishna mini project\backend\InternalExamScrutinySystem.Api\obj\" (previous value: "obj\") at C:\Program Files\dotnet\sdk\10.0.101\Current\Microsoft.Common.props (60,5)
       C:\Program Files\dotnet\sdk\10.0.101\Current\Microsoft.Common.props(84,119): message : Property 'MSBuildUserExtensionsPath' with value 'C:\Users\MUKHIL\AppData\Local\Microsoft\MSBuild' expanded from the environment.
       Assembly loaded during Evaluation: System.Threading.Overlapped, Version=10.0.0.0, Culture=neutral, PublicKeyToken=b03f5f7f11d50a3a (location: C:\Program Files\dotnet\shared\Microsoft.NETCore.App\10.0.1\System.Threading.Overlapped.dll, MVID: 776b2594-5863-4fd1-996d-c9d5cb21fdfd, AssemblyLoadContext: Default)
       Assembly loaded during Evaluation: System.Threading.Tasks.Parallel, Version=10.0.0.0, Culture=neutral, PublicKeyToken=b03f5f7f11d50a3a (location: C:\Program Files\dotnet\shared\Microsoft.NETCore.App\10.0.1\System.Threading.Tasks.Parallel.dll, MVID: c0c31281-a1da-475c-91e3-f539049c5ef1, AssemblyLoadContext: Default)
       C:\Program Files\dotnet\sdk\10.0.101\Sdks\Microsoft.NET.Sdk\targets\Microsoft.NET.Sdk.props(90,5): message : Property reassignment: $(AssemblySearchPaths)="{CandidateAssemblyFiles};{HintPathFromItem}" (previous value: "{CandidateAssemblyFiles}") at C:\Program Files\dotnet\sdk\10.0.101\Sdks\Microsoft.NET.Sdk\targets\Microsoft.NET.Sdk.props (90,5)
       C:\Program Files\dotnet\sdk\10.0.101\Sdks\Microsoft.NET.Sdk\targets\Microsoft.NET.Sdk.props(91,5): message : Property reassignment: $(AssemblySearchPaths)="{CandidateAssemblyFiles};{HintPathFromItem};{TargetFrameworkDirectory}" (previous value: "{CandidateAssemblyFiles};{HintPathFromItem}") at C:\Program Files\dotnet\sdk\10.0.101\Sdks\Microsoft.NET.Sdk\targets\Microsoft.NET.Sdk.props (91,5)
       C:\Program Files\dotnet\sdk\10.0.101\Sdks\Microsoft.NET.Sdk\targets\Microsoft.NET.Sdk.props(92,5): message : Property reassignment: $(AssemblySearchPaths)="{CandidateAssemblyFiles};{HintPathFromItem};{TargetFrameworkDirectory};{RawFileName}" (previous value: "{CandidateAssemblyFiles};{HintPathFromItem};{TargetFrameworkDirectory}") at C:\Program Files\dotnet\sdk\10.0.101\Sdks\Microsoft.NET.Sdk\targets\Microsoft.NET.Sdk.props (92,5)
       The "DefaultSdkResolver" resolver attempted to resolve the SDK "Microsoft.NET.SDK.WorkloadAutoImportPropsLocator".
       Warnings: null
       Errors: MSB4276: The default SDK resolver failed to resolve SDK "Microsoft.NET.SDK.WorkloadAutoImportPropsLocator" because directory "C:\Program Files\dotnet\sdk\10.0.101\Sdks\Microsoft.NET.SDK.WorkloadAutoImportPropsLocator\Sdk" did not exist.
       Assembly loaded during Evaluation: Microsoft.Build.NuGetSdkResolver, Version=7.0.0.0, Culture=neutral, PublicKeyToken=31bf3856ad364e35 (location: C:\Program Files\dotnet\sdk\10.0.101\Microsoft.Build.NuGetSdkResolver.dll, MVID: 3aed13f2-41a4-4f79-9ae7-f91c942ed8e5, AssemblyLoadContext: MSBuild plugin C:\Program Files\dotnet\sdk\10.0.101\Microsoft.Build.NuGetSdkResolver.dll)
       Assembly loaded during Evaluation: System.Reflection.Metadata, Version=10.0.0.0, Culture=neutral, PublicKeyToken=b03f5f7f11d50a3a (location: C:\Program Files\dotnet\shared\Microsoft.NETCore.App\10.0.1\System.Reflection.Metadata.dll, MVID: 3dffb579-478e-4936-a66f-3cf5f722eefe, AssemblyLoadContext: Default)
       Assembly loaded during Evaluation: NuGet.Common, Version=7.0.0.0, Culture=neutral, PublicKeyToken=31bf3856ad364e35 (location: C:\Program Files\dotnet\sdk\10.0.101\NuGet.Common.dll, MVID: e68f94a8-8ead-49da-8d66-ddbffff51250, AssemblyLoadContext: MSBuild plugin C:\Program Files\dotnet\sdk\10.0.101\Microsoft.Build.NuGetSdkResolver.dll)
       Assembly loaded during Evaluation: Microsoft.NET.Sdk.WorkloadMSBuildSdkResolver, Version=10.0.101.0, Culture=neutral, PublicKeyToken=31bf3856ad364e35 (location: C:\Program Files\dotnet\sdk\10.0.101\Microsoft.NET.Sdk.WorkloadMSBuildSdkResolver.dll, MVID: 5c8a4c6d-b406-4bd0-9e3f-8370848cd2cb, AssemblyLoadContext: MSBuild plugin C:\Program Files\dotnet\sdk\10.0.101\Microsoft.NET.Sdk.WorkloadMSBuildSdkResolver.dll)
       Assembly loaded during Evaluation: Microsoft.DotNet.Cli.Utils, Version=10.0.101.0, Culture=neutral, PublicKeyToken=adb9793829ddae60 (location: C:\Program Files\dotnet\sdk\10.0.101\Microsoft.DotNet.Cli.Utils.dll, MVID: 0a4ee92c-4a3d-4297-a04d-19c4cdd0f8a2, AssemblyLoadContext: MSBuild plugin C:\Program Files\dotnet\sdk\10.0.101\Microsoft.NET.Sdk.WorkloadMSBuildSdkResolver.dll)
       Assembly loaded during Evaluation: Microsoft.NET.Sdk.WorkloadManifestReader, Version=10.0.101.0, Culture=neutral, PublicKeyToken=adb9793829ddae60 (location: C:\Program Files\dotnet\sdk\10.0.101\Microsoft.NET.Sdk.WorkloadManifestReader.dll, MVID: 2c78410a-8ec2-4806-a829-c831cba84d97, AssemblyLoadContext: MSBuild plugin C:\Program Files\dotnet\sdk\10.0.101\Microsoft.NET.Sdk.WorkloadMSBuildSdkResolver.dll)
       Assembly loaded during Evaluation: Microsoft.Deployment.DotNet.Releases, Version=2.0.0.0, Culture=neutral, PublicKeyToken=31bf3856ad364e35 (location: C:\Program Files\dotnet\sdk\10.0.101\Microsoft.Deployment.DotNet.Releases.dll, MVID: aefc5383-75f2-4916-ba9b-f020105d50e8, AssemblyLoadContext: MSBuild plugin C:\Program Files\dotnet\sdk\10.0.101\Microsoft.NET.Sdk.WorkloadMSBuildSdkResolver.dll)
       The SDK "Microsoft.NET.SDK.WorkloadAutoImportPropsLocator" was successfully resolved by the "Microsoft.DotNet.MSBuildWorkloadSdkResolver" resolver to location "null" and version "null".
       The SDK "Microsoft.NET.Sdk.Razor" was successfully resolved by the "DefaultSdkResolver" resolver to location "C:\Program Files\dotnet\sdk\10.0.101\Sdks\Microsoft.NET.Sdk.Razor\Sdk" and version "".
       The SDK "Microsoft.NET.Sdk.StaticWebAssets" was successfully resolved by the "DefaultSdkResolver" resolver to location "C:\Program Files\dotnet\sdk\10.0.101\Sdks\Microsoft.NET.Sdk.StaticWebAssets\Sdk" and version "".
       C:\Program Files\dotnet\sdk\10.0.101\Sdks\Microsoft.NET.Sdk.StaticWebAssets\Sdk\Sdk.StaticWebAssets.StaticAssets.ProjectSystem.props(23,5): message : Property reassignment: $(DefaultItemExcludes)=";**\node_modules\**;node_modules\**;**\jspm_packages\**;jspm_packages\**" (previous value: ";**\node_modules\**;node_modules\**") at C:\Program Files\dotnet\sdk\10.0.101\Sdks\Microsoft.NET.Sdk.StaticWebAssets\Sdk\Sdk.StaticWebAssets.StaticAssets.ProjectSystem.props (23,5)
       C:\Program Files\dotnet\sdk\10.0.101\Sdks\Microsoft.NET.Sdk.StaticWebAssets\Sdk\Sdk.StaticWebAssets.StaticAssets.ProjectSystem.props(24,5): message : Property reassignment: $(DefaultItemExcludes)=";**\node_modules\**;node_modules\**;**\jspm_packages\**;jspm_packages\**;**\bower_components\**;bower_components\**" (previous value: ";**\node_modules\**;node_modules\**;**\jspm_packages\**;jspm_packages\**") at C:\Program Files\dotnet\sdk\10.0.101\Sdks\Microsoft.NET.Sdk.StaticWebAssets\Sdk\Sdk.StaticWebAssets.StaticAssets.ProjectSystem.props (24,5)
       C:\Program Files\dotnet\sdk\10.0.101\Sdks\Microsoft.NET.Sdk.StaticWebAssets\Sdk\Sdk.StaticWebAssets.StaticAssets.ProjectSystem.props(25,5): message : Property reassignment: $(DefaultItemExcludes)=";**\node_modules\**;node_modules\**;**\jspm_packages\**;jspm_packages\**;**\bower_components\**;bower_components\**;**\packages.lock.json" (previous value: ";**\node_modules\**;node_modules\**;**\jspm_packages\**;jspm_packages\**;**\bower_components\**;bower_components\**") at C:\Program Files\dotnet\sdk\10.0.101\Sdks\Microsoft.NET.Sdk.StaticWebAssets\Sdk\Sdk.StaticWebAssets.StaticAssets.ProjectSystem.props (25,5)
       The SDK "Microsoft.NET.Sdk.Web.ProjectSystem" was successfully resolved by the "DefaultSdkResolver" resolver to location "C:\Program Files\dotnet\sdk\10.0.101\Sdks\Microsoft.NET.Sdk.Web.ProjectSystem\Sdk" and version "".
       C:\Program Files\dotnet\sdk\10.0.101\Sdks\Microsoft.NET.Sdk.Web.ProjectSystem\targets\Microsoft.NET.Sdk.Web.ProjectSystem.props(16,5): message : Property reassignment: $(OutputType)="Exe" (previous value: "Library") at C:\Program Files\dotnet\sdk\10.0.101\Sdks\Microsoft.NET.Sdk.Web.ProjectSystem\targets\Microsoft.NET.Sdk.Web.ProjectSystem.props (16,5)
       The SDK "Microsoft.NET.Sdk.Publish" was successfully resolved by the "DefaultSdkResolver" resolver to location "C:\Program Files\dotnet\sdk\10.0.101\Sdks\Microsoft.NET.Sdk.Publish\Sdk" and version "".
       C:\Program Files\dotnet\sdk\10.0.101\Sdks\Microsoft.NET.Sdk\targets\Microsoft.NET.Sdk.ImportPublishProfile.targets(28,5): message : Property reassignment: $(PublishProfileImported)="false" (previous value: "true") at C:\Program Files\dotnet\sdk\10.0.101\Sdks\Microsoft.NET.Sdk\targets\Microsoft.NET.Sdk.ImportPublishProfile.targets (28,5)
       C:\Program Files\dotnet\sdk\10.0.101\Sdks\Microsoft.NET.Sdk\targets\Microsoft.NET.TargetFrameworkInference.targets(81,5): message : Property reassignment: $(TargetPlatformVersion)="" (previous value: "0.0") at C:\Program Files\dotnet\sdk\10.0.101\Sdks\Microsoft.NET.Sdk\targets\Microsoft.NET.TargetFrameworkInference.targets (81,5)
       C:\Program Files\dotnet\sdk\10.0.101\Sdks\Microsoft.NET.Sdk\targets\Microsoft.NET.DefaultOutputPaths.targets(126,5): message : Property reassignment: $(DefaultItemExcludes)=";**\node_modules\**;node_modules\**;**\jspm_packages\**;jspm_packages\**;**\bower_components\**;bower_components\**;**\packages.lock.json;bin\Debug\/**" (previous value: ";**\node_modules\**;node_modules\**;**\jspm_packages\**;jspm_packages\**;**\bower_components\**;bower_components\**;**\packages.lock.json") at C:\Program Files\dotnet\sdk\10.0.101\Sdks\Microsoft.NET.Sdk\targets\Microsoft.NET.DefaultOutputPaths.targets (126,5)
       C:\Program Files\dotnet\sdk\10.0.101\Sdks\Microsoft.NET.Sdk\targets\Microsoft.NET.DefaultOutputPaths.targets(127,5): message : Property reassignment: $(DefaultItemExcludes)=";**\node_modules\**;node_modules\**;**\jspm_packages\**;jspm_packages\**;**\bower_components\**;bower_components\**;**\packages.lock.json;bin\Debug\/**;obj\Debug\/**" (previous value: ";**\node_modules\**;node_modules\**;**\jspm_packages\**;jspm_packages\**;**\bower_components\**;bower_components\**;**\packages.lock.json;bin\Debug\/**") at C:\Program Files\dotnet\sdk\10.0.101\Sdks\Microsoft.NET.Sdk\targets\Microsoft.NET.DefaultOutputPaths.targets (127,5)
       C:\Program Files\dotnet\sdk\10.0.101\Sdks\Microsoft.NET.Sdk\targets\Microsoft.NET.DefaultOutputPaths.targets(142,5): message : Property reassignment: $(OutputPath)="bin\Debug\net8.0\" (previous value: "bin\Debug\") at C:\Program Files\dotnet\sdk\10.0.101\Sdks\Microsoft.NET.Sdk\targets\Microsoft.NET.DefaultOutputPaths.targets (142,5)
       C:\Program Files\dotnet\sdk\10.0.101\Sdks\Microsoft.NET.Sdk\targets\Microsoft.NET.DefaultOutputPaths.targets(147,5): message : Property reassignment: $(IntermediateOutputPath)="obj\Debug\net8.0\" (previous value: "obj\Debug\") at C:\Program Files\dotnet\sdk\10.0.101\Sdks\Microsoft.NET.Sdk\targets\Microsoft.NET.DefaultOutputPaths.targets (147,5)
       The "DefaultSdkResolver" resolver attempted to resolve the SDK "Microsoft.NET.SDK.WorkloadManifestTargetsLocator".
       Warnings: null
       Errors: MSB4276: The default SDK resolver failed to resolve SDK "Microsoft.NET.SDK.WorkloadManifestTargetsLocator" because directory "C:\Program Files\dotnet\sdk\10.0.101\Sdks\Microsoft.NET.SDK.WorkloadManifestTargetsLocator\Sdk" did not exist.
       The SDK "Microsoft.NET.SDK.WorkloadManifestTargetsLocator" was successfully resolved by the "Microsoft.DotNet.MSBuildWorkloadSdkResolver" resolver to location "C:\Program Files\dotnet\sdk-manifests\10.0.100-rc.2\microsoft.net.sdk.android\36.0.0-rc.2.332" and version "null".
       C:\Program Files\dotnet\sdk\10.0.101\Sdks\Microsoft.NET.Sdk\targets\Microsoft.NET.Sdk.BeforeCommon.targets(371,5): message : Property reassignment: $(RoslynTargetsPath)="C:\Program Files\dotnet\sdk\10.0.101\Sdks\Microsoft.NET.Sdk\targets\..\..\..\Roslyn" (previous value: "C:\Program Files\dotnet\sdk\10.0.101\Roslyn") at C:\Program Files\dotnet\sdk\10.0.101\Sdks\Microsoft.NET.Sdk\targets\Microsoft.NET.Sdk.BeforeCommon.targets (371,5)
       C:\Program Files\dotnet\sdk\10.0.101\Roslyn\Microsoft.Managed.Core.targets(6,5): message : Property reassignment: $(_BuildTasksDirectory)="C:\Program Files\dotnet\sdk\10.0.101\Sdks\Microsoft.NET.Sdk\targets\..\..\..\Roslyn\" (previous value: "C:\Program Files\dotnet\sdk\10.0.101\Roslyn\") at C:\Program Files\dotnet\sdk\10.0.101\Roslyn\Microsoft.Managed.Core.targets (6,5)
       C:\Program Files\dotnet\sdk\10.0.101\Roslyn\Microsoft.CSharp.Core.targets(200,5): message : Property reassignment: $(CommandLineArgsForDesignTimeEvaluation)="-langversion:12.0 -define:TRACE" (previous value: "-langversion:12.0") at C:\Program Files\dotnet\sdk\10.0.101\Roslyn\Microsoft.CSharp.Core.targets (200,5)
       Assembly loaded during Evaluation: Microsoft.Build.Utilities.Core, Version=15.1.0.0, Culture=neutral, PublicKeyToken=b03f5f7f11d50a3a (location: C:\Program Files\dotnet\sdk\10.0.101\Microsoft.Build.Utilities.Core.dll, MVID: 0ce0dd4f-98bd-4767-bc61-9eb82d6f94a6, AssemblyLoadContext: Default)
       C:\Program Files\dotnet\sdk\10.0.101\Microsoft.Common.CurrentVersion.targets(175,5): message : Property reassignment: $(_DebugSymbolsProduced)="true" (previous value: "false") at C:\Program Files\dotnet\sdk\10.0.101\Microsoft.Common.CurrentVersion.targets (175,5)
       C:\Program Files\dotnet\sdk\10.0.101\Microsoft.Common.CurrentVersion.targets(185,5): message : Property reassignment: $(_DocumentationFileProduced)="false" (previous value: "true") at C:\Program Files\dotnet\sdk\10.0.101\Microsoft.Common.CurrentVersion.targets (185,5)
       C:\Program Files\dotnet\sdk\10.0.101\Microsoft.Common.CurrentVersion.targets(392,5): message : Property reassignment: $(MSBuildCopyMarkerName)="Internal.97ADDD31" (previous value: "InternalExamScrutinySystem.Api.csproj") at C:\Program Files\dotnet\sdk\10.0.101\Microsoft.Common.CurrentVersion.targets (392,5)
       C:\Program Files\dotnet\sdk\10.0.101\Microsoft.Common.CurrentVersion.targets(393,5): message : Property reassignment: $(MSBuildCopyMarkerName)="Internal.97ADDD31.Up2Date" (previous value: "Internal.97ADDD31") at C:\Program Files\dotnet\sdk\10.0.101\Microsoft.Common.CurrentVersion.targets (393,5)
       C:\Program Files\dotnet\sdk\10.0.101\Microsoft.Common.CurrentVersion.targets(541,5): message : Property reassignment: $(ProcessorArchitecture)="msil" (previous value: "") at C:\Program Files\dotnet\sdk\10.0.101\Microsoft.Common.CurrentVersion.targets (541,5)
       C:\Program Files\dotnet\sdk\10.0.101\Microsoft.Common.CurrentVersion.targets(580,5): message : Property reassignment: $(DelaySign)="" (previous value: "false") at C:\Program Files\dotnet\sdk\10.0.101\Microsoft.Common.CurrentVersion.targets (580,5)
       C:\Program Files\dotnet\sdk\10.0.101\Microsoft.Common.CurrentVersion.targets(2606,5): message : Property 'LOCALAPPDATA' with value 'C:\Users\MUKHIL\AppData\Local' expanded from the environment.
       C:\Program Files\dotnet\sdk\10.0.101\Microsoft.Common.CurrentVersion.targets(3934,5): message : Property reassignment: $(_SGenGenerateSerializationAssembliesConfig)="Auto" (previous value: "") at C:\Program Files\dotnet\sdk\10.0.101\Microsoft.Common.CurrentVersion.targets (3934,5)
       C:\Program Files\dotnet\sdk\10.0.101\Microsoft.Common.CurrentVersion.targets(3935,5): message : Property reassignment: $(_SGenGenerateSerializationAssembliesConfig)="Off" (previous value: "Auto") at C:\Program Files\dotnet\sdk\10.0.101\Microsoft.Common.CurrentVersion.targets (3935,5)
       C:\Program Files\dotnet\sdk\10.0.101\Microsoft.Common.CurrentVersion.targets(5146,5): message : Property reassignment: $(_TargetsThatPrepareProjectReferences)="
       C:\Program Files\dotnet\sdk\10.0.101\Microsoft.Common.CurrentVersion.targets(5146,5): message :       AssignProjectConfiguration;
       C:\Program Files\dotnet\sdk\10.0.101\Microsoft.Common.CurrentVersion.targets(5146,5): message :       _SplitProjectReferencesByFileExistence
       C:\Program Files\dotnet\sdk\10.0.101\Microsoft.Common.CurrentVersion.targets(5146,5): message :     " (previous value: "_SplitProjectReferencesByFileExistence") at C:\Program Files\dotnet\sdk\10.0.101\Microsoft.Common.CurrentVersion.targets (5146,5)
       C:\Program Files\dotnet\sdk\10.0.101\Microsoft.Common.CurrentVersion.targets(6959,5): message : Property 'MSBuildExtensionsPath32' with value 'C:\Program Files\dotnet\sdk\10.0.101' expanded from the environment.
       The "NuGetInteractive" property is a global property, and cannot be modified.
       C:\Program Files\dotnet\sdk\10.0.101\Sdks\Microsoft.NET.Sdk\targets\Microsoft.PackageDependencyResolution.targets(24,5): message : Property reassignment: $(ProjectAssetsFile)="c:\krishna mini project\backend\InternalExamScrutinySystem.Api\obj\project.assets.json" (previous value: "c:\krishna mini project\backend\InternalExamScrutinySystem.Api\obj\/project.assets.json") at C:\Program Files\dotnet\sdk\10.0.101\Sdks\Microsoft.NET.Sdk\targets\Microsoft.PackageDependencyResolution.targets (24,5)
       C:\Program Files\dotnet\sdk\10.0.101\Sdks\Microsoft.NET.Sdk\targets\Microsoft.PackageDependencyResolution.targets(29,5): message : Property reassignment: $(ProjectAssetsCacheFile)="c:\krishna mini project\backend\InternalExamScrutinySystem.Api\obj\Debug\net8.0\InternalExamScrutinySystem.Api.assets.cache" (previous value: "obj\Debug\net8.0\InternalExamScrutinySystem.Api.assets.cache") at C:\Program Files\dotnet\sdk\10.0.101\Sdks\Microsoft.NET.Sdk\targets\Microsoft.PackageDependencyResolution.targets (29,5)
       C:\Program Files\dotnet\sdk\10.0.101\Sdks\Microsoft.NET.Sdk\targets\Microsoft.PackageDependencyResolution.targets(80,5): message : Property reassignment: $(ResolveAssemblyReferencesDependsOn)="
       C:\Program Files\dotnet\sdk\10.0.101\Sdks\Microsoft.NET.Sdk\targets\Microsoft.PackageDependencyResolution.targets(80,5): message :       
       C:\Program Files\dotnet\sdk\10.0.101\Sdks\Microsoft.NET.Sdk\targets\Microsoft.PackageDependencyResolution.targets(80,5): message :       ResolveProjectReferences;
       C:\Program Files\dotnet\sdk\10.0.101\Sdks\Microsoft.NET.Sdk\targets\Microsoft.PackageDependencyResolution.targets(80,5): message :       FindInvalidProjectReferences;
       C:\Program Files\dotnet\sdk\10.0.101\Sdks\Microsoft.NET.Sdk\targets\Microsoft.PackageDependencyResolution.targets(80,5): message :       GetFrameworkPaths;
       C:\Program Files\dotnet\sdk\10.0.101\Sdks\Microsoft.NET.Sdk\targets\Microsoft.PackageDependencyResolution.targets(80,5): message :       GetReferenceAssemblyPaths;
       C:\Program Files\dotnet\sdk\10.0.101\Sdks\Microsoft.NET.Sdk\targets\Microsoft.PackageDependencyResolution.targets(80,5): message :       PrepareForBuild;
       C:\Program Files\dotnet\sdk\10.0.101\Sdks\Microsoft.NET.Sdk\targets\Microsoft.PackageDependencyResolution.targets(80,5): message :       ResolveSDKReferences;
       C:\Program Files\dotnet\sdk\10.0.101\Sdks\Microsoft.NET.Sdk\targets\Microsoft.PackageDependencyResolution.targets(80,5): message :       ExpandSDKReferences;
       C:\Program Files\dotnet\sdk\10.0.101\Sdks\Microsoft.NET.Sdk\targets\Microsoft.PackageDependencyResolution.targets(80,5): message :     ;
       C:\Program Files\dotnet\sdk\10.0.101\Sdks\Microsoft.NET.Sdk\targets\Microsoft.PackageDependencyResolution.targets(80,5): message :       ResolvePackageDependenciesForBuild;
       C:\Program Files\dotnet\sdk\10.0.101\Sdks\Microsoft.NET.Sdk\targets\Microsoft.PackageDependencyResolution.targets(80,5): message :       _HandlePackageFileConflicts;
       C:\Program Files\dotnet\sdk\10.0.101\Sdks\Microsoft.NET.Sdk\targets\Microsoft.PackageDependencyResolution.targets(80,5): message :     " (previous value: "
       C:\Program Files\dotnet\sdk\10.0.101\Sdks\Microsoft.NET.Sdk\targets\Microsoft.PackageDependencyResolution.targets(80,5): message :       ResolveProjectReferences;
       C:\Program Files\dotnet\sdk\10.0.101\Sdks\Microsoft.NET.Sdk\targets\Microsoft.PackageDependencyResolution.targets(80,5): message :       FindInvalidProjectReferences;
       C:\Program Files\dotnet\sdk\10.0.101\Sdks\Microsoft.NET.Sdk\targets\Microsoft.PackageDependencyResolution.targets(80,5): message :       GetFrameworkPaths;
       C:\Program Files\dotnet\sdk\10.0.101\Sdks\Microsoft.NET.Sdk\targets\Microsoft.PackageDependencyResolution.targets(80,5): message :       GetReferenceAssemblyPaths;
       C:\Program Files\dotnet\sdk\10.0.101\Sdks\Microsoft.NET.Sdk\targets\Microsoft.PackageDependencyResolution.targets(80,5): message :       PrepareForBuild;
       C:\Program Files\dotnet\sdk\10.0.101\Sdks\Microsoft.NET.Sdk\targets\Microsoft.PackageDependencyResolution.targets(80,5): message :       ResolveSDKReferences;
       C:\Program Files\dotnet\sdk\10.0.101\Sdks\Microsoft.NET.Sdk\targets\Microsoft.PackageDependencyResolution.targets(80,5): message :       ExpandSDKReferences;
       C:\Program Files\dotnet\sdk\10.0.101\Sdks\Microsoft.NET.Sdk\targets\Microsoft.PackageDependencyResolution.targets(80,5): message :     ") at C:\Program Files\dotnet\sdk\10.0.101\Sdks\Microsoft.NET.Sdk\targets\Microsoft.PackageDependencyResolution.targets (80,5)
       C:\Program Files\dotnet\sdk\10.0.101\Sdks\Microsoft.NET.Sdk\targets\Microsoft.PackageDependencyResolution.targets(86,5): message : Property reassignment: $(PrepareResourcesDependsOn)="
       C:\Program Files\dotnet\sdk\10.0.101\Sdks\Microsoft.NET.Sdk\targets\Microsoft.PackageDependencyResolution.targets(86,5): message :       ResolvePackageDependenciesForBuild;
       C:\Program Files\dotnet\sdk\10.0.101\Sdks\Microsoft.NET.Sdk\targets\Microsoft.PackageDependencyResolution.targets(86,5): message :       _HandlePackageFileConflicts;
       C:\Program Files\dotnet\sdk\10.0.101\Sdks\Microsoft.NET.Sdk\targets\Microsoft.PackageDependencyResolution.targets(86,5): message :       
       C:\Program Files\dotnet\sdk\10.0.101\Sdks\Microsoft.NET.Sdk\targets\Microsoft.PackageDependencyResolution.targets(86,5): message :       ;
       C:\Program Files\dotnet\sdk\10.0.101\Sdks\Microsoft.NET.Sdk\targets\Microsoft.PackageDependencyResolution.targets(86,5): message :       PrepareResourceNames;
       C:\Program Files\dotnet\sdk\10.0.101\Sdks\Microsoft.NET.Sdk\targets\Microsoft.PackageDependencyResolution.targets(86,5): message :       ResGen;
       C:\Program Files\dotnet\sdk\10.0.101\Sdks\Microsoft.NET.Sdk\targets\Microsoft.PackageDependencyResolution.targets(86,5): message :       CompileLicxFiles
       C:\Program Files\dotnet\sdk\10.0.101\Sdks\Microsoft.NET.Sdk\targets\Microsoft.PackageDependencyResolution.targets(86,5): message :     
       C:\Program Files\dotnet\sdk\10.0.101\Sdks\Microsoft.NET.Sdk\targets\Microsoft.PackageDependencyResolution.targets(86,5): message :     " (previous value: "
       C:\Program Files\dotnet\sdk\10.0.101\Sdks\Microsoft.NET.Sdk\targets\Microsoft.PackageDependencyResolution.targets(86,5): message :       ;
       C:\Program Files\dotnet\sdk\10.0.101\Sdks\Microsoft.NET.Sdk\targets\Microsoft.PackageDependencyResolution.targets(86,5): message :       PrepareResourceNames;
       C:\Program Files\dotnet\sdk\10.0.101\Sdks\Microsoft.NET.Sdk\targets\Microsoft.PackageDependencyResolution.targets(86,5): message :       ResGen;
       C:\Program Files\dotnet\sdk\10.0.101\Sdks\Microsoft.NET.Sdk\targets\Microsoft.PackageDependencyResolution.targets(86,5): message :       CompileLicxFiles
       C:\Program Files\dotnet\sdk\10.0.101\Sdks\Microsoft.NET.Sdk\targets\Microsoft.PackageDependencyResolution.targets(86,5): message :     ") at C:\Program Files\dotnet\sdk\10.0.101\Sdks\Microsoft.NET.Sdk\targets\Microsoft.PackageDependencyResolution.targets (86,5)
       The "EnableDefaultCompileItems" property is a global property, and cannot be modified.
       The "EnableDefaultEmbeddedResourceItems" property is a global property, and cannot be modified.
       The "EnableDefaultNoneItems" property is a global property, and cannot be modified.
       C:\Program Files\dotnet\sdk\10.0.101\Sdks\Microsoft.NET.Sdk\targets\Microsoft.NET.Sdk.DefaultItems.targets(35,5): message : Property reassignment: $(DefaultItemExcludes)=";**\node_modules\**;node_modules\**;**\jspm_packages\**;jspm_packages\**;**\bower_components\**;bower_components\**;**\packages.lock.json;bin\Debug\/**;obj\Debug\/**;bin\/**" (previous value: ";**\node_modules\**;node_modules\**;**\jspm_packages\**;jspm_packages\**;**\bower_components\**;bower_components\**;**\packages.lock.json;bin\Debug\/**;obj\Debug\/**") at C:\Program Files\dotnet\sdk\10.0.101\Sdks\Microsoft.NET.Sdk\targets\Microsoft.NET.Sdk.DefaultItems.targets (35,5)
       C:\Program Files\dotnet\sdk\10.0.101\Sdks\Microsoft.NET.Sdk\targets\Microsoft.NET.Sdk.DefaultItems.targets(37,5): message : Property reassignment: $(DefaultItemExcludes)=";**\node_modules\**;node_modules\**;**\jspm_packages\**;jspm_packages\**;**\bower_components\**;bower_components\**;**\packages.lock.json;bin\Debug\/**;obj\Debug\/**;bin\/**;obj\/**" (previous value: ";**\node_modules\**;node_modules\**;**\jspm_packages\**;jspm_packages\**;**\bower_components\**;bower_components\**;**\packages.lock.json;bin\Debug\/**;obj\Debug\/**;bin\/**") at C:\Program Files\dotnet\sdk\10.0.101\Sdks\Microsoft.NET.Sdk\targets\Microsoft.NET.Sdk.DefaultItems.targets (37,5)
       C:\Program Files\dotnet\sdk\10.0.101\Sdks\Microsoft.NET.Sdk\targets\Microsoft.NET.Sdk.DefaultItems.targets(40,5): message : Property reassignment: $(DefaultItemExcludes)=";**\node_modules\**;node_modules\**;**\jspm_packages\**;jspm_packages\**;**\bower_components\**;bower_components\**;**\packages.lock.json;bin\Debug\/**;obj\Debug\/**;bin\/**;obj\/**;**/*.user" (previous value: ";**\node_modules\**;node_modules\**;**\jspm_packages\**;jspm_packages\**;**\bower_components\**;bower_components\**;**\packages.lock.json;bin\Debug\/**;obj\Debug\/**;bin\/**;obj\/**") at C:\Program Files\dotnet\sdk\10.0.101\Sdks\Microsoft.NET.Sdk\targets\Microsoft.NET.Sdk.DefaultItems.targets (40,5)
       C:\Program Files\dotnet\sdk\10.0.101\Sdks\Microsoft.NET.Sdk\targets\Microsoft.NET.Sdk.DefaultItems.targets(41,5): message : Property reassignment: $(DefaultItemExcludes)=";**\node_modules\**;node_modules\**;**\jspm_packages\**;jspm_packages\**;**\bower_components\**;bower_components\**;**\packages.lock.json;bin\Debug\/**;obj\Debug\/**;bin\/**;obj\/**;**/*.user;**/*.*proj" (previous value: ";**\node_modules\**;node_modules\**;**\jspm_packages\**;jspm_packages\**;**\bower_components\**;bower_components\**;**\packages.lock.json;bin\Debug\/**;obj\Debug\/**;bin\/**;obj\/**;**/*.user") at C:\Program Files\dotnet\sdk\10.0.101\Sdks\Microsoft.NET.Sdk\targets\Microsoft.NET.Sdk.DefaultItems.targets (41,5)
       C:\Program Files\dotnet\sdk\10.0.101\Sdks\Microsoft.NET.Sdk\targets\Microsoft.NET.Sdk.DefaultItems.targets(42,5): message : Property reassignment: $(DefaultItemExcludes)=";**\node_modules\**;node_modules\**;**\jspm_packages\**;jspm_packages\**;**\bower_components\**;bower_components\**;**\packages.lock.json;bin\Debug\/**;obj\Debug\/**;bin\/**;obj\/**;**/*.user;**/*.*proj;**/*.sln" (previous value: ";**\node_modules\**;node_modules\**;**\jspm_packages\**;jspm_packages\**;**\bower_components\**;bower_components\**;**\packages.lock.json;bin\Debug\/**;obj\Debug\/**;bin\/**;obj\/**;**/*.user;**/*.*proj") at C:\Program Files\dotnet\sdk\10.0.101\Sdks\Microsoft.NET.Sdk\targets\Microsoft.NET.Sdk.DefaultItems.targets (42,5)
       C:\Program Files\dotnet\sdk\10.0.101\Sdks\Microsoft.NET.Sdk\targets\Microsoft.NET.Sdk.DefaultItems.targets(43,5): message : Property reassignment: $(DefaultItemExcludes)=";**\node_modules\**;node_modules\**;**\jspm_packages\**;jspm_packages\**;**\bower_components\**;bower_components\**;**\packages.lock.json;bin\Debug\/**;obj\Debug\/**;bin\/**;obj\/**;**/*.user;**/*.*proj;**/*.sln;**/*.slnx" (previous value: ";**\node_modules\**;node_modules\**;**\jspm_packages\**;jspm_packages\**;**\bower_components\**;bower_components\**;**\packages.lock.json;bin\Debug\/**;obj\Debug\/**;bin\/**;obj\/**;**/*.user;**/*.*proj;**/*.sln") at C:\Program Files\dotnet\sdk\10.0.101\Sdks\Microsoft.NET.Sdk\targets\Microsoft.NET.Sdk.DefaultItems.targets (43,5)
       C:\Program Files\dotnet\sdk\10.0.101\Sdks\Microsoft.NET.Sdk\targets\Microsoft.NET.Sdk.DefaultItems.targets(44,5): message : Property reassignment: $(DefaultItemExcludes)=";**\node_modules\**;node_modules\**;**\jspm_packages\**;jspm_packages\**;**\bower_components\**;bower_components\**;**\packages.lock.json;bin\Debug\/**;obj\Debug\/**;bin\/**;obj\/**;**/*.user;**/*.*proj;**/*.sln;**/*.slnx;**/*.vssscc" (previous value: ";**\node_modules\**;node_modules\**;**\jspm_packages\**;jspm_packages\**;**\bower_components\**;bower_components\**;**\packages.lock.json;bin\Debug\/**;obj\Debug\/**;bin\/**;obj\/**;**/*.user;**/*.*proj;**/*.sln;**/*.slnx") at C:\Program Files\dotnet\sdk\10.0.101\Sdks\Microsoft.NET.Sdk\targets\Microsoft.NET.Sdk.DefaultItems.targets (44,5)
       C:\Program Files\dotnet\sdk\10.0.101\Sdks\Microsoft.NET.Sdk\targets\Microsoft.NET.Sdk.DefaultItems.targets(45,5): message : Property reassignment: $(DefaultItemExcludes)=";**\node_modules\**;node_modules\**;**\jspm_packages\**;jspm_packages\**;**\bower_components\**;bower_components\**;**\packages.lock.json;bin\Debug\/**;obj\Debug\/**;bin\/**;obj\/**;**/*.user;**/*.*proj;**/*.sln;**/*.slnx;**/*.vssscc;**/.DS_Store" (previous value: ";**\node_modules\**;node_modules\**;**\jspm_packages\**;jspm_packages\**;**\bower_components\**;bower_components\**;**\packages.lock.json;bin\Debug\/**;obj\Debug\/**;bin\/**;obj\/**;**/*.user;**/*.*proj;**/*.sln;**/*.slnx;**/*.vssscc") at C:\Program Files\dotnet\sdk\10.0.101\Sdks\Microsoft.NET.Sdk\targets\Microsoft.NET.Sdk.DefaultItems.targets (45,5)
       C:\Program Files\dotnet\sdk\10.0.101\Sdks\Microsoft.NET.Sdk\targets\Microsoft.NET.Sdk.FrameworkReferenceResolution.targets(14,5): message : Property reassignment: $(ResolveAssemblyReferencesDependsOn)="
       C:\Program Files\dotnet\sdk\10.0.101\Sdks\Microsoft.NET.Sdk\targets\Microsoft.NET.Sdk.FrameworkReferenceResolution.targets(14,5): message :       
       C:\Program Files\dotnet\sdk\10.0.101\Sdks\Microsoft.NET.Sdk\targets\Microsoft.NET.Sdk.FrameworkReferenceResolution.targets(14,5): message :       
       C:\Program Files\dotnet\sdk\10.0.101\Sdks\Microsoft.NET.Sdk\targets\Microsoft.NET.Sdk.FrameworkReferenceResolution.targets(14,5): message :       ResolveProjectReferences;
       C:\Program Files\dotnet\sdk\10.0.101\Sdks\Microsoft.NET.Sdk\targets\Microsoft.NET.Sdk.FrameworkReferenceResolution.targets(14,5): message :       FindInvalidProjectReferences;
       C:\Program Files\dotnet\sdk\10.0.101\Sdks\Microsoft.NET.Sdk\targets\Microsoft.NET.Sdk.FrameworkReferenceResolution.targets(14,5): message :       GetFrameworkPaths;
       C:\Program Files\dotnet\sdk\10.0.101\Sdks\Microsoft.NET.Sdk\targets\Microsoft.NET.Sdk.FrameworkReferenceResolution.targets(14,5): message :       GetReferenceAssemblyPaths;
       C:\Program Files\dotnet\sdk\10.0.101\Sdks\Microsoft.NET.Sdk\targets\Microsoft.NET.Sdk.FrameworkReferenceResolution.targets(14,5): message :       PrepareForBuild;
       C:\Program Files\dotnet\sdk\10.0.101\Sdks\Microsoft.NET.Sdk\targets\Microsoft.NET.Sdk.FrameworkReferenceResolution.targets(14,5): message :       ResolveSDKReferences;
       C:\Program Files\dotnet\sdk\10.0.101\Sdks\Microsoft.NET.Sdk\targets\Microsoft.NET.Sdk.FrameworkReferenceResolution.targets(14,5): message :       ExpandSDKReferences;
       C:\Program Files\dotnet\sdk\10.0.101\Sdks\Microsoft.NET.Sdk\targets\Microsoft.NET.Sdk.FrameworkReferenceResolution.targets(14,5): message :     ;
       C:\Program Files\dotnet\sdk\10.0.101\Sdks\Microsoft.NET.Sdk\targets\Microsoft.NET.Sdk.FrameworkReferenceResolution.targets(14,5): message :       ResolvePackageDependenciesForBuild;
       C:\Program Files\dotnet\sdk\10.0.101\Sdks\Microsoft.NET.Sdk\targets\Microsoft.NET.Sdk.FrameworkReferenceResolution.targets(14,5): message :       _HandlePackageFileConflicts;
       C:\Program Files\dotnet\sdk\10.0.101\Sdks\Microsoft.NET.Sdk\targets\Microsoft.NET.Sdk.FrameworkReferenceResolution.targets(14,5): message :     ;
       C:\Program Files\dotnet\sdk\10.0.101\Sdks\Microsoft.NET.Sdk\targets\Microsoft.NET.Sdk.FrameworkReferenceResolution.targets(14,5): message :       ResolveTargetingPackAssets;
       C:\Program Files\dotnet\sdk\10.0.101\Sdks\Microsoft.NET.Sdk\targets\Microsoft.NET.Sdk.FrameworkReferenceResolution.targets(14,5): message :     " (previous value: "
       C:\Program Files\dotnet\sdk\10.0.101\Sdks\Microsoft.NET.Sdk\targets\Microsoft.NET.Sdk.FrameworkReferenceResolution.targets(14,5): message :       
       C:\Program Files\dotnet\sdk\10.0.101\Sdks\Microsoft.NET.Sdk\targets\Microsoft.NET.Sdk.FrameworkReferenceResolution.targets(14,5): message :       ResolveProjectReferences;
       C:\Program Files\dotnet\sdk\10.0.101\Sdks\Microsoft.NET.Sdk\targets\Microsoft.NET.Sdk.FrameworkReferenceResolution.targets(14,5): message :       FindInvalidProjectReferences;
       C:\Program Files\dotnet\sdk\10.0.101\Sdks\Microsoft.NET.Sdk\targets\Microsoft.NET.Sdk.FrameworkReferenceResolution.targets(14,5): message :       GetFrameworkPaths;
       C:\Program Files\dotnet\sdk\10.0.101\Sdks\Microsoft.NET.Sdk\targets\Microsoft.NET.Sdk.FrameworkReferenceResolution.targets(14,5): message :       GetReferenceAssemblyPaths;
       C:\Program Files\dotnet\sdk\10.0.101\Sdks\Microsoft.NET.Sdk\targets\Microsoft.NET.Sdk.FrameworkReferenceResolution.targets(14,5): message :       PrepareForBuild;
       C:\Program Files\dotnet\sdk\10.0.101\Sdks\Microsoft.NET.Sdk\targets\Microsoft.NET.Sdk.FrameworkReferenceResolution.targets(14,5): message :       ResolveSDKReferences;
       C:\Program Files\dotnet\sdk\10.0.101\Sdks\Microsoft.NET.Sdk\targets\Microsoft.NET.Sdk.FrameworkReferenceResolution.targets(14,5): message :       ExpandSDKReferences;
       C:\Program Files\dotnet\sdk\10.0.101\Sdks\Microsoft.NET.Sdk\targets\Microsoft.NET.Sdk.FrameworkReferenceResolution.targets(14,5): message :     ;
       C:\Program Files\dotnet\sdk\10.0.101\Sdks\Microsoft.NET.Sdk\targets\Microsoft.NET.Sdk.FrameworkReferenceResolution.targets(14,5): message :       ResolvePackageDependenciesForBuild;
       C:\Program Files\dotnet\sdk\10.0.101\Sdks\Microsoft.NET.Sdk\targets\Microsoft.NET.Sdk.FrameworkReferenceResolution.targets(14,5): message :       _HandlePackageFileConflicts;
       C:\Program Files\dotnet\sdk\10.0.101\Sdks\Microsoft.NET.Sdk\targets\Microsoft.NET.Sdk.FrameworkReferenceResolution.targets(14,5): message :     ") at C:\Program Files\dotnet\sdk\10.0.101\Sdks\Microsoft.NET.Sdk\targets\Microsoft.NET.Sdk.FrameworkReferenceResolution.targets (14,5)
       C:\Program Files\dotnet\sdk\10.0.101\Sdks\Microsoft.NET.Sdk\targets\Microsoft.NET.Sdk.targets(44,5): message : Property reassignment: $(_GenerateRuntimeConfigurationPropertyInputsCache)="c:\krishna mini project\backend\InternalExamScrutinySystem.Api\obj\Debug\net8.0\InternalExamScrutinySystem.Api.genruntimeconfig.cache" (previous value: "obj\Debug\net8.0\InternalExamScrutinySystem.Api.genruntimeconfig.cache") at C:\Program Files\dotnet\sdk\10.0.101\Sdks\Microsoft.NET.Sdk\targets\Microsoft.NET.Sdk.targets (44,5)
       C:\Program Files\dotnet\sdk\10.0.101\Sdks\Microsoft.NET.Sdk\targets\Microsoft.NET.Sdk.targets(46,5): message : Property reassignment: $(_GeneratePublishDependencyFilePropertyInputsCache)="c:\krishna mini project\backend\InternalExamScrutinySystem.Api\obj\Debug\net8.0\InternalExamScrutinySystem.Api.genpublishdeps.cache" (previous value: "obj\Debug\net8.0\InternalExamScrutinySystem.Api.genpublishdeps.cache") at C:\Program Files\dotnet\sdk\10.0.101\Sdks\Microsoft.NET.Sdk\targets\Microsoft.NET.Sdk.targets (46,5)
       C:\Program Files\dotnet\sdk\10.0.101\Sdks\Microsoft.NET.Sdk\targets\Microsoft.NET.Sdk.targets(48,5): message : Property reassignment: $(_GenerateSingleFileBundlePropertyInputsCache)="c:\krishna mini project\backend\InternalExamScrutinySystem.Api\obj\Debug\net8.0\InternalExamScrutinySystem.Api.genbundle.cache" (previous value: "obj\Debug\net8.0\InternalExamScrutinySystem.Api.genbundle.cache") at C:\Program Files\dotnet\sdk\10.0.101\Sdks\Microsoft.NET.Sdk\targets\Microsoft.NET.Sdk.targets (48,5)
       C:\Program Files\dotnet\sdk\10.0.101\Sdks\Microsoft.NET.Sdk\targets\Microsoft.NET.Sdk.targets(81,5): message : Property reassignment: $(GenerateRuntimeConfigDevFile)="false" (previous value: "true") at C:\Program Files\dotnet\sdk\10.0.101\Sdks\Microsoft.NET.Sdk\targets\Microsoft.NET.Sdk.targets (81,5)
       C:\Program Files\dotnet\sdk\10.0.101\Sdks\Microsoft.NET.Sdk\targets\Microsoft.NET.Sdk.targets(98,5): message : Property 'USERPROFILE' with value 'C:\Users\MUKHIL' expanded from the environment.
       C:\Program Files\dotnet\sdk\10.0.101\Sdks\Microsoft.NET.Sdk\targets\Microsoft.NET.Sdk.targets(98,5): message : Property reassignment: $(_DefaultUserProfileRuntimeStorePath)="C:\Users\MUKHIL" (previous value: "") at C:\Program Files\dotnet\sdk\10.0.101\Sdks\Microsoft.NET.Sdk\targets\Microsoft.NET.Sdk.targets (98,5)
       C:\Program Files\dotnet\sdk\10.0.101\Sdks\Microsoft.NET.Sdk\targets\Microsoft.NET.Sdk.targets(99,5): message : Property reassignment: $(_DefaultUserProfileRuntimeStorePath)="C:\Users\MUKHIL\.dotnet\store" (previous value: "C:\Users\MUKHIL") at C:\Program Files\dotnet\sdk\10.0.101\Sdks\Microsoft.NET.Sdk\targets\Microsoft.NET.Sdk.targets (99,5)
       C:\Program Files\dotnet\sdk\10.0.101\Sdks\Microsoft.NET.Sdk\targets\Microsoft.NET.Sdk.targets(144,5): message : Property reassignment: $(AvailablePlatforms)="Any CPU,x86,x64,ARM32" (previous value: "Any CPU,x86,x64") at C:\Program Files\dotnet\sdk\10.0.101\Sdks\Microsoft.NET.Sdk\targets\Microsoft.NET.Sdk.targets (144,5)
       C:\Program Files\dotnet\sdk\10.0.101\Sdks\Microsoft.NET.Sdk\targets\Microsoft.NET.Sdk.targets(148,5): message : Property reassignment: $(AvailablePlatforms)="Any CPU,x86,x64,ARM32,ARM64" (previous value: "Any CPU,x86,x64,ARM32") at C:\Program Files\dotnet\sdk\10.0.101\Sdks\Microsoft.NET.Sdk\targets\Microsoft.NET.Sdk.targets (148,5)
       C:\Program Files\dotnet\sdk\10.0.101\Sdks\Microsoft.NET.Sdk\targets\Microsoft.NET.Sdk.targets(204,5): message : Property reassignment: $(CoreBuildDependsOn)="
       C:\Program Files\dotnet\sdk\10.0.101\Sdks\Microsoft.NET.Sdk\targets\Microsoft.NET.Sdk.targets(204,5): message :       _CheckForBuildWithNoBuild;
       C:\Program Files\dotnet\sdk\10.0.101\Sdks\Microsoft.NET.Sdk\targets\Microsoft.NET.Sdk.targets(204,5): message :       
       C:\Program Files\dotnet\sdk\10.0.101\Sdks\Microsoft.NET.Sdk\targets\Microsoft.NET.Sdk.targets(204,5): message :       BuildOnlySettings;
       C:\Program Files\dotnet\sdk\10.0.101\Sdks\Microsoft.NET.Sdk\targets\Microsoft.NET.Sdk.targets(204,5): message :       PrepareForBuild;
       C:\Program Files\dotnet\sdk\10.0.101\Sdks\Microsoft.NET.Sdk\targets\Microsoft.NET.Sdk.targets(204,5): message :       PreBuildEvent;
       C:\Program Files\dotnet\sdk\10.0.101\Sdks\Microsoft.NET.Sdk\targets\Microsoft.NET.Sdk.targets(204,5): message :       ResolveReferences;
       C:\Program Files\dotnet\sdk\10.0.101\Sdks\Microsoft.NET.Sdk\targets\Microsoft.NET.Sdk.targets(204,5): message :       PrepareResources;
       C:\Program Files\dotnet\sdk\10.0.101\Sdks\Microsoft.NET.Sdk\targets\Microsoft.NET.Sdk.targets(204,5): message :       ResolveKeySource;
       C:\Program Files\dotnet\sdk\10.0.101\Sdks\Microsoft.NET.Sdk\targets\Microsoft.NET.Sdk.targets(204,5): message :       Compile;
       C:\Program Files\dotnet\sdk\10.0.101\Sdks\Microsoft.NET.Sdk\targets\Microsoft.NET.Sdk.targets(204,5): message :       ExportWindowsMDFile;
       C:\Program Files\dotnet\sdk\10.0.101\Sdks\Microsoft.NET.Sdk\targets\Microsoft.NET.Sdk.targets(204,5): message :       UnmanagedUnregistration;
       C:\Program Files\dotnet\sdk\10.0.101\Sdks\Microsoft.NET.Sdk\targets\Microsoft.NET.Sdk.targets(204,5): message :       GenerateSerializationAssemblies;
       C:\Program Files\dotnet\sdk\10.0.101\Sdks\Microsoft.NET.Sdk\targets\Microsoft.NET.Sdk.targets(204,5): message :       CreateSatelliteAssemblies;
       C:\Program Files\dotnet\sdk\10.0.101\Sdks\Microsoft.NET.Sdk\targets\Microsoft.NET.Sdk.targets(204,5): message :       GenerateManifests;
       C:\Program Files\dotnet\sdk\10.0.101\Sdks\Microsoft.NET.Sdk\targets\Microsoft.NET.Sdk.targets(204,5): message :       GetTargetPath;
       C:\Program Files\dotnet\sdk\10.0.101\Sdks\Microsoft.NET.Sdk\targets\Microsoft.NET.Sdk.targets(204,5): message :       PrepareForRun;
       C:\Program Files\dotnet\sdk\10.0.101\Sdks\Microsoft.NET.Sdk\targets\Microsoft.NET.Sdk.targets(204,5): message :       UnmanagedRegistration;
       C:\Program Files\dotnet\sdk\10.0.101\Sdks\Microsoft.NET.Sdk\targets\Microsoft.NET.Sdk.targets(204,5): message :       IncrementalClean;
       C:\Program Files\dotnet\sdk\10.0.101\Sdks\Microsoft.NET.Sdk\targets\Microsoft.NET.Sdk.targets(204,5): message :       PostBuildEvent
       C:\Program Files\dotnet\sdk\10.0.101\Sdks\Microsoft.NET.Sdk\targets\Microsoft.NET.Sdk.targets(204,5): message :     ;
       C:\Program Files\dotnet\sdk\10.0.101\Sdks\Microsoft.NET.Sdk\targets\Microsoft.NET.Sdk.targets(204,5): message :       GenerateBuildDependencyFile;
       C:\Program Files\dotnet\sdk\10.0.101\Sdks\Microsoft.NET.Sdk\targets\Microsoft.NET.Sdk.targets(204,5): message :       GenerateBuildRuntimeConfigurationFiles
       C:\Program Files\dotnet\sdk\10.0.101\Sdks\Microsoft.NET.Sdk\targets\Microsoft.NET.Sdk.targets(204,5): message :     " (previous value: "
       C:\Program Files\dotnet\sdk\10.0.101\Sdks\Microsoft.NET.Sdk\targets\Microsoft.NET.Sdk.targets(204,5): message :       BuildOnlySettings;
       C:\Program Files\dotnet\sdk\10.0.101\Sdks\Microsoft.NET.Sdk\targets\Microsoft.NET.Sdk.targets(204,5): message :       PrepareForBuild;
       C:\Program Files\dotnet\sdk\10.0.101\Sdks\Microsoft.NET.Sdk\targets\Microsoft.NET.Sdk.targets(204,5): message :       PreBuildEvent;
       C:\Program Files\dotnet\sdk\10.0.101\Sdks\Microsoft.NET.Sdk\targets\Microsoft.NET.Sdk.targets(204,5): message :       ResolveReferences;
       C:\Program Files\dotnet\sdk\10.0.101\Sdks\Microsoft.NET.Sdk\targets\Microsoft.NET.Sdk.targets(204,5): message :       PrepareResources;
       C:\Program Files\dotnet\sdk\10.0.101\Sdks\Microsoft.NET.Sdk\targets\Microsoft.NET.Sdk.targets(204,5): message :       ResolveKeySource;
       C:\Program Files\dotnet\sdk\10.0.101\Sdks\Microsoft.NET.Sdk\targets\Microsoft.NET.Sdk.targets(204,5): message :       Compile;
       C:\Program Files\dotnet\sdk\10.0.101\Sdks\Microsoft.NET.Sdk\targets\Microsoft.NET.Sdk.targets(204,5): message :       ExportWindowsMDFile;
       C:\Program Files\dotnet\sdk\10.0.101\Sdks\Microsoft.NET.Sdk\targets\Microsoft.NET.Sdk.targets(204,5): message :       UnmanagedUnregistration;
       C:\Program Files\dotnet\sdk\10.0.101\Sdks\Microsoft.NET.Sdk\targets\Microsoft.NET.Sdk.targets(204,5): message :       GenerateSerializationAssemblies;
       C:\Program Files\dotnet\sdk\10.0.101\Sdks\Microsoft.NET.Sdk\targets\Microsoft.NET.Sdk.targets(204,5): message :       CreateSatelliteAssemblies;
       C:\Program Files\dotnet\sdk\10.0.101\Sdks\Microsoft.NET.Sdk\targets\Microsoft.NET.Sdk.targets(204,5): message :       GenerateManifests;
       C:\Program Files\dotnet\sdk\10.0.101\Sdks\Microsoft.NET.Sdk\targets\Microsoft.NET.Sdk.targets(204,5): message :       GetTargetPath;
       C:\Program Files\dotnet\sdk\10.0.101\Sdks\Microsoft.NET.Sdk\targets\Microsoft.NET.Sdk.targets(204,5): message :       PrepareForRun;
       C:\Program Files\dotnet\sdk\10.0.101\Sdks\Microsoft.NET.Sdk\targets\Microsoft.NET.Sdk.targets(204,5): message :       UnmanagedRegistration;
       C:\Program Files\dotnet\sdk\10.0.101\Sdks\Microsoft.NET.Sdk\targets\Microsoft.NET.Sdk.targets(204,5): message :       IncrementalClean;
       C:\Program Files\dotnet\sdk\10.0.101\Sdks\Microsoft.NET.Sdk\targets\Microsoft.NET.Sdk.targets(204,5): message :       PostBuildEvent
       C:\Program Files\dotnet\sdk\10.0.101\Sdks\Microsoft.NET.Sdk\targets\Microsoft.NET.Sdk.targets(204,5): message :     ") at C:\Program Files\dotnet\sdk\10.0.101\Sdks\Microsoft.NET.Sdk\targets\Microsoft.NET.Sdk.targets (204,5)
       C:\Program Files\dotnet\sdk\10.0.101\Sdks\Microsoft.NET.Sdk\targets\Microsoft.NET.Sdk.targets(213,5): message : Property reassignment: $(CoreCleanDependsOn)="
       C:\Program Files\dotnet\sdk\10.0.101\Sdks\Microsoft.NET.Sdk\targets\Microsoft.NET.Sdk.targets(213,5): message :       _SdkBeforeClean;
       C:\Program Files\dotnet\sdk\10.0.101\Sdks\Microsoft.NET.Sdk\targets\Microsoft.NET.Sdk.targets(213,5): message :       
       C:\Program Files\dotnet\sdk\10.0.101\Sdks\Microsoft.NET.Sdk\targets\Microsoft.NET.Sdk.targets(213,5): message :     " (previous value: "") at C:\Program Files\dotnet\sdk\10.0.101\Sdks\Microsoft.NET.Sdk\targets\Microsoft.NET.Sdk.targets (213,5)
       C:\Program Files\dotnet\sdk\10.0.101\Sdks\Microsoft.NET.Sdk\targets\Microsoft.NET.Sdk.targets(220,5): message : Property reassignment: $(RebuildDependsOn)="
       C:\Program Files\dotnet\sdk\10.0.101\Sdks\Microsoft.NET.Sdk\targets\Microsoft.NET.Sdk.targets(220,5): message :       _SdkBeforeRebuild;
       C:\Program Files\dotnet\sdk\10.0.101\Sdks\Microsoft.NET.Sdk\targets\Microsoft.NET.Sdk.targets(220,5): message :       
       C:\Program Files\dotnet\sdk\10.0.101\Sdks\Microsoft.NET.Sdk\targets\Microsoft.NET.Sdk.targets(220,5): message :       BeforeRebuild;
       C:\Program Files\dotnet\sdk\10.0.101\Sdks\Microsoft.NET.Sdk\targets\Microsoft.NET.Sdk.targets(220,5): message :       Clean;
       C:\Program Files\dotnet\sdk\10.0.101\Sdks\Microsoft.NET.Sdk\targets\Microsoft.NET.Sdk.targets(220,5): message :       Build;
       C:\Program Files\dotnet\sdk\10.0.101\Sdks\Microsoft.NET.Sdk\targets\Microsoft.NET.Sdk.targets(220,5): message :       AfterRebuild;
       C:\Program Files\dotnet\sdk\10.0.101\Sdks\Microsoft.NET.Sdk\targets\Microsoft.NET.Sdk.targets(220,5): message :     
       C:\Program Files\dotnet\sdk\10.0.101\Sdks\Microsoft.NET.Sdk\targets\Microsoft.NET.Sdk.targets(220,5): message :     " (previous value: "
       C:\Program Files\dotnet\sdk\10.0.101\Sdks\Microsoft.NET.Sdk\targets\Microsoft.NET.Sdk.targets(220,5): message :       BeforeRebuild;
       C:\Program Files\dotnet\sdk\10.0.101\Sdks\Microsoft.NET.Sdk\targets\Microsoft.NET.Sdk.targets(220,5): message :       Clean;
       C:\Program Files\dotnet\sdk\10.0.101\Sdks\Microsoft.NET.Sdk\targets\Microsoft.NET.Sdk.targets(220,5): message :       Build;
       C:\Program Files\dotnet\sdk\10.0.101\Sdks\Microsoft.NET.Sdk\targets\Microsoft.NET.Sdk.targets(220,5): message :       AfterRebuild;
       C:\Program Files\dotnet\sdk\10.0.101\Sdks\Microsoft.NET.Sdk\targets\Microsoft.NET.Sdk.targets(220,5): message :     ") at C:\Program Files\dotnet\sdk\10.0.101\Sdks\Microsoft.NET.Sdk\targets\Microsoft.NET.Sdk.targets (220,5)
       C:\Program Files\dotnet\sdk\10.0.101\Sdks\Microsoft.NET.Sdk\targets\Microsoft.NET.Sdk.targets(799,5): message : Property reassignment: $(CompileDependsOn)="
       C:\Program Files\dotnet\sdk\10.0.101\Sdks\Microsoft.NET.Sdk\targets\Microsoft.NET.Sdk.targets(799,5): message :       
       C:\Program Files\dotnet\sdk\10.0.101\Sdks\Microsoft.NET.Sdk\targets\Microsoft.NET.Sdk.targets(799,5): message :       ResolveReferences;
       C:\Program Files\dotnet\sdk\10.0.101\Sdks\Microsoft.NET.Sdk\targets\Microsoft.NET.Sdk.targets(799,5): message :       ResolveKeySource;
       C:\Program Files\dotnet\sdk\10.0.101\Sdks\Microsoft.NET.Sdk\targets\Microsoft.NET.Sdk.targets(799,5): message :       SetWin32ManifestProperties;
       C:\Program Files\dotnet\sdk\10.0.101\Sdks\Microsoft.NET.Sdk\targets\Microsoft.NET.Sdk.targets(799,5): message :       _SetPreferNativeArm64Win32ManifestProperties;
       C:\Program Files\dotnet\sdk\10.0.101\Sdks\Microsoft.NET.Sdk\targets\Microsoft.NET.Sdk.targets(799,5): message :       FindReferenceAssembliesForReferences;
       C:\Program Files\dotnet\sdk\10.0.101\Sdks\Microsoft.NET.Sdk\targets\Microsoft.NET.Sdk.targets(799,5): message :       _GenerateCompileInputs;
       C:\Program Files\dotnet\sdk\10.0.101\Sdks\Microsoft.NET.Sdk\targets\Microsoft.NET.Sdk.targets(799,5): message :       BeforeCompile;
       C:\Program Files\dotnet\sdk\10.0.101\Sdks\Microsoft.NET.Sdk\targets\Microsoft.NET.Sdk.targets(799,5): message :       _TimeStampBeforeCompile;
       C:\Program Files\dotnet\sdk\10.0.101\Sdks\Microsoft.NET.Sdk\targets\Microsoft.NET.Sdk.targets(799,5): message :       _GenerateCompileDependencyCache;
       C:\Program Files\dotnet\sdk\10.0.101\Sdks\Microsoft.NET.Sdk\targets\Microsoft.NET.Sdk.targets(799,5): message :       CoreCompile;
       C:\Program Files\dotnet\sdk\10.0.101\Sdks\Microsoft.NET.Sdk\targets\Microsoft.NET.Sdk.targets(799,5): message :       _TimeStampAfterCompile;
       C:\Program Files\dotnet\sdk\10.0.101\Sdks\Microsoft.NET.Sdk\targets\Microsoft.NET.Sdk.targets(799,5): message :       AfterCompile;
       C:\Program Files\dotnet\sdk\10.0.101\Sdks\Microsoft.NET.Sdk\targets\Microsoft.NET.Sdk.targets(799,5): message :     ;
       C:\Program Files\dotnet\sdk\10.0.101\Sdks\Microsoft.NET.Sdk\targets\Microsoft.NET.Sdk.targets(799,5): message :       _CreateAppHost;
       C:\Program Files\dotnet\sdk\10.0.101\Sdks\Microsoft.NET.Sdk\targets\Microsoft.NET.Sdk.targets(799,5): message :       _CreateComHost;
       C:\Program Files\dotnet\sdk\10.0.101\Sdks\Microsoft.NET.Sdk\targets\Microsoft.NET.Sdk.targets(799,5): message :       _GetIjwHostPaths;
       C:\Program Files\dotnet\sdk\10.0.101\Sdks\Microsoft.NET.Sdk\targets\Microsoft.NET.Sdk.targets(799,5): message :     " (previous value: "
       C:\Program Files\dotnet\sdk\10.0.101\Sdks\Microsoft.NET.Sdk\targets\Microsoft.NET.Sdk.targets(799,5): message :       ResolveReferences;
       C:\Program Files\dotnet\sdk\10.0.101\Sdks\Microsoft.NET.Sdk\targets\Microsoft.NET.Sdk.targets(799,5): message :       ResolveKeySource;
       C:\Program Files\dotnet\sdk\10.0.101\Sdks\Microsoft.NET.Sdk\targets\Microsoft.NET.Sdk.targets(799,5): message :       SetWin32ManifestProperties;
       C:\Program Files\dotnet\sdk\10.0.101\Sdks\Microsoft.NET.Sdk\targets\Microsoft.NET.Sdk.targets(799,5): message :       _SetPreferNativeArm64Win32ManifestProperties;
       C:\Program Files\dotnet\sdk\10.0.101\Sdks\Microsoft.NET.Sdk\targets\Microsoft.NET.Sdk.targets(799,5): message :       FindReferenceAssembliesForReferences;
       C:\Program Files\dotnet\sdk\10.0.101\Sdks\Microsoft.NET.Sdk\targets\Microsoft.NET.Sdk.targets(799,5): message :       _GenerateCompileInputs;
       C:\Program Files\dotnet\sdk\10.0.101\Sdks\Microsoft.NET.Sdk\targets\Microsoft.NET.Sdk.targets(799,5): message :       BeforeCompile;
       C:\Program Files\dotnet\sdk\10.0.101\Sdks\Microsoft.NET.Sdk\targets\Microsoft.NET.Sdk.targets(799,5): message :       _TimeStampBeforeCompile;
       C:\Program Files\dotnet\sdk\10.0.101\Sdks\Microsoft.NET.Sdk\targets\Microsoft.NET.Sdk.targets(799,5): message :       _GenerateCompileDependencyCache;
       C:\Program Files\dotnet\sdk\10.0.101\Sdks\Microsoft.NET.Sdk\targets\Microsoft.NET.Sdk.targets(799,5): message :       CoreCompile;
       C:\Program Files\dotnet\sdk\10.0.101\Sdks\Microsoft.NET.Sdk\targets\Microsoft.NET.Sdk.targets(799,5): message :       _TimeStampAfterCompile;
       C:\Program Files\dotnet\sdk\10.0.101\Sdks\Microsoft.NET.Sdk\targets\Microsoft.NET.Sdk.targets(799,5): message :       AfterCompile;
       C:\Program Files\dotnet\sdk\10.0.101\Sdks\Microsoft.NET.Sdk\targets\Microsoft.NET.Sdk.targets(799,5): message :     ") at C:\Program Files\dotnet\sdk\10.0.101\Sdks\Microsoft.NET.Sdk\targets\Microsoft.NET.Sdk.targets (799,5)
       C:\Program Files\dotnet\sdk\10.0.101\Sdks\Microsoft.NET.Sdk\targets\Microsoft.NET.Sdk.targets(1131,5): message : Property reassignment: $(CreateSatelliteAssembliesDependsOn)="
       C:\Program Files\dotnet\sdk\10.0.101\Sdks\Microsoft.NET.Sdk\targets\Microsoft.NET.Sdk.targets(1131,5): message :       
       C:\Program Files\dotnet\sdk\10.0.101\Sdks\Microsoft.NET.Sdk\targets\Microsoft.NET.Sdk.targets(1131,5): message :       ;
       C:\Program Files\dotnet\sdk\10.0.101\Sdks\Microsoft.NET.Sdk\targets\Microsoft.NET.Sdk.targets(1131,5): message :       _GenerateSatelliteAssemblyInputs;
       C:\Program Files\dotnet\sdk\10.0.101\Sdks\Microsoft.NET.Sdk\targets\Microsoft.NET.Sdk.targets(1131,5): message :       ComputeIntermediateSatelliteAssemblies;
       C:\Program Files\dotnet\sdk\10.0.101\Sdks\Microsoft.NET.Sdk\targets\Microsoft.NET.Sdk.targets(1131,5): message :       GenerateSatelliteAssemblies
       C:\Program Files\dotnet\sdk\10.0.101\Sdks\Microsoft.NET.Sdk\targets\Microsoft.NET.Sdk.targets(1131,5): message :     ;
       C:\Program Files\dotnet\sdk\10.0.101\Sdks\Microsoft.NET.Sdk\targets\Microsoft.NET.Sdk.targets(1131,5): message :       CoreGenerateSatelliteAssemblies
       C:\Program Files\dotnet\sdk\10.0.101\Sdks\Microsoft.NET.Sdk\targets\Microsoft.NET.Sdk.targets(1131,5): message :     " (previous value: "
       C:\Program Files\dotnet\sdk\10.0.101\Sdks\Microsoft.NET.Sdk\targets\Microsoft.NET.Sdk.targets(1131,5): message :       ;
       C:\Program Files\dotnet\sdk\10.0.101\Sdks\Microsoft.NET.Sdk\targets\Microsoft.NET.Sdk.targets(1131,5): message :       _GenerateSatelliteAssemblyInputs;
       C:\Program Files\dotnet\sdk\10.0.101\Sdks\Microsoft.NET.Sdk\targets\Microsoft.NET.Sdk.targets(1131,5): message :       ComputeIntermediateSatelliteAssemblies;
       C:\Program Files\dotnet\sdk\10.0.101\Sdks\Microsoft.NET.Sdk\targets\Microsoft.NET.Sdk.targets(1131,5): message :       GenerateSatelliteAssemblies
       C:\Program Files\dotnet\sdk\10.0.101\Sdks\Microsoft.NET.Sdk\targets\Microsoft.NET.Sdk.targets(1131,5): message :     ") at C:\Program Files\dotnet\sdk\10.0.101\Sdks\Microsoft.NET.Sdk\targets\Microsoft.NET.Sdk.targets (1131,5)
       C:\Program Files\dotnet\sdk\10.0.101\Sdks\Microsoft.SourceLink.GitLab\build\Microsoft.SourceLink.GitLab.targets(12,5): message : Property reassignment: $(SourceLinkUrlInitializerTargets)=";_InitializeGitHubSourceLinkUrl;_InitializeGitLabSourceLinkUrl" (previous value: ";_InitializeGitHubSourceLinkUrl") at C:\Program Files\dotnet\sdk\10.0.101\Sdks\Microsoft.SourceLink.GitLab\build\Microsoft.SourceLink.GitLab.targets (12,5)
       C:\Program Files\dotnet\sdk\10.0.101\Sdks\Microsoft.SourceLink.GitLab\build\Microsoft.SourceLink.GitLab.targets(13,5): message : Property reassignment: $(SourceControlManagerUrlTranslationTargets)=";TranslateGitHubUrlsInSourceControlInformation;TranslateGitLabUrlsInSourceControlInformation" (previous value: ";TranslateGitHubUrlsInSourceControlInformation") at C:\Program Files\dotnet\sdk\10.0.101\Sdks\Microsoft.SourceLink.GitLab\build\Microsoft.SourceLink.GitLab.targets (13,5)
       C:\Program Files\dotnet\sdk\10.0.101\Sdks\Microsoft.SourceLink.AzureRepos.Git\build\Microsoft.SourceLink.AzureRepos.Git.targets(12,5): message : Property reassignment: $(SourceLinkUrlInitializerTargets)=";_InitializeGitHubSourceLinkUrl;_InitializeGitLabSourceLinkUrl;_InitializeAzureReposGitSourceLinkUrl" (previous value: ";_InitializeGitHubSourceLinkUrl;_InitializeGitLabSourceLinkUrl") at C:\Program Files\dotnet\sdk\10.0.101\Sdks\Microsoft.SourceLink.AzureRepos.Git\build\Microsoft.SourceLink.AzureRepos.Git.targets (12,5)
       C:\Program Files\dotnet\sdk\10.0.101\Sdks\Microsoft.SourceLink.AzureRepos.Git\build\Microsoft.SourceLink.AzureRepos.Git.targets(13,5): message : Property reassignment: $(SourceControlManagerUrlTranslationTargets)=";TranslateGitHubUrlsInSourceControlInformation;TranslateGitLabUrlsInSourceControlInformation;TranslateAzureReposGitUrlsInSourceControlInformation" (previous value: ";TranslateGitHubUrlsInSourceControlInformation;TranslateGitLabUrlsInSourceControlInformation") at C:\Program Files\dotnet\sdk\10.0.101\Sdks\Microsoft.SourceLink.AzureRepos.Git\build\Microsoft.SourceLink.AzureRepos.Git.targets (13,5)
       C:\Program Files\dotnet\sdk\10.0.101\Sdks\Microsoft.SourceLink.Bitbucket.Git\build\Microsoft.SourceLink.Bitbucket.Git.targets(12,5): message : Property reassignment: $(SourceLinkUrlInitializerTargets)=";_InitializeGitHubSourceLinkUrl;_InitializeGitLabSourceLinkUrl;_InitializeAzureReposGitSourceLinkUrl;_InitializeBitbucketGitSourceLinkUrl" (previous value: ";_InitializeGitHubSourceLinkUrl;_InitializeGitLabSourceLinkUrl;_InitializeAzureReposGitSourceLinkUrl") at C:\Program Files\dotnet\sdk\10.0.101\Sdks\Microsoft.SourceLink.Bitbucket.Git\build\Microsoft.SourceLink.Bitbucket.Git.targets (12,5)
       C:\Program Files\dotnet\sdk\10.0.101\Sdks\Microsoft.SourceLink.Bitbucket.Git\build\Microsoft.SourceLink.Bitbucket.Git.targets(13,5): message : Property reassignment: $(SourceControlManagerUrlTranslationTargets)=";TranslateGitHubUrlsInSourceControlInformation;TranslateGitLabUrlsInSourceControlInformation;TranslateAzureReposGitUrlsInSourceControlInformation;TranslateBitbucketGitUrlsInSourceControlInformation" (previous value: ";TranslateGitHubUrlsInSourceControlInformation;TranslateGitLabUrlsInSourceControlInformation;TranslateAzureReposGitUrlsInSourceControlInformation") at C:\Program Files\dotnet\sdk\10.0.101\Sdks\Microsoft.SourceLink.Bitbucket.Git\build\Microsoft.SourceLink.Bitbucket.Git.targets (13,5)
       C:\Program Files\dotnet\sdk\10.0.101\Sdks\Microsoft.NET.Sdk\targets\Microsoft.NET.DesignerSupport.targets(21,5): message : Property reassignment: $(DesignerRuntimeImplementationProjectOutputGroupDependsOn)="
       C:\Program Files\dotnet\sdk\10.0.101\Sdks\Microsoft.NET.Sdk\targets\Microsoft.NET.DesignerSupport.targets(21,5): message :       
       C:\Program Files\dotnet\sdk\10.0.101\Sdks\Microsoft.NET.Sdk\targets\Microsoft.NET.DesignerSupport.targets(21,5): message :       ;
       C:\Program Files\dotnet\sdk\10.0.101\Sdks\Microsoft.NET.Sdk\targets\Microsoft.NET.DesignerSupport.targets(21,5): message :       
       C:\Program Files\dotnet\sdk\10.0.101\Sdks\Microsoft.NET.Sdk\targets\Microsoft.NET.DesignerSupport.targets(21,5): message :       ;
       C:\Program Files\dotnet\sdk\10.0.101\Sdks\Microsoft.NET.Sdk\targets\Microsoft.NET.DesignerSupport.targets(21,5): message :       BuildOnlySettings;
       C:\Program Files\dotnet\sdk\10.0.101\Sdks\Microsoft.NET.Sdk\targets\Microsoft.NET.DesignerSupport.targets(21,5): message :       PrepareForBuild;
       C:\Program Files\dotnet\sdk\10.0.101\Sdks\Microsoft.NET.Sdk\targets\Microsoft.NET.DesignerSupport.targets(21,5): message :       AssignTargetPaths;
       C:\Program Files\dotnet\sdk\10.0.101\Sdks\Microsoft.NET.Sdk\targets\Microsoft.NET.DesignerSupport.targets(21,5): message :       ResolveReferences
       C:\Program Files\dotnet\sdk\10.0.101\Sdks\Microsoft.NET.Sdk\targets\Microsoft.NET.DesignerSupport.targets(21,5): message :     
       C:\Program Files\dotnet\sdk\10.0.101\Sdks\Microsoft.NET.Sdk\targets\Microsoft.NET.DesignerSupport.targets(21,5): message :     ;
       C:\Program Files\dotnet\sdk\10.0.101\Sdks\Microsoft.NET.Sdk\targets\Microsoft.NET.DesignerSupport.targets(21,5): message :       _GenerateDesignerDepsFile;
       C:\Program Files\dotnet\sdk\10.0.101\Sdks\Microsoft.NET.Sdk\targets\Microsoft.NET.DesignerSupport.targets(21,5): message :       _GenerateDesignerRuntimeConfigFile;
       C:\Program Files\dotnet\sdk\10.0.101\Sdks\Microsoft.NET.Sdk\targets\Microsoft.NET.DesignerSupport.targets(21,5): message :       GetCopyToOutputDirectoryItems;
       C:\Program Files\dotnet\sdk\10.0.101\Sdks\Microsoft.NET.Sdk\targets\Microsoft.NET.DesignerSupport.targets(21,5): message :       _GatherDesignerShadowCopyFiles;
       C:\Program Files\dotnet\sdk\10.0.101\Sdks\Microsoft.NET.Sdk\targets\Microsoft.NET.DesignerSupport.targets(21,5): message :     " (previous value: "
       C:\Program Files\dotnet\sdk\10.0.101\Sdks\Microsoft.NET.Sdk\targets\Microsoft.NET.DesignerSupport.targets(21,5): message :       ;
       C:\Program Files\dotnet\sdk\10.0.101\Sdks\Microsoft.NET.Sdk\targets\Microsoft.NET.DesignerSupport.targets(21,5): message :       
       C:\Program Files\dotnet\sdk\10.0.101\Sdks\Microsoft.NET.Sdk\targets\Microsoft.NET.DesignerSupport.targets(21,5): message :       ;
       C:\Program Files\dotnet\sdk\10.0.101\Sdks\Microsoft.NET.Sdk\targets\Microsoft.NET.DesignerSupport.targets(21,5): message :       BuildOnlySettings;
       C:\Program Files\dotnet\sdk\10.0.101\Sdks\Microsoft.NET.Sdk\targets\Microsoft.NET.DesignerSupport.targets(21,5): message :       PrepareForBuild;
       C:\Program Files\dotnet\sdk\10.0.101\Sdks\Microsoft.NET.Sdk\targets\Microsoft.NET.DesignerSupport.targets(21,5): message :       AssignTargetPaths;
       C:\Program Files\dotnet\sdk\10.0.101\Sdks\Microsoft.NET.Sdk\targets\Microsoft.NET.DesignerSupport.targets(21,5): message :       ResolveReferences
       C:\Program Files\dotnet\sdk\10.0.101\Sdks\Microsoft.NET.Sdk\targets\Microsoft.NET.DesignerSupport.targets(21,5): message :     
       C:\Program Files\dotnet\sdk\10.0.101\Sdks\Microsoft.NET.Sdk\targets\Microsoft.NET.DesignerSupport.targets(21,5): message :     ") at C:\Program Files\dotnet\sdk\10.0.101\Sdks\Microsoft.NET.Sdk\targets\Microsoft.NET.DesignerSupport.targets (21,5)
       C:\Program Files\dotnet\sdk\10.0.101\Sdks\Microsoft.NET.Sdk\targets\Microsoft.NET.Sdk.CSharp.targets(31,5): message : Property reassignment: $(DefineConstants)="TRACE;DEBUG" (previous value: "TRACE") at C:\Program Files\dotnet\sdk\10.0.101\Sdks\Microsoft.NET.Sdk\targets\Microsoft.NET.Sdk.CSharp.targets (31,5)
       C:\Program Files\dotnet\sdk\10.0.101\Sdks\Microsoft.NET.Sdk\targets\Microsoft.NET.Sdk.CSharp.targets(45,5): message : Property reassignment: $(WarningsAsErrors)=";NU1605;SYSLIB0011" (previous value: ";NU1605") at C:\Program Files\dotnet\sdk\10.0.101\Sdks\Microsoft.NET.Sdk\targets\Microsoft.NET.Sdk.CSharp.targets (45,5)
       C:\Program Files\dotnet\sdk\10.0.101\NuGet.Build.Tasks.Pack.targets(34,5): message : Property reassignment: $(PackageDescription)="Package Description" (previous value: "") at C:\Program Files\dotnet\sdk\10.0.101\NuGet.Build.Tasks.Pack.targets (34,5)
       C:\Program Files\dotnet\sdk\10.0.101\NuGet.Build.Tasks.Pack.targets(59,5): message : Property reassignment: $(GenerateNuspecDependsOn)="Build;_LoadPackInputItems; _GetTargetFrameworksOutput; _WalkEachTargetPerFramework; _GetPackageFiles; " (previous value: "_LoadPackInputItems; _GetTargetFrameworksOutput; _WalkEachTargetPerFramework; _GetPackageFiles; ") at C:\Program Files\dotnet\sdk\10.0.101\NuGet.Build.Tasks.Pack.targets (59,5)
       C:\Program Files\dotnet\sdk\10.0.101\Sdks\Microsoft.NET.Sdk\Sdk\Sdk.targets(59,5): message : Property reassignment: $(_IsNotSetContainersTargetsDir)="true" (previous value: "false") at C:\Program Files\dotnet\sdk\10.0.101\Sdks\Microsoft.NET.Sdk\Sdk\Sdk.targets (59,5)
       C:\Program Files\dotnet\sdk\10.0.101\Containers\build\Microsoft.NET.Build.Containers.targets(5,5): message : Property reassignment: $(_IsSDKContainerAllowedVersion)="true" (previous value: "false") at C:\Program Files\dotnet\sdk\10.0.101\Containers\build\Microsoft.NET.Build.Containers.targets (5,5)
       C:\Program Files\dotnet\sdk\10.0.101\Containers\build\Microsoft.NET.Build.Containers.targets(15,5): message : Property reassignment: $(_ContainerIsTargetingNet8TFM)="true" (previous value: "false") at C:\Program Files\dotnet\sdk\10.0.101\Containers\build\Microsoft.NET.Build.Containers.targets (15,5)
       C:\Program Files\dotnet\sdk\10.0.101\Sdks\Microsoft.NET.Sdk.StaticWebAssets\targets\Sdk.StaticWebAssets.CurrentVersion.targets(37,18): message : Property 'DOTNET_HOST_PATH' with value 'C:\Program Files\dotnet\dotnet.exe' expanded from the environment.
       C:\Program Files\dotnet\sdk\10.0.101\Sdks\Microsoft.NET.Sdk.StaticWebAssets\targets\Microsoft.NET.Sdk.StaticWebAssets.targets(286,5): message : Property reassignment: $(PrepareForRunDependsOn)="StaticWebAssetsPrepareForRun;
       C:\Program Files\dotnet\sdk\10.0.101\Sdks\Microsoft.NET.Sdk.StaticWebAssets\targets\Microsoft.NET.Sdk.StaticWebAssets.targets(286,5): message :       CopyFilesToOutputDirectory
       C:\Program Files\dotnet\sdk\10.0.101\Sdks\Microsoft.NET.Sdk.StaticWebAssets\targets\Microsoft.NET.Sdk.StaticWebAssets.targets(286,5): message :     " (previous value: "
       C:\Program Files\dotnet\sdk\10.0.101\Sdks\Microsoft.NET.Sdk.StaticWebAssets\targets\Microsoft.NET.Sdk.StaticWebAssets.targets(286,5): message :       CopyFilesToOutputDirectory
       C:\Program Files\dotnet\sdk\10.0.101\Sdks\Microsoft.NET.Sdk.StaticWebAssets\targets\Microsoft.NET.Sdk.StaticWebAssets.targets(286,5): message :     ") at C:\Program Files\dotnet\sdk\10.0.101\Sdks\Microsoft.NET.Sdk.StaticWebAssets\targets\Microsoft.NET.Sdk.StaticWebAssets.targets (286,5)
       C:\Program Files\dotnet\sdk\10.0.101\Sdks\Microsoft.NET.Sdk.StaticWebAssets\targets\Microsoft.NET.Sdk.StaticWebAssets.targets(323,5): message : Property reassignment: $(GetCopyToOutputDirectoryItemsDependsOn)="
       C:\Program Files\dotnet\sdk\10.0.101\Sdks\Microsoft.NET.Sdk.StaticWebAssets\targets\Microsoft.NET.Sdk.StaticWebAssets.targets(323,5): message :       AssignTargetPaths;
       C:\Program Files\dotnet\sdk\10.0.101\Sdks\Microsoft.NET.Sdk.StaticWebAssets\targets\Microsoft.NET.Sdk.StaticWebAssets.targets(323,5): message :       
       C:\Program Files\dotnet\sdk\10.0.101\Sdks\Microsoft.NET.Sdk.StaticWebAssets\targets\Microsoft.NET.Sdk.StaticWebAssets.targets(323,5): message :       AssignProjectConfiguration;
       C:\Program Files\dotnet\sdk\10.0.101\Sdks\Microsoft.NET.Sdk.StaticWebAssets\targets\Microsoft.NET.Sdk.StaticWebAssets.targets(323,5): message :       _SplitProjectReferencesByFileExistence
       C:\Program Files\dotnet\sdk\10.0.101\Sdks\Microsoft.NET.Sdk.StaticWebAssets\targets\Microsoft.NET.Sdk.StaticWebAssets.targets(323,5): message :     ;
       C:\Program Files\dotnet\sdk\10.0.101\Sdks\Microsoft.NET.Sdk.StaticWebAssets\targets\Microsoft.NET.Sdk.StaticWebAssets.targets(323,5): message :       _GetProjectReferenceTargetFrameworkProperties;
       C:\Program Files\dotnet\sdk\10.0.101\Sdks\Microsoft.NET.Sdk.StaticWebAssets\targets\Microsoft.NET.Sdk.StaticWebAssets.targets(323,5): message :       _PopulateCommonStateForGetCopyToOutputDirectoryItems
       C:\Program Files\dotnet\sdk\10.0.101\Sdks\Microsoft.NET.Sdk.StaticWebAssets\targets\Microsoft.NET.Sdk.StaticWebAssets.targets(323,5): message :     ;AddStaticWebAssetsManifest;AddStaticWebAssetEndpointsBuildManifest" (previous value: "
       C:\Program Files\dotnet\sdk\10.0.101\Sdks\Microsoft.NET.Sdk.StaticWebAssets\targets\Microsoft.NET.Sdk.StaticWebAssets.targets(323,5): message :       AssignTargetPaths;
       C:\Program Files\dotnet\sdk\10.0.101\Sdks\Microsoft.NET.Sdk.StaticWebAssets\targets\Microsoft.NET.Sdk.StaticWebAssets.targets(323,5): message :       
       C:\Program Files\dotnet\sdk\10.0.101\Sdks\Microsoft.NET.Sdk.StaticWebAssets\targets\Microsoft.NET.Sdk.StaticWebAssets.targets(323,5): message :       AssignProjectConfiguration;
       C:\Program Files\dotnet\sdk\10.0.101\Sdks\Microsoft.NET.Sdk.StaticWebAssets\targets\Microsoft.NET.Sdk.StaticWebAssets.targets(323,5): message :       _SplitProjectReferencesByFileExistence
       C:\Program Files\dotnet\sdk\10.0.101\Sdks\Microsoft.NET.Sdk.StaticWebAssets\targets\Microsoft.NET.Sdk.StaticWebAssets.targets(323,5): message :     ;
       C:\Program Files\dotnet\sdk\10.0.101\Sdks\Microsoft.NET.Sdk.StaticWebAssets\targets\Microsoft.NET.Sdk.StaticWebAssets.targets(323,5): message :       _GetProjectReferenceTargetFrameworkProperties;
       C:\Program Files\dotnet\sdk\10.0.101\Sdks\Microsoft.NET.Sdk.StaticWebAssets\targets\Microsoft.NET.Sdk.StaticWebAssets.targets(323,5): message :       _PopulateCommonStateForGetCopyToOutputDirectoryItems
       C:\Program Files\dotnet\sdk\10.0.101\Sdks\Microsoft.NET.Sdk.StaticWebAssets\targets\Microsoft.NET.Sdk.StaticWebAssets.targets(323,5): message :     ") at C:\Program Files\dotnet\sdk\10.0.101\Sdks\Microsoft.NET.Sdk.StaticWebAssets\targets\Microsoft.NET.Sdk.StaticWebAssets.targets (323,5)
       C:\Program Files\dotnet\sdk\10.0.101\Sdks\Microsoft.NET.Sdk.StaticWebAssets\targets\Microsoft.NET.Sdk.StaticWebAssets.Pack.targets(46,5): message : Property reassignment: $(GenerateNuspecDependsOn)="
       C:\Program Files\dotnet\sdk\10.0.101\Sdks\Microsoft.NET.Sdk.StaticWebAssets\targets\Microsoft.NET.Sdk.StaticWebAssets.Pack.targets(46,5): message :       IncludeStaticWebAssetsPackItems;
       C:\Program Files\dotnet\sdk\10.0.101\Sdks\Microsoft.NET.Sdk.StaticWebAssets\targets\Microsoft.NET.Sdk.StaticWebAssets.Pack.targets(46,5): message :       Build;_LoadPackInputItems; _GetTargetFrameworksOutput; _WalkEachTargetPerFramework; _GetPackageFiles; ;
       C:\Program Files\dotnet\sdk\10.0.101\Sdks\Microsoft.NET.Sdk.StaticWebAssets\targets\Microsoft.NET.Sdk.StaticWebAssets.Pack.targets(46,5): message :     " (previous value: "Build;_LoadPackInputItems; _GetTargetFrameworksOutput; _WalkEachTargetPerFramework; _GetPackageFiles; ") at C:\Program Files\dotnet\sdk\10.0.101\Sdks\Microsoft.NET.Sdk.StaticWebAssets\targets\Microsoft.NET.Sdk.StaticWebAssets.Pack.targets (46,5)
       C:\Program Files\dotnet\sdk\10.0.101\Sdks\Microsoft.NET.Sdk.StaticWebAssets\targets\Microsoft.NET.Sdk.StaticWebAssets.Pack.targets(55,5): message : Property reassignment: $(IncludeStaticWebAssetsPackItemsDependsOn)="
       C:\Program Files\dotnet\sdk\10.0.101\Sdks\Microsoft.NET.Sdk.StaticWebAssets\targets\Microsoft.NET.Sdk.StaticWebAssets.Pack.targets(55,5): message :       Build;
       C:\Program Files\dotnet\sdk\10.0.101\Sdks\Microsoft.NET.Sdk.StaticWebAssets\targets\Microsoft.NET.Sdk.StaticWebAssets.Pack.targets(55,5): message :       ResolveStaticWebAssetsConfiguration;LoadStaticWebAssetsBuildManifest
       C:\Program Files\dotnet\sdk\10.0.101\Sdks\Microsoft.NET.Sdk.StaticWebAssets\targets\Microsoft.NET.Sdk.StaticWebAssets.Pack.targets(55,5): message :     ;
       C:\Program Files\dotnet\sdk\10.0.101\Sdks\Microsoft.NET.Sdk.StaticWebAssets\targets\Microsoft.NET.Sdk.StaticWebAssets.Pack.targets(55,5): message :     " (previous value: "
       C:\Program Files\dotnet\sdk\10.0.101\Sdks\Microsoft.NET.Sdk.StaticWebAssets\targets\Microsoft.NET.Sdk.StaticWebAssets.Pack.targets(55,5): message :       ResolveStaticWebAssetsConfiguration;LoadStaticWebAssetsBuildManifest
       C:\Program Files\dotnet\sdk\10.0.101\Sdks\Microsoft.NET.Sdk.StaticWebAssets\targets\Microsoft.NET.Sdk.StaticWebAssets.Pack.targets(55,5): message :     ") at C:\Program Files\dotnet\sdk\10.0.101\Sdks\Microsoft.NET.Sdk.StaticWebAssets\targets\Microsoft.NET.Sdk.StaticWebAssets.Pack.targets (55,5)
       C:\Program Files\dotnet\sdk\10.0.101\Sdks\Microsoft.NET.Sdk.StaticWebAssets\targets\Microsoft.NET.Sdk.StaticWebAssets.ScopedCss.targets(55,3): message : Property reassignment: $(ResolveStaticWebAssetsInputsDependsOn)="
       C:\Program Files\dotnet\sdk\10.0.101\Sdks\Microsoft.NET.Sdk.StaticWebAssets\targets\Microsoft.NET.Sdk.StaticWebAssets.ScopedCss.targets(55,3): message :     
       C:\Program Files\dotnet\sdk\10.0.101\Sdks\Microsoft.NET.Sdk.StaticWebAssets\targets\Microsoft.NET.Sdk.StaticWebAssets.ScopedCss.targets(55,3): message :       ResolveCoreStaticWebAssets;
       C:\Program Files\dotnet\sdk\10.0.101\Sdks\Microsoft.NET.Sdk.StaticWebAssets\targets\Microsoft.NET.Sdk.StaticWebAssets.ScopedCss.targets(55,3): message :       GenerateComputedBuildStaticWebAssets;
       C:\Program Files\dotnet\sdk\10.0.101\Sdks\Microsoft.NET.Sdk.StaticWebAssets\targets\Microsoft.NET.Sdk.StaticWebAssets.ScopedCss.targets(55,3): message :       
       C:\Program Files\dotnet\sdk\10.0.101\Sdks\Microsoft.NET.Sdk.StaticWebAssets\targets\Microsoft.NET.Sdk.StaticWebAssets.ScopedCss.targets(55,3): message :     ;
       C:\Program Files\dotnet\sdk\10.0.101\Sdks\Microsoft.NET.Sdk.StaticWebAssets\targets\Microsoft.NET.Sdk.StaticWebAssets.ScopedCss.targets(55,3): message :     ResolveScopedCssAssets;
       C:\Program Files\dotnet\sdk\10.0.101\Sdks\Microsoft.NET.Sdk.StaticWebAssets\targets\Microsoft.NET.Sdk.StaticWebAssets.ScopedCss.targets(55,3): message :   " (previous value: "
       C:\Program Files\dotnet\sdk\10.0.101\Sdks\Microsoft.NET.Sdk.StaticWebAssets\targets\Microsoft.NET.Sdk.StaticWebAssets.ScopedCss.targets(55,3): message :       ResolveCoreStaticWebAssets;
       C:\Program Files\dotnet\sdk\10.0.101\Sdks\Microsoft.NET.Sdk.StaticWebAssets\targets\Microsoft.NET.Sdk.StaticWebAssets.ScopedCss.targets(55,3): message :       GenerateComputedBuildStaticWebAssets;
       C:\Program Files\dotnet\sdk\10.0.101\Sdks\Microsoft.NET.Sdk.StaticWebAssets\targets\Microsoft.NET.Sdk.StaticWebAssets.ScopedCss.targets(55,3): message :       
       C:\Program Files\dotnet\sdk\10.0.101\Sdks\Microsoft.NET.Sdk.StaticWebAssets\targets\Microsoft.NET.Sdk.StaticWebAssets.ScopedCss.targets(55,3): message :     ") at C:\Program Files\dotnet\sdk\10.0.101\Sdks\Microsoft.NET.Sdk.StaticWebAssets\targets\Microsoft.NET.Sdk.StaticWebAssets.ScopedCss.targets (55,3)
       C:\Program Files\dotnet\sdk\10.0.101\Sdks\Microsoft.NET.Sdk.StaticWebAssets\targets\Microsoft.NET.Sdk.StaticWebAssets.ScopedCss.targets(88,3): message : Property reassignment: $(GenerateComputedBuildStaticWebAssetsDependsOn)="
       C:\Program Files\dotnet\sdk\10.0.101\Sdks\Microsoft.NET.Sdk.StaticWebAssets\targets\Microsoft.NET.Sdk.StaticWebAssets.ScopedCss.targets(88,3): message :     ResolveCoreStaticWebAssets;;
       C:\Program Files\dotnet\sdk\10.0.101\Sdks\Microsoft.NET.Sdk.StaticWebAssets\targets\Microsoft.NET.Sdk.StaticWebAssets.ScopedCss.targets(88,3): message :     BundleScopedCssFiles;
       C:\Program Files\dotnet\sdk\10.0.101\Sdks\Microsoft.NET.Sdk.StaticWebAssets\targets\Microsoft.NET.Sdk.StaticWebAssets.ScopedCss.targets(88,3): message :   " (previous value: "ResolveCoreStaticWebAssets;") at C:\Program Files\dotnet\sdk\10.0.101\Sdks\Microsoft.NET.Sdk.StaticWebAssets\targets\Microsoft.NET.Sdk.StaticWebAssets.ScopedCss.targets (88,3)
       C:\Program Files\dotnet\sdk\10.0.101\Sdks\Microsoft.NET.Sdk.StaticWebAssets\targets\Microsoft.NET.Sdk.StaticWebAssets.JSModules.targets(37,5): message : Property reassignment: $(ResolveCoreStaticWebAssetsDependsOn)="
       C:\Program Files\dotnet\sdk\10.0.101\Sdks\Microsoft.NET.Sdk.StaticWebAssets\targets\Microsoft.NET.Sdk.StaticWebAssets.JSModules.targets(37,5): message :       
       C:\Program Files\dotnet\sdk\10.0.101\Sdks\Microsoft.NET.Sdk.StaticWebAssets\targets\Microsoft.NET.Sdk.StaticWebAssets.JSModules.targets(37,5): message :       UpdateExistingPackageStaticWebAssets;
       C:\Program Files\dotnet\sdk\10.0.101\Sdks\Microsoft.NET.Sdk.StaticWebAssets\targets\Microsoft.NET.Sdk.StaticWebAssets.JSModules.targets(37,5): message :       ResolveProjectStaticWebAssets;
       C:\Program Files\dotnet\sdk\10.0.101\Sdks\Microsoft.NET.Sdk.StaticWebAssets\targets\Microsoft.NET.Sdk.StaticWebAssets.JSModules.targets(37,5): message :       ResolveEmbeddedProjectsStaticWebAssets;
       C:\Program Files\dotnet\sdk\10.0.101\Sdks\Microsoft.NET.Sdk.StaticWebAssets\targets\Microsoft.NET.Sdk.StaticWebAssets.JSModules.targets(37,5): message :       ResolveReferencedProjectsStaticWebAssets;
       C:\Program Files\dotnet\sdk\10.0.101\Sdks\Microsoft.NET.Sdk.StaticWebAssets\targets\Microsoft.NET.Sdk.StaticWebAssets.JSModules.targets(37,5): message :       ;
       C:\Program Files\dotnet\sdk\10.0.101\Sdks\Microsoft.NET.Sdk.StaticWebAssets\targets\Microsoft.NET.Sdk.StaticWebAssets.JSModules.targets(37,5): message :     ;
       C:\Program Files\dotnet\sdk\10.0.101\Sdks\Microsoft.NET.Sdk.StaticWebAssets\targets\Microsoft.NET.Sdk.StaticWebAssets.JSModules.targets(37,5): message :       ResolveJsInitializerModuleStaticWebAssets;
       C:\Program Files\dotnet\sdk\10.0.101\Sdks\Microsoft.NET.Sdk.StaticWebAssets\targets\Microsoft.NET.Sdk.StaticWebAssets.JSModules.targets(37,5): message :     " (previous value: "
       C:\Program Files\dotnet\sdk\10.0.101\Sdks\Microsoft.NET.Sdk.StaticWebAssets\targets\Microsoft.NET.Sdk.StaticWebAssets.JSModules.targets(37,5): message :       UpdateExistingPackageStaticWebAssets;
       C:\Program Files\dotnet\sdk\10.0.101\Sdks\Microsoft.NET.Sdk.StaticWebAssets\targets\Microsoft.NET.Sdk.StaticWebAssets.JSModules.targets(37,5): message :       ResolveProjectStaticWebAssets;
       C:\Program Files\dotnet\sdk\10.0.101\Sdks\Microsoft.NET.Sdk.StaticWebAssets\targets\Microsoft.NET.Sdk.StaticWebAssets.JSModules.targets(37,5): message :       ResolveEmbeddedProjectsStaticWebAssets;
       C:\Program Files\dotnet\sdk\10.0.101\Sdks\Microsoft.NET.Sdk.StaticWebAssets\targets\Microsoft.NET.Sdk.StaticWebAssets.JSModules.targets(37,5): message :       ResolveReferencedProjectsStaticWebAssets;
       C:\Program Files\dotnet\sdk\10.0.101\Sdks\Microsoft.NET.Sdk.StaticWebAssets\targets\Microsoft.NET.Sdk.StaticWebAssets.JSModules.targets(37,5): message :       ;
       C:\Program Files\dotnet\sdk\10.0.101\Sdks\Microsoft.NET.Sdk.StaticWebAssets\targets\Microsoft.NET.Sdk.StaticWebAssets.JSModules.targets(37,5): message :     ") at C:\Program Files\dotnet\sdk\10.0.101\Sdks\Microsoft.NET.Sdk.StaticWebAssets\targets\Microsoft.NET.Sdk.StaticWebAssets.JSModules.targets (37,5)
       C:\Program Files\dotnet\sdk\10.0.101\Sdks\Microsoft.NET.Sdk.StaticWebAssets\targets\Microsoft.NET.Sdk.StaticWebAssets.JSModules.targets(42,5): message : Property reassignment: $(ResolveCoreStaticWebAssetsDependsOn)="
       C:\Program Files\dotnet\sdk\10.0.101\Sdks\Microsoft.NET.Sdk.StaticWebAssets\targets\Microsoft.NET.Sdk.StaticWebAssets.JSModules.targets(42,5): message :       
       C:\Program Files\dotnet\sdk\10.0.101\Sdks\Microsoft.NET.Sdk.StaticWebAssets\targets\Microsoft.NET.Sdk.StaticWebAssets.JSModules.targets(42,5): message :       
       C:\Program Files\dotnet\sdk\10.0.101\Sdks\Microsoft.NET.Sdk.StaticWebAssets\targets\Microsoft.NET.Sdk.StaticWebAssets.JSModules.targets(42,5): message :       UpdateExistingPackageStaticWebAssets;
       C:\Program Files\dotnet\sdk\10.0.101\Sdks\Microsoft.NET.Sdk.StaticWebAssets\targets\Microsoft.NET.Sdk.StaticWebAssets.JSModules.targets(42,5): message :       ResolveProjectStaticWebAssets;
       C:\Program Files\dotnet\sdk\10.0.101\Sdks\Microsoft.NET.Sdk.StaticWebAssets\targets\Microsoft.NET.Sdk.StaticWebAssets.JSModules.targets(42,5): message :       ResolveEmbeddedProjectsStaticWebAssets;
       C:\Program Files\dotnet\sdk\10.0.101\Sdks\Microsoft.NET.Sdk.StaticWebAssets\targets\Microsoft.NET.Sdk.StaticWebAssets.JSModules.targets(42,5): message :       ResolveReferencedProjectsStaticWebAssets;
       C:\Program Files\dotnet\sdk\10.0.101\Sdks\Microsoft.NET.Sdk.StaticWebAssets\targets\Microsoft.NET.Sdk.StaticWebAssets.JSModules.targets(42,5): message :       ;
       C:\Program Files\dotnet\sdk\10.0.101\Sdks\Microsoft.NET.Sdk.StaticWebAssets\targets\Microsoft.NET.Sdk.StaticWebAssets.JSModules.targets(42,5): message :     ;
       C:\Program Files\dotnet\sdk\10.0.101\Sdks\Microsoft.NET.Sdk.StaticWebAssets\targets\Microsoft.NET.Sdk.StaticWebAssets.JSModules.targets(42,5): message :       ResolveJsInitializerModuleStaticWebAssets;
       C:\Program Files\dotnet\sdk\10.0.101\Sdks\Microsoft.NET.Sdk.StaticWebAssets\targets\Microsoft.NET.Sdk.StaticWebAssets.JSModules.targets(42,5): message :     ;
       C:\Program Files\dotnet\sdk\10.0.101\Sdks\Microsoft.NET.Sdk.StaticWebAssets\targets\Microsoft.NET.Sdk.StaticWebAssets.JSModules.targets(42,5): message :       ResolveJSModuleStaticWebAssets;
       C:\Program Files\dotnet\sdk\10.0.101\Sdks\Microsoft.NET.Sdk.StaticWebAssets\targets\Microsoft.NET.Sdk.StaticWebAssets.JSModules.targets(42,5): message :     " (previous value: "
       C:\Program Files\dotnet\sdk\10.0.101\Sdks\Microsoft.NET.Sdk.StaticWebAssets\targets\Microsoft.NET.Sdk.StaticWebAssets.JSModules.targets(42,5): message :       
       C:\Program Files\dotnet\sdk\10.0.101\Sdks\Microsoft.NET.Sdk.StaticWebAssets\targets\Microsoft.NET.Sdk.StaticWebAssets.JSModules.targets(42,5): message :       UpdateExistingPackageStaticWebAssets;
       C:\Program Files\dotnet\sdk\10.0.101\Sdks\Microsoft.NET.Sdk.StaticWebAssets\targets\Microsoft.NET.Sdk.StaticWebAssets.JSModules.targets(42,5): message :       ResolveProjectStaticWebAssets;
       C:\Program Files\dotnet\sdk\10.0.101\Sdks\Microsoft.NET.Sdk.StaticWebAssets\targets\Microsoft.NET.Sdk.StaticWebAssets.JSModules.targets(42,5): message :       ResolveEmbeddedProjectsStaticWebAssets;
       C:\Program Files\dotnet\sdk\10.0.101\Sdks\Microsoft.NET.Sdk.StaticWebAssets\targets\Microsoft.NET.Sdk.StaticWebAssets.JSModules.targets(42,5): message :       ResolveReferencedProjectsStaticWebAssets;
       C:\Program Files\dotnet\sdk\10.0.101\Sdks\Microsoft.NET.Sdk.StaticWebAssets\targets\Microsoft.NET.Sdk.StaticWebAssets.JSModules.targets(42,5): message :       ;
       C:\Program Files\dotnet\sdk\10.0.101\Sdks\Microsoft.NET.Sdk.StaticWebAssets\targets\Microsoft.NET.Sdk.StaticWebAssets.JSModules.targets(42,5): message :     ;
       C:\Program Files\dotnet\sdk\10.0.101\Sdks\Microsoft.NET.Sdk.StaticWebAssets\targets\Microsoft.NET.Sdk.StaticWebAssets.JSModules.targets(42,5): message :       ResolveJsInitializerModuleStaticWebAssets;
       C:\Program Files\dotnet\sdk\10.0.101\Sdks\Microsoft.NET.Sdk.StaticWebAssets\targets\Microsoft.NET.Sdk.StaticWebAssets.JSModules.targets(42,5): message :     ") at C:\Program Files\dotnet\sdk\10.0.101\Sdks\Microsoft.NET.Sdk.StaticWebAssets\targets\Microsoft.NET.Sdk.StaticWebAssets.JSModules.targets (42,5)
       C:\Program Files\dotnet\sdk\10.0.101\Sdks\Microsoft.NET.Sdk.StaticWebAssets\targets\Microsoft.NET.Sdk.StaticWebAssets.JSModules.targets(57,5): message : Property reassignment: $(ResolveStaticWebAssetsInputsDependsOn)="
       C:\Program Files\dotnet\sdk\10.0.101\Sdks\Microsoft.NET.Sdk.StaticWebAssets\targets\Microsoft.NET.Sdk.StaticWebAssets.JSModules.targets(57,5): message :       ResolveJSModuleManifestBuildStaticWebAssets;
       C:\Program Files\dotnet\sdk\10.0.101\Sdks\Microsoft.NET.Sdk.StaticWebAssets\targets\Microsoft.NET.Sdk.StaticWebAssets.JSModules.targets(57,5): message :       
       C:\Program Files\dotnet\sdk\10.0.101\Sdks\Microsoft.NET.Sdk.StaticWebAssets\targets\Microsoft.NET.Sdk.StaticWebAssets.JSModules.targets(57,5): message :     
       C:\Program Files\dotnet\sdk\10.0.101\Sdks\Microsoft.NET.Sdk.StaticWebAssets\targets\Microsoft.NET.Sdk.StaticWebAssets.JSModules.targets(57,5): message :       ResolveCoreStaticWebAssets;
       C:\Program Files\dotnet\sdk\10.0.101\Sdks\Microsoft.NET.Sdk.StaticWebAssets\targets\Microsoft.NET.Sdk.StaticWebAssets.JSModules.targets(57,5): message :       GenerateComputedBuildStaticWebAssets;
       C:\Program Files\dotnet\sdk\10.0.101\Sdks\Microsoft.NET.Sdk.StaticWebAssets\targets\Microsoft.NET.Sdk.StaticWebAssets.JSModules.targets(57,5): message :       
       C:\Program Files\dotnet\sdk\10.0.101\Sdks\Microsoft.NET.Sdk.StaticWebAssets\targets\Microsoft.NET.Sdk.StaticWebAssets.JSModules.targets(57,5): message :     ;
       C:\Program Files\dotnet\sdk\10.0.101\Sdks\Microsoft.NET.Sdk.StaticWebAssets\targets\Microsoft.NET.Sdk.StaticWebAssets.JSModules.targets(57,5): message :     ResolveScopedCssAssets;
       C:\Program Files\dotnet\sdk\10.0.101\Sdks\Microsoft.NET.Sdk.StaticWebAssets\targets\Microsoft.NET.Sdk.StaticWebAssets.JSModules.targets(57,5): message :   
       C:\Program Files\dotnet\sdk\10.0.101\Sdks\Microsoft.NET.Sdk.StaticWebAssets\targets\Microsoft.NET.Sdk.StaticWebAssets.JSModules.targets(57,5): message :     " (previous value: "
       C:\Program Files\dotnet\sdk\10.0.101\Sdks\Microsoft.NET.Sdk.StaticWebAssets\targets\Microsoft.NET.Sdk.StaticWebAssets.JSModules.targets(57,5): message :     
       C:\Program Files\dotnet\sdk\10.0.101\Sdks\Microsoft.NET.Sdk.StaticWebAssets\targets\Microsoft.NET.Sdk.StaticWebAssets.JSModules.targets(57,5): message :       ResolveCoreStaticWebAssets;
       C:\Program Files\dotnet\sdk\10.0.101\Sdks\Microsoft.NET.Sdk.StaticWebAssets\targets\Microsoft.NET.Sdk.StaticWebAssets.JSModules.targets(57,5): message :       GenerateComputedBuildStaticWebAssets;
       C:\Program Files\dotnet\sdk\10.0.101\Sdks\Microsoft.NET.Sdk.StaticWebAssets\targets\Microsoft.NET.Sdk.StaticWebAssets.JSModules.targets(57,5): message :       
       C:\Program Files\dotnet\sdk\10.0.101\Sdks\Microsoft.NET.Sdk.StaticWebAssets\targets\Microsoft.NET.Sdk.StaticWebAssets.JSModules.targets(57,5): message :     ;
       C:\Program Files\dotnet\sdk\10.0.101\Sdks\Microsoft.NET.Sdk.StaticWebAssets\targets\Microsoft.NET.Sdk.StaticWebAssets.JSModules.targets(57,5): message :     ResolveScopedCssAssets;
       C:\Program Files\dotnet\sdk\10.0.101\Sdks\Microsoft.NET.Sdk.StaticWebAssets\targets\Microsoft.NET.Sdk.StaticWebAssets.JSModules.targets(57,5): message :   ") at C:\Program Files\dotnet\sdk\10.0.101\Sdks\Microsoft.NET.Sdk.StaticWebAssets\targets\Microsoft.NET.Sdk.StaticWebAssets.JSModules.targets (57,5)
       C:\Program Files\dotnet\sdk\10.0.101\Sdks\Microsoft.NET.Sdk.StaticWebAssets\targets\Microsoft.NET.Sdk.StaticWebAssets.JSModules.targets(76,5): message : Property reassignment: $(ResolvePublishStaticWebAssetsDependsOn)="
       C:\Program Files\dotnet\sdk\10.0.101\Sdks\Microsoft.NET.Sdk.StaticWebAssets\targets\Microsoft.NET.Sdk.StaticWebAssets.JSModules.targets(76,5): message :       ResolveJSModuleManifestPublishStaticWebAssets;
       C:\Program Files\dotnet\sdk\10.0.101\Sdks\Microsoft.NET.Sdk.StaticWebAssets\targets\Microsoft.NET.Sdk.StaticWebAssets.JSModules.targets(76,5): message :       
       C:\Program Files\dotnet\sdk\10.0.101\Sdks\Microsoft.NET.Sdk.StaticWebAssets\targets\Microsoft.NET.Sdk.StaticWebAssets.JSModules.targets(76,5): message :       ResolveCorePublishStaticWebAssets;
       C:\Program Files\dotnet\sdk\10.0.101\Sdks\Microsoft.NET.Sdk.StaticWebAssets\targets\Microsoft.NET.Sdk.StaticWebAssets.JSModules.targets(76,5): message :       GenerateComputedPublishStaticWebAssets;
       C:\Program Files\dotnet\sdk\10.0.101\Sdks\Microsoft.NET.Sdk.StaticWebAssets\targets\Microsoft.NET.Sdk.StaticWebAssets.JSModules.targets(76,5): message :       ;
       C:\Program Files\dotnet\sdk\10.0.101\Sdks\Microsoft.NET.Sdk.StaticWebAssets\targets\Microsoft.NET.Sdk.StaticWebAssets.JSModules.targets(76,5): message :     
       C:\Program Files\dotnet\sdk\10.0.101\Sdks\Microsoft.NET.Sdk.StaticWebAssets\targets\Microsoft.NET.Sdk.StaticWebAssets.JSModules.targets(76,5): message :     " (previous value: "
       C:\Program Files\dotnet\sdk\10.0.101\Sdks\Microsoft.NET.Sdk.StaticWebAssets\targets\Microsoft.NET.Sdk.StaticWebAssets.JSModules.targets(76,5): message :       ResolveCorePublishStaticWebAssets;
       C:\Program Files\dotnet\sdk\10.0.101\Sdks\Microsoft.NET.Sdk.StaticWebAssets\targets\Microsoft.NET.Sdk.StaticWebAssets.JSModules.targets(76,5): message :       GenerateComputedPublishStaticWebAssets;
       C:\Program Files\dotnet\sdk\10.0.101\Sdks\Microsoft.NET.Sdk.StaticWebAssets\targets\Microsoft.NET.Sdk.StaticWebAssets.JSModules.targets(76,5): message :       ;
       C:\Program Files\dotnet\sdk\10.0.101\Sdks\Microsoft.NET.Sdk.StaticWebAssets\targets\Microsoft.NET.Sdk.StaticWebAssets.JSModules.targets(76,5): message :     ") at C:\Program Files\dotnet\sdk\10.0.101\Sdks\Microsoft.NET.Sdk.StaticWebAssets\targets\Microsoft.NET.Sdk.StaticWebAssets.JSModules.targets (76,5)
       C:\Program Files\dotnet\sdk\10.0.101\Sdks\Microsoft.NET.Sdk.StaticWebAssets\targets\Microsoft.NET.Sdk.StaticWebAssets.Compression.targets(185,5): message : Property reassignment: $(ResolveBuildRelatedStaticWebAssetsDependsOn)="
       C:\Program Files\dotnet\sdk\10.0.101\Sdks\Microsoft.NET.Sdk.StaticWebAssets\targets\Microsoft.NET.Sdk.StaticWebAssets.Compression.targets(185,5): message :       ResolveBuildCompressedStaticWebAssets;
       C:\Program Files\dotnet\sdk\10.0.101\Sdks\Microsoft.NET.Sdk.StaticWebAssets\targets\Microsoft.NET.Sdk.StaticWebAssets.Compression.targets(185,5): message :       
       C:\Program Files\dotnet\sdk\10.0.101\Sdks\Microsoft.NET.Sdk.StaticWebAssets\targets\Microsoft.NET.Sdk.StaticWebAssets.Compression.targets(185,5): message :       ResolveStaticWebAssetsInputs;
       C:\Program Files\dotnet\sdk\10.0.101\Sdks\Microsoft.NET.Sdk.StaticWebAssets\targets\Microsoft.NET.Sdk.StaticWebAssets.Compression.targets(185,5): message :       
       C:\Program Files\dotnet\sdk\10.0.101\Sdks\Microsoft.NET.Sdk.StaticWebAssets\targets\Microsoft.NET.Sdk.StaticWebAssets.Compression.targets(185,5): message :     
       C:\Program Files\dotnet\sdk\10.0.101\Sdks\Microsoft.NET.Sdk.StaticWebAssets\targets\Microsoft.NET.Sdk.StaticWebAssets.Compression.targets(185,5): message :     " (previous value: "
       C:\Program Files\dotnet\sdk\10.0.101\Sdks\Microsoft.NET.Sdk.StaticWebAssets\targets\Microsoft.NET.Sdk.StaticWebAssets.Compression.targets(185,5): message :       ResolveStaticWebAssetsInputs;
       C:\Program Files\dotnet\sdk\10.0.101\Sdks\Microsoft.NET.Sdk.StaticWebAssets\targets\Microsoft.NET.Sdk.StaticWebAssets.Compression.targets(185,5): message :       
       C:\Program Files\dotnet\sdk\10.0.101\Sdks\Microsoft.NET.Sdk.StaticWebAssets\targets\Microsoft.NET.Sdk.StaticWebAssets.Compression.targets(185,5): message :     ") at C:\Program Files\dotnet\sdk\10.0.101\Sdks\Microsoft.NET.Sdk.StaticWebAssets\targets\Microsoft.NET.Sdk.StaticWebAssets.Compression.targets (185,5)
       C:\Program Files\dotnet\sdk\10.0.101\Sdks\Microsoft.NET.Sdk.StaticWebAssets\targets\Microsoft.NET.Sdk.StaticWebAssets.Compression.targets(204,5): message : Property reassignment: $(ResolvePublishRelatedStaticWebAssetsDependsOn)="
       C:\Program Files\dotnet\sdk\10.0.101\Sdks\Microsoft.NET.Sdk.StaticWebAssets\targets\Microsoft.NET.Sdk.StaticWebAssets.Compression.targets(204,5): message :       ResolvePublishCompressedStaticWebAssets;
       C:\Program Files\dotnet\sdk\10.0.101\Sdks\Microsoft.NET.Sdk.StaticWebAssets\targets\Microsoft.NET.Sdk.StaticWebAssets.Compression.targets(204,5): message :       
       C:\Program Files\dotnet\sdk\10.0.101\Sdks\Microsoft.NET.Sdk.StaticWebAssets\targets\Microsoft.NET.Sdk.StaticWebAssets.Compression.targets(204,5): message :     " (previous value: "") at C:\Program Files\dotnet\sdk\10.0.101\Sdks\Microsoft.NET.Sdk.StaticWebAssets\targets\Microsoft.NET.Sdk.StaticWebAssets.Compression.targets (204,5)
       C:\Program Files\dotnet\sdk\10.0.101\Sdks\Microsoft.NET.Sdk.Razor\targets\Sdk.Razor.CurrentVersion.targets(220,5): message : Property reassignment: $(DebugSymbolsProjectOutputGroupDependsOn)="
       C:\Program Files\dotnet\sdk\10.0.101\Sdks\Microsoft.NET.Sdk.Razor\targets\Sdk.Razor.CurrentVersion.targets(220,5): message :       ;
       C:\Program Files\dotnet\sdk\10.0.101\Sdks\Microsoft.NET.Sdk.Razor\targets\Sdk.Razor.CurrentVersion.targets(220,5): message :       _RazorAddDebugSymbolsProjectOutputGroupOutput
       C:\Program Files\dotnet\sdk\10.0.101\Sdks\Microsoft.NET.Sdk.Razor\targets\Sdk.Razor.CurrentVersion.targets(220,5): message :     " (previous value: "") at C:\Program Files\dotnet\sdk\10.0.101\Sdks\Microsoft.NET.Sdk.Razor\targets\Sdk.Razor.CurrentVersion.targets (220,5)
       C:\Program Files\dotnet\sdk\10.0.101\Sdks\Microsoft.NET.Sdk.Razor\targets\Sdk.Razor.CurrentVersion.targets(225,5): message : Property reassignment: $(PrepareForBuildDependsOn)="
       C:\Program Files\dotnet\sdk\10.0.101\Sdks\Microsoft.NET.Sdk.Razor\targets\Sdk.Razor.CurrentVersion.targets(225,5): message :       ;GetFrameworkPaths;GetReferenceAssemblyPaths;AssignLinkMetadata;
       C:\Program Files\dotnet\sdk\10.0.101\Sdks\Microsoft.NET.Sdk.Razor\targets\Sdk.Razor.CurrentVersion.targets(225,5): message :       ResolveRazorGenerateInputs
       C:\Program Files\dotnet\sdk\10.0.101\Sdks\Microsoft.NET.Sdk.Razor\targets\Sdk.Razor.CurrentVersion.targets(225,5): message :     " (previous value: ";GetFrameworkPaths;GetReferenceAssemblyPaths;AssignLinkMetadata") at C:\Program Files\dotnet\sdk\10.0.101\Sdks\Microsoft.NET.Sdk.Razor\targets\Sdk.Razor.CurrentVersion.targets (225,5)
       C:\Program Files\dotnet\sdk\10.0.101\Sdks\Microsoft.NET.Sdk.Razor\targets\Sdk.Razor.CurrentVersion.targets(230,5): message : Property reassignment: $(GenerateNuspecDependsOn)="
       C:\Program Files\dotnet\sdk\10.0.101\Sdks\Microsoft.NET.Sdk.Razor\targets\Sdk.Razor.CurrentVersion.targets(230,5): message :       ResolveRazorGenerateInputs;
       C:\Program Files\dotnet\sdk\10.0.101\Sdks\Microsoft.NET.Sdk.Razor\targets\Sdk.Razor.CurrentVersion.targets(230,5): message :       
       C:\Program Files\dotnet\sdk\10.0.101\Sdks\Microsoft.NET.Sdk.Razor\targets\Sdk.Razor.CurrentVersion.targets(230,5): message :       IncludeStaticWebAssetsPackItems;
       C:\Program Files\dotnet\sdk\10.0.101\Sdks\Microsoft.NET.Sdk.Razor\targets\Sdk.Razor.CurrentVersion.targets(230,5): message :       Build;_LoadPackInputItems; _GetTargetFrameworksOutput; _WalkEachTargetPerFramework; _GetPackageFiles; ;
       C:\Program Files\dotnet\sdk\10.0.101\Sdks\Microsoft.NET.Sdk.Razor\targets\Sdk.Razor.CurrentVersion.targets(230,5): message :     
       C:\Program Files\dotnet\sdk\10.0.101\Sdks\Microsoft.NET.Sdk.Razor\targets\Sdk.Razor.CurrentVersion.targets(230,5): message :     " (previous value: "
       C:\Program Files\dotnet\sdk\10.0.101\Sdks\Microsoft.NET.Sdk.Razor\targets\Sdk.Razor.CurrentVersion.targets(230,5): message :       IncludeStaticWebAssetsPackItems;
       C:\Program Files\dotnet\sdk\10.0.101\Sdks\Microsoft.NET.Sdk.Razor\targets\Sdk.Razor.CurrentVersion.targets(230,5): message :       Build;_LoadPackInputItems; _GetTargetFrameworksOutput; _WalkEachTargetPerFramework; _GetPackageFiles; ;
       C:\Program Files\dotnet\sdk\10.0.101\Sdks\Microsoft.NET.Sdk.Razor\targets\Sdk.Razor.CurrentVersion.targets(230,5): message :     ") at C:\Program Files\dotnet\sdk\10.0.101\Sdks\Microsoft.NET.Sdk.Razor\targets\Sdk.Razor.CurrentVersion.targets (230,5)
       C:\Program Files\dotnet\sdk\10.0.101\Sdks\Microsoft.NET.Sdk.Razor\targets\Sdk.Razor.CurrentVersion.targets(235,5): message : Property reassignment: $(PrepareForRunDependsOn)="
       C:\Program Files\dotnet\sdk\10.0.101\Sdks\Microsoft.NET.Sdk.Razor\targets\Sdk.Razor.CurrentVersion.targets(235,5): message :       _RazorPrepareForRun;
       C:\Program Files\dotnet\sdk\10.0.101\Sdks\Microsoft.NET.Sdk.Razor\targets\Sdk.Razor.CurrentVersion.targets(235,5): message :       StaticWebAssetsPrepareForRun;
       C:\Program Files\dotnet\sdk\10.0.101\Sdks\Microsoft.NET.Sdk.Razor\targets\Sdk.Razor.CurrentVersion.targets(235,5): message :       CopyFilesToOutputDirectory
       C:\Program Files\dotnet\sdk\10.0.101\Sdks\Microsoft.NET.Sdk.Razor\targets\Sdk.Razor.CurrentVersion.targets(235,5): message :     
       C:\Program Files\dotnet\sdk\10.0.101\Sdks\Microsoft.NET.Sdk.Razor\targets\Sdk.Razor.CurrentVersion.targets(235,5): message :     " (previous value: "StaticWebAssetsPrepareForRun;
       C:\Program Files\dotnet\sdk\10.0.101\Sdks\Microsoft.NET.Sdk.Razor\targets\Sdk.Razor.CurrentVersion.targets(235,5): message :       CopyFilesToOutputDirectory
       C:\Program Files\dotnet\sdk\10.0.101\Sdks\Microsoft.NET.Sdk.Razor\targets\Sdk.Razor.CurrentVersion.targets(235,5): message :     ") at C:\Program Files\dotnet\sdk\10.0.101\Sdks\Microsoft.NET.Sdk.Razor\targets\Sdk.Razor.CurrentVersion.targets (235,5)
       C:\Program Files\dotnet\sdk\10.0.101\Sdks\Microsoft.NET.Sdk.Razor\targets\Sdk.Razor.CurrentVersion.targets(326,5): message : Property reassignment: $(UseRazorBuildServer)="true" (previous value: "") at C:\Program Files\dotnet\sdk\10.0.101\Sdks\Microsoft.NET.Sdk.Razor\targets\Sdk.Razor.CurrentVersion.targets (326,5)
       C:\Program Files\dotnet\sdk\10.0.101\Sdks\Microsoft.NET.Sdk.Razor\targets\Sdk.Razor.CurrentVersion.targets(332,5): message : Property reassignment: $(_RazorDebugSymbolsProduced)="true" (previous value: "false") at C:\Program Files\dotnet\sdk\10.0.101\Sdks\Microsoft.NET.Sdk.Razor\targets\Sdk.Razor.CurrentVersion.targets (332,5)
       C:\Program Files\dotnet\sdk\10.0.101\Sdks\Microsoft.NET.Sdk.Razor\targets\Microsoft.NET.Sdk.Razor.GenerateAssemblyInfo.targets(36,5): message : Property reassignment: $(GenerateRazorTargetAssemblyInfoDependsOn)="
       C:\Program Files\dotnet\sdk\10.0.101\Sdks\Microsoft.NET.Sdk.Razor\targets\Microsoft.NET.Sdk.Razor.GenerateAssemblyInfo.targets(36,5): message :       _ResolveMvcAssemblyAttributes;
       C:\Program Files\dotnet\sdk\10.0.101\Sdks\Microsoft.NET.Sdk.Razor\targets\Microsoft.NET.Sdk.Razor.GenerateAssemblyInfo.targets(36,5): message :       
       C:\Program Files\dotnet\sdk\10.0.101\Sdks\Microsoft.NET.Sdk.Razor\targets\Microsoft.NET.Sdk.Razor.GenerateAssemblyInfo.targets(36,5): message :       GetRazorTargetAssemblyAttributes;
       C:\Program Files\dotnet\sdk\10.0.101\Sdks\Microsoft.NET.Sdk.Razor\targets\Microsoft.NET.Sdk.Razor.GenerateAssemblyInfo.targets(36,5): message :       _CreateRazorTargetAssemblyInfoInputsCacheFile;
       C:\Program Files\dotnet\sdk\10.0.101\Sdks\Microsoft.NET.Sdk.Razor\targets\Microsoft.NET.Sdk.Razor.GenerateAssemblyInfo.targets(36,5): message :       CoreGenerateRazorTargetAssemblyInfo
       C:\Program Files\dotnet\sdk\10.0.101\Sdks\Microsoft.NET.Sdk.Razor\targets\Microsoft.NET.Sdk.Razor.GenerateAssemblyInfo.targets(36,5): message :     
       C:\Program Files\dotnet\sdk\10.0.101\Sdks\Microsoft.NET.Sdk.Razor\targets\Microsoft.NET.Sdk.Razor.GenerateAssemblyInfo.targets(36,5): message :     " (previous value: "
       C:\Program Files\dotnet\sdk\10.0.101\Sdks\Microsoft.NET.Sdk.Razor\targets\Microsoft.NET.Sdk.Razor.GenerateAssemblyInfo.targets(36,5): message :       GetRazorTargetAssemblyAttributes;
       C:\Program Files\dotnet\sdk\10.0.101\Sdks\Microsoft.NET.Sdk.Razor\targets\Microsoft.NET.Sdk.Razor.GenerateAssemblyInfo.targets(36,5): message :       _CreateRazorTargetAssemblyInfoInputsCacheFile;
       C:\Program Files\dotnet\sdk\10.0.101\Sdks\Microsoft.NET.Sdk.Razor\targets\Microsoft.NET.Sdk.Razor.GenerateAssemblyInfo.targets(36,5): message :       CoreGenerateRazorTargetAssemblyInfo
       C:\Program Files\dotnet\sdk\10.0.101\Sdks\Microsoft.NET.Sdk.Razor\targets\Microsoft.NET.Sdk.Razor.GenerateAssemblyInfo.targets(36,5): message :     ") at C:\Program Files\dotnet\sdk\10.0.101\Sdks\Microsoft.NET.Sdk.Razor\targets\Microsoft.NET.Sdk.Razor.GenerateAssemblyInfo.targets (36,5)
       C:\Program Files\dotnet\sdk\10.0.101\Sdks\Microsoft.NET.Sdk.Razor\targets\Microsoft.NET.Sdk.Razor.GenerateAssemblyInfo.targets(181,5): message : Property reassignment: $(CoreCompileDependsOn)="
       C:\Program Files\dotnet\sdk\10.0.101\Sdks\Microsoft.NET.Sdk.Razor\targets\Microsoft.NET.Sdk.Razor.GenerateAssemblyInfo.targets(181,5): message :       ;_ComputeNonExistentFileProperty;ResolveCodeAnalysisRuleSet;
       C:\Program Files\dotnet\sdk\10.0.101\Sdks\Microsoft.NET.Sdk.Razor\targets\Microsoft.NET.Sdk.Razor.GenerateAssemblyInfo.targets(181,5): message :       _GenerateRazorAssemblyInfo
       C:\Program Files\dotnet\sdk\10.0.101\Sdks\Microsoft.NET.Sdk.Razor\targets\Microsoft.NET.Sdk.Razor.GenerateAssemblyInfo.targets(181,5): message :     " (previous value: ";_ComputeNonExistentFileProperty;ResolveCodeAnalysisRuleSet") at C:\Program Files\dotnet\sdk\10.0.101\Sdks\Microsoft.NET.Sdk.Razor\targets\Microsoft.NET.Sdk.Razor.GenerateAssemblyInfo.targets (181,5)
       C:\Program Files\dotnet\sdk\10.0.101\Sdks\Microsoft.NET.Sdk.Razor\targets\Microsoft.NET.Sdk.Razor.GenerateAssemblyInfo.targets(189,5): message : Property reassignment: $(_GenerateRazorAssemblyInfoDependsOn)="
       C:\Program Files\dotnet\sdk\10.0.101\Sdks\Microsoft.NET.Sdk.Razor\targets\Microsoft.NET.Sdk.Razor.GenerateAssemblyInfo.targets(189,5): message :       _ResolveMvcAssemblyAttributes;
       C:\Program Files\dotnet\sdk\10.0.101\Sdks\Microsoft.NET.Sdk.Razor\targets\Microsoft.NET.Sdk.Razor.GenerateAssemblyInfo.targets(189,5): message :       RazorGetAssemblyAttributes;PrepareForBuild;_CoreGenerateRazorAssemblyInfo;
       C:\Program Files\dotnet\sdk\10.0.101\Sdks\Microsoft.NET.Sdk.Razor\targets\Microsoft.NET.Sdk.Razor.GenerateAssemblyInfo.targets(189,5): message :     " (previous value: "RazorGetAssemblyAttributes;PrepareForBuild;_CoreGenerateRazorAssemblyInfo") at C:\Program Files\dotnet\sdk\10.0.101\Sdks\Microsoft.NET.Sdk.Razor\targets\Microsoft.NET.Sdk.Razor.GenerateAssemblyInfo.targets (189,5)
       C:\Program Files\dotnet\sdk\10.0.101\Sdks\Microsoft.NET.Sdk.Razor\targets\Microsoft.NET.Sdk.Razor.MvcApplicationPartsDiscovery.targets(22,5): message : Property reassignment: $(CoreCompileDependsOn)="
       C:\Program Files\dotnet\sdk\10.0.101\Sdks\Microsoft.NET.Sdk.Razor\targets\Microsoft.NET.Sdk.Razor.MvcApplicationPartsDiscovery.targets(22,5): message :       _DiscoverMvcApplicationParts;
       C:\Program Files\dotnet\sdk\10.0.101\Sdks\Microsoft.NET.Sdk.Razor\targets\Microsoft.NET.Sdk.Razor.MvcApplicationPartsDiscovery.targets(22,5): message :       
       C:\Program Files\dotnet\sdk\10.0.101\Sdks\Microsoft.NET.Sdk.Razor\targets\Microsoft.NET.Sdk.Razor.MvcApplicationPartsDiscovery.targets(22,5): message :       ;_ComputeNonExistentFileProperty;ResolveCodeAnalysisRuleSet;
       C:\Program Files\dotnet\sdk\10.0.101\Sdks\Microsoft.NET.Sdk.Razor\targets\Microsoft.NET.Sdk.Razor.MvcApplicationPartsDiscovery.targets(22,5): message :       _GenerateRazorAssemblyInfo
       C:\Program Files\dotnet\sdk\10.0.101\Sdks\Microsoft.NET.Sdk.Razor\targets\Microsoft.NET.Sdk.Razor.MvcApplicationPartsDiscovery.targets(22,5): message :     ;
       C:\Program Files\dotnet\sdk\10.0.101\Sdks\Microsoft.NET.Sdk.Razor\targets\Microsoft.NET.Sdk.Razor.MvcApplicationPartsDiscovery.targets(22,5): message :     " (previous value: "
       C:\Program Files\dotnet\sdk\10.0.101\Sdks\Microsoft.NET.Sdk.Razor\targets\Microsoft.NET.Sdk.Razor.MvcApplicationPartsDiscovery.targets(22,5): message :       ;_ComputeNonExistentFileProperty;ResolveCodeAnalysisRuleSet;
       C:\Program Files\dotnet\sdk\10.0.101\Sdks\Microsoft.NET.Sdk.Razor\targets\Microsoft.NET.Sdk.Razor.MvcApplicationPartsDiscovery.targets(22,5): message :       _GenerateRazorAssemblyInfo
       C:\Program Files\dotnet\sdk\10.0.101\Sdks\Microsoft.NET.Sdk.Razor\targets\Microsoft.NET.Sdk.Razor.MvcApplicationPartsDiscovery.targets(22,5): message :     ") at C:\Program Files\dotnet\sdk\10.0.101\Sdks\Microsoft.NET.Sdk.Razor\targets\Microsoft.NET.Sdk.Razor.MvcApplicationPartsDiscovery.targets (22,5)
       C:\Program Files\dotnet\sdk\10.0.101\Sdks\Microsoft.NET.Sdk.Razor\targets\Sdk.Razor.CurrentVersion.targets(884,5): message : Property reassignment: $(RazorDesignTimeTargets)="C:\Program Files\dotnet\sdk\10.0.101\Sdks\Microsoft.NET.Sdk.Razor\targets\Microsoft.NET.Sdk.Razor.DesignTime.targets" (previous value: "C:\Program Files\dotnet\sdk\10.0.101\\Microsoft\VisualStudio\Razor\Microsoft.NET.Sdk.Razor.DesignTime.targets") at C:\Program Files\dotnet\sdk\10.0.101\Sdks\Microsoft.NET.Sdk.Razor\targets\Sdk.Razor.CurrentVersion.targets (884,5)
       C:\Program Files\dotnet\sdk\10.0.101\Sdks\Microsoft.NET.Sdk.Web.ProjectSystem\targets\Microsoft.NET.Sdk.Web.ProjectSystem.targets(21,5): message : Property reassignment: $(RunWorkingDirectory)="c:\krishna mini project\backend\InternalExamScrutinySystem.Api" (previous value: "") at C:\Program Files\dotnet\sdk\10.0.101\Sdks\Microsoft.NET.Sdk.Web.ProjectSystem\targets\Microsoft.NET.Sdk.Web.ProjectSystem.targets (21,5)
       C:\Program Files\dotnet\sdk\10.0.101\Sdks\Microsoft.NET.Sdk.Publish\targets\Microsoft.NET.Sdk.Publish.targets(60,5): message : Property reassignment: $(PublishProfileImported)="true" (previous value: "false") at C:\Program Files\dotnet\sdk\10.0.101\Sdks\Microsoft.NET.Sdk.Publish\targets\Microsoft.NET.Sdk.Publish.targets (60,5)
       C:\Program Files\dotnet\sdk\10.0.101\Sdks\Microsoft.NET.Sdk.Publish\targets\Microsoft.NET.Sdk.Publish.targets(81,5): message : Property reassignment: $(PublishConfiguration)="Debug" (previous value: "") at C:\Program Files\dotnet\sdk\10.0.101\Sdks\Microsoft.NET.Sdk.Publish\targets\Microsoft.NET.Sdk.Publish.targets (81,5)
       C:\Program Files\dotnet\sdk\10.0.101\Sdks\Microsoft.NET.Sdk.Publish\targets\Microsoft.NET.Sdk.Publish.targets(87,5): message : Property reassignment: $(BaseIntermediateOutputPath)="c:\krishna mini project\backend\InternalExamScrutinySystem.Api\obj\" (previous value: "obj\") at C:\Program Files\dotnet\sdk\10.0.101\Sdks\Microsoft.NET.Sdk.Publish\targets\Microsoft.NET.Sdk.Publish.targets (87,5)
       Assembly loaded during Evaluation: System.Collections.NonGeneric, Version=10.0.0.0, Culture=neutral, PublicKeyToken=b03f5f7f11d50a3a (location: C:\Program Files\dotnet\shared\Microsoft.NETCore.App\10.0.1\System.Collections.NonGeneric.dll, MVID: 5048f4ab-dbd8-4b4b-9e0f-fa8f211354cf, AssemblyLoadContext: Default)
       Overriding target "ResolveFrameworkReferences" in project "C:\Program Files\dotnet\sdk\10.0.101\Microsoft.Common.CurrentVersion.targets" with target "ResolveFrameworkReferences" from project "C:\Program Files\dotnet\sdk\10.0.101\Sdks\Microsoft.NET.Sdk\targets\Microsoft.NET.Sdk.FrameworkReferenceResolution.targets".
       Overriding target "GenerateSupportedTargetFrameworkAlias" in project "C:\Program Files\dotnet\sdk\10.0.101\Microsoft.Common.CurrentVersion.targets" with target "GenerateSupportedTargetFrameworkAlias" from project "C:\Program Files\dotnet\sdk\10.0.101\Sdks\Microsoft.NET.Sdk\targets\Microsoft.NET.Sdk.targets".
       Overriding target "GetReferenceAssemblyPaths" in project "C:\Program Files\dotnet\sdk\10.0.101\Microsoft.Common.CurrentVersion.targets" with target "GetReferenceAssemblyPaths" from project "C:\Program Files\dotnet\sdk\10.0.101\Sdks\Microsoft.NET.Sdk\targets\Microsoft.NET.DisableStandardFrameworkResolution.targets".
       Overriding target "GetFrameworkPaths" in project "C:\Program Files\dotnet\sdk\10.0.101\Microsoft.Common.CurrentVersion.targets" with target "GetFrameworkPaths" from project "C:\Program Files\dotnet\sdk\10.0.101\Sdks\Microsoft.NET.Sdk\targets\Microsoft.NET.DisableStandardFrameworkResolution.targets".
       Overriding target "DesignerRuntimeImplementationProjectOutputGroup" in project "C:\Program Files\dotnet\sdk\10.0.101\Microsoft.Common.CurrentVersion.targets" with target "DesignerRuntimeImplementationProjectOutputGroup" from project "C:\Program Files\dotnet\sdk\10.0.101\Sdks\Microsoft.NET.Sdk\targets\Microsoft.NET.DesignerSupport.targets".
       Overriding target "Publish" in project "C:\Program Files\dotnet\sdk\10.0.101\Microsoft.Common.CurrentVersion.targets" with target "Publish" from project "C:\Program Files\dotnet\sdk\10.0.101\Sdks\Microsoft.NET.Sdk\targets\Microsoft.NET.Publish.targets".
       Overriding target "ResolveReadyToRunCompilers" in project "C:\Program Files\dotnet\sdk\10.0.101\Sdks\Microsoft.NET.Sdk\targets\Microsoft.NET.CrossGen.targets" with target "ResolveReadyToRunCompilers" from project "C:\Program Files\dotnet\sdk\10.0.101\Sdks\Microsoft.NET.Sdk\targets\Microsoft.NET.Publish.targets".
       Overriding target "GetCopyToPublishDirectoryItems" in project "C:\Program Files\dotnet\sdk\10.0.101\Microsoft.Common.CurrentVersion.targets" with target "GetCopyToPublishDirectoryItems" from project "C:\Program Files\dotnet\sdk\10.0.101\Sdks\Microsoft.NET.Sdk\targets\Microsoft.NET.Publish.targets".
       Overriding target "Run" in project "C:\Program Files\dotnet\sdk\10.0.101\Microsoft.Common.CurrentVersion.targets" with target "Run" from project "C:\Program Files\dotnet\sdk\10.0.101\Sdks\Microsoft.NET.Sdk\targets\Microsoft.NET.Sdk.targets".
       Overriding target "BeforePublish" in project "C:\Program Files\dotnet\sdk\10.0.101\Microsoft.Common.CurrentVersion.targets" with target "BeforePublish" from project "C:\Program Files\dotnet\sdk\10.0.101\Sdks\Microsoft.NET.Sdk.Publish\targets\Microsoft.NET.Sdk.Publish.targets".
       Overriding target "AfterPublish" in project "C:\Program Files\dotnet\sdk\10.0.101\Microsoft.Common.CurrentVersion.targets" with target "AfterPublish" from project "C:\Program Files\dotnet\sdk\10.0.101\Sdks\Microsoft.NET.Sdk.Publish\targets\Microsoft.NET.Sdk.Publish.targets".
       The target "CollectUpToDateCheckInputDesignTime" listed in a BeforeTargets attribute at "C:\Program Files\dotnet\sdk\10.0.101\Sdks\Microsoft.NET.Sdk.StaticWebAssets\targets\Microsoft.NET.Sdk.StaticWebAssets.ScopedCss.targets (171,5)" does not exist in the project, and will be ignored.
       The target "CollectUpToDateCheckBuiltDesignTime" listed in a BeforeTargets attribute at "C:\Program Files\dotnet\sdk\10.0.101\Sdks\Microsoft.NET.Sdk.StaticWebAssets\targets\Microsoft.NET.Sdk.StaticWebAssets.ScopedCss.targets (171,5)" does not exist in the project, and will be ignored.
       The target "RazorGenerateComponentDeclaration" listed in an AfterTargets attribute at "C:\Program Files\dotnet\sdk\10.0.101\Sdks\Microsoft.NET.Sdk.Razor\targets\Microsoft.NET.Sdk.Razor.DesignTime.targets (55,53)" does not exist in the project, and will be ignored.
     1>Project "c:\krishna mini project\backend\InternalExamScrutinySystem.Api\InternalExamScrutinySystem.Api.csproj" on node 1 (Restore target(s)).
     1>Target "_LoadRestoreGraphEntryPoints" in file "C:\Program Files\dotnet\sdk\10.0.101\NuGet.targets" from project "c:\krishna mini project\backend\InternalExamScrutinySystem.Api\InternalExamScrutinySystem.Api.csproj" (target "_FilterRestoreGraphProjectInputItems" depends on it):
     1>Done building target "_LoadRestoreGraphEntryPoints" in project "InternalExamScrutinySystem.Api.csproj".
     1>Target "_FilterRestoreGraphProjectInputItems" in file "C:\Program Files\dotnet\sdk\10.0.101\NuGet.targets" from project "c:\krishna mini project\backend\InternalExamScrutinySystem.Api\InternalExamScrutinySystem.Api.csproj" (target "_GenerateRestoreGraph" depends on it):
       Using "RemoveDuplicates" task from assembly "Microsoft.Build.Tasks.Core, Version=15.1.0.0, Culture=neutral, PublicKeyToken=b03f5f7f11d50a3a".
       Task "RemoveDuplicates"
       Done executing task "RemoveDuplicates".
       Using "MSBuild" task from assembly "Microsoft.Build.Tasks.Core, Version=15.1.0.0, Culture=neutral, PublicKeyToken=b03f5f7f11d50a3a".
       Task "MSBuild"
         Global Properties:
           ExcludeRestorePackageImports=true
     0>C:\Program Files\dotnet\sdk\10.0.101\Sdks\Microsoft.NET.Sdk\Sdk\Sdk.props(49,11): message : Property 'MSBuildExtensionsPath' with value 'C:\Program Files\dotnet\sdk\10.0.101\' expanded from the environment.
       C:\Program Files\dotnet\sdk\10.0.101\Current\Microsoft.Common.props(60,5): message : Property reassignment: $(MSBuildProjectExtensionsPath)="c:\krishna mini project\backend\InternalExamScrutinySystem.Api\obj\" (previous value: "obj\") at C:\Program Files\dotnet\sdk\10.0.101\Current\Microsoft.Common.props (60,5)
       C:\Program Files\dotnet\sdk\10.0.101\Current\Microsoft.Common.props(84,119): message : Property 'MSBuildUserExtensionsPath' with value 'C:\Users\MUKHIL\AppData\Local\Microsoft\MSBuild' expanded from the environment.
       C:\Program Files\dotnet\sdk\10.0.101\Sdks\Microsoft.NET.Sdk\targets\Microsoft.NET.Sdk.props(90,5): message : Property reassignment: $(AssemblySearchPaths)="{CandidateAssemblyFiles};{HintPathFromItem}" (previous value: "{CandidateAssemblyFiles}") at C:\Program Files\dotnet\sdk\10.0.101\Sdks\Microsoft.NET.Sdk\targets\Microsoft.NET.Sdk.props (90,5)
       C:\Program Files\dotnet\sdk\10.0.101\Sdks\Microsoft.NET.Sdk\targets\Microsoft.NET.Sdk.props(91,5): message : Property reassignment: $(AssemblySearchPaths)="{CandidateAssemblyFiles};{HintPathFromItem};{TargetFrameworkDirectory}" (previous value: "{CandidateAssemblyFiles};{HintPathFromItem}") at C:\Program Files\dotnet\sdk\10.0.101\Sdks\Microsoft.NET.Sdk\targets\Microsoft.NET.Sdk.props (91,5)
       C:\Program Files\dotnet\sdk\10.0.101\Sdks\Microsoft.NET.Sdk\targets\Microsoft.NET.Sdk.props(92,5): message : Property reassignment: $(AssemblySearchPaths)="{CandidateAssemblyFiles};{HintPathFromItem};{TargetFrameworkDirectory};{RawFileName}" (previous value: "{CandidateAssemblyFiles};{HintPathFromItem};{TargetFrameworkDirectory}") at C:\Program Files\dotnet\sdk\10.0.101\Sdks\Microsoft.NET.Sdk\targets\Microsoft.NET.Sdk.props (92,5)
       C:\Program Files\dotnet\sdk\10.0.101\Sdks\Microsoft.NET.Sdk.StaticWebAssets\Sdk\Sdk.StaticWebAssets.StaticAssets.ProjectSystem.props(23,5): message : Property reassignment: $(DefaultItemExcludes)=";**\node_modules\**;node_modules\**;**\jspm_packages\**;jspm_packages\**" (previous value: ";**\node_modules\**;node_modules\**") at C:\Program Files\dotnet\sdk\10.0.101\Sdks\Microsoft.NET.Sdk.StaticWebAssets\Sdk\Sdk.StaticWebAssets.StaticAssets.ProjectSystem.props (23,5)
       C:\Program Files\dotnet\sdk\10.0.101\Sdks\Microsoft.NET.Sdk.StaticWebAssets\Sdk\Sdk.StaticWebAssets.StaticAssets.ProjectSystem.props(24,5): message : Property reassignment: $(DefaultItemExcludes)=";**\node_modules\**;node_modules\**;**\jspm_packages\**;jspm_packages\**;**\bower_components\**;bower_components\**" (previous value: ";**\node_modules\**;node_modules\**;**\jspm_packages\**;jspm_packages\**") at C:\Program Files\dotnet\sdk\10.0.101\Sdks\Microsoft.NET.Sdk.StaticWebAssets\Sdk\Sdk.StaticWebAssets.StaticAssets.ProjectSystem.props (24,5)
       C:\Program Files\dotnet\sdk\10.0.101\Sdks\Microsoft.NET.Sdk.StaticWebAssets\Sdk\Sdk.StaticWebAssets.StaticAssets.ProjectSystem.props(25,5): message : Property reassignment: $(DefaultItemExcludes)=";**\node_modules\**;node_modules\**;**\jspm_packages\**;jspm_packages\**;**\bower_components\**;bower_components\**;**\packages.lock.json" (previous value: ";**\node_modules\**;node_modules\**;**\jspm_packages\**;jspm_packages\**;**\bower_components\**;bower_components\**") at C:\Program Files\dotnet\sdk\10.0.101\Sdks\Microsoft.NET.Sdk.StaticWebAssets\Sdk\Sdk.StaticWebAssets.StaticAssets.ProjectSystem.props (25,5)
       C:\Program Files\dotnet\sdk\10.0.101\Sdks\Microsoft.NET.Sdk.Web.ProjectSystem\targets\Microsoft.NET.Sdk.Web.ProjectSystem.props(16,5): message : Property reassignment: $(OutputType)="Exe" (previous value: "Library") at C:\Program Files\dotnet\sdk\10.0.101\Sdks\Microsoft.NET.Sdk.Web.ProjectSystem\targets\Microsoft.NET.Sdk.Web.ProjectSystem.props (16,5)
       C:\Program Files\dotnet\sdk\10.0.101\Sdks\Microsoft.NET.Sdk\targets\Microsoft.NET.Sdk.ImportPublishProfile.targets(28,5): message : Property reassignment: $(PublishProfileImported)="false" (previous value: "true") at C:\Program Files\dotnet\sdk\10.0.101\Sdks\Microsoft.NET.Sdk\targets\Microsoft.NET.Sdk.ImportPublishProfile.targets (28,5)
       C:\Program Files\dotnet\sdk\10.0.101\Sdks\Microsoft.NET.Sdk\targets\Microsoft.NET.TargetFrameworkInference.targets(81,5): message : Property reassignment: $(TargetPlatformVersion)="" (previous value: "0.0") at C:\Program Files\dotnet\sdk\10.0.101\Sdks\Microsoft.NET.Sdk\targets\Microsoft.NET.TargetFrameworkInference.targets (81,5)
       C:\Program Files\dotnet\sdk\10.0.101\Sdks\Microsoft.NET.Sdk\targets\Microsoft.NET.DefaultOutputPaths.targets(126,5): message : Property reassignment: $(DefaultItemExcludes)=";**\node_modules\**;node_modules\**;**\jspm_packages\**;jspm_packages\**;**\bower_components\**;bower_components\**;**\packages.lock.json;bin\Debug\/**" (previous value: ";**\node_modules\**;node_modules\**;**\jspm_packages\**;jspm_packages\**;**\bower_components\**;bower_components\**;**\packages.lock.json") at C:\Program Files\dotnet\sdk\10.0.101\Sdks\Microsoft.NET.Sdk\targets\Microsoft.NET.DefaultOutputPaths.targets (126,5)
       C:\Program Files\dotnet\sdk\10.0.101\Sdks\Microsoft.NET.Sdk\targets\Microsoft.NET.DefaultOutputPaths.targets(127,5): message : Property reassignment: $(DefaultItemExcludes)=";**\node_modules\**;node_modules\**;**\jspm_packages\**;jspm_packages\**;**\bower_components\**;bower_components\**;**\packages.lock.json;bin\Debug\/**;obj\Debug\/**" (previous value: ";**\node_modules\**;node_modules\**;**\jspm_packages\**;jspm_packages\**;**\bower_components\**;bower_components\**;**\packages.lock.json;bin\Debug\/**") at C:\Program Files\dotnet\sdk\10.0.101\Sdks\Microsoft.NET.Sdk\targets\Microsoft.NET.DefaultOutputPaths.targets (127,5)
       C:\Program Files\dotnet\sdk\10.0.101\Sdks\Microsoft.NET.Sdk\targets\Microsoft.NET.DefaultOutputPaths.targets(142,5): message : Property reassignment: $(OutputPath)="bin\Debug\net8.0\" (previous value: "bin\Debug\") at C:\Program Files\dotnet\sdk\10.0.101\Sdks\Microsoft.NET.Sdk\targets\Microsoft.NET.DefaultOutputPaths.targets (142,5)
       C:\Program Files\dotnet\sdk\10.0.101\Sdks\Microsoft.NET.Sdk\targets\Microsoft.NET.DefaultOutputPaths.targets(147,5): message : Property reassignment: $(IntermediateOutputPath)="obj\Debug\net8.0\" (previous value: "obj\Debug\") at C:\Program Files\dotnet\sdk\10.0.101\Sdks\Microsoft.NET.Sdk\targets\Microsoft.NET.DefaultOutputPaths.targets (147,5)
       C:\Program Files\dotnet\sdk\10.0.101\Sdks\Microsoft.NET.Sdk\targets\Microsoft.NET.Sdk.BeforeCommon.targets(371,5): message : Property reassignment: $(RoslynTargetsPath)="C:\Program Files\dotnet\sdk\10.0.101\Sdks\Microsoft.NET.Sdk\targets\..\..\..\Roslyn" (previous value: "C:\Program Files\dotnet\sdk\10.0.101\Roslyn") at C:\Program Files\dotnet\sdk\10.0.101\Sdks\Microsoft.NET.Sdk\targets\Microsoft.NET.Sdk.BeforeCommon.targets (371,5)
       C:\Program Files\dotnet\sdk\10.0.101\Roslyn\Microsoft.Managed.Core.targets(6,5): message : Property reassignment: $(_BuildTasksDirectory)="C:\Program Files\dotnet\sdk\10.0.101\Sdks\Microsoft.NET.Sdk\targets\..\..\..\Roslyn\" (previous value: "C:\Program Files\dotnet\sdk\10.0.101\Roslyn\") at C:\Program Files\dotnet\sdk\10.0.101\Roslyn\Microsoft.Managed.Core.targets (6,5)
       C:\Program Files\dotnet\sdk\10.0.101\Roslyn\Microsoft.CSharp.Core.targets(200,5): message : Property reassignment: $(CommandLineArgsForDesignTimeEvaluation)="-langversion:12.0 -define:TRACE" (previous value: "-langversion:12.0") at C:\Program Files\dotnet\sdk\10.0.101\Roslyn\Microsoft.CSharp.Core.targets (200,5)
       C:\Program Files\dotnet\sdk\10.0.101\Microsoft.Common.CurrentVersion.targets(175,5): message : Property reassignment: $(_DebugSymbolsProduced)="true" (previous value: "false") at C:\Program Files\dotnet\sdk\10.0.101\Microsoft.Common.CurrentVersion.targets (175,5)
       C:\Program Files\dotnet\sdk\10.0.101\Microsoft.Common.CurrentVersion.targets(185,5): message : Property reassignment: $(_DocumentationFileProduced)="false" (previous value: "true") at C:\Program Files\dotnet\sdk\10.0.101\Microsoft.Common.CurrentVersion.targets (185,5)
       C:\Program Files\dotnet\sdk\10.0.101\Microsoft.Common.CurrentVersion.targets(392,5): message : Property reassignment: $(MSBuildCopyMarkerName)="Internal.97ADDD31" (previous value: "InternalExamScrutinySystem.Api.csproj") at C:\Program Files\dotnet\sdk\10.0.101\Microsoft.Common.CurrentVersion.targets (392,5)
       C:\Program Files\dotnet\sdk\10.0.101\Microsoft.Common.CurrentVersion.targets(393,5): message : Property reassignment: $(MSBuildCopyMarkerName)="Internal.97ADDD31.Up2Date" (previous value: "Internal.97ADDD31") at C:\Program Files\dotnet\sdk\10.0.101\Microsoft.Common.CurrentVersion.targets (393,5)
       C:\Program Files\dotnet\sdk\10.0.101\Microsoft.Common.CurrentVersion.targets(541,5): message : Property reassignment: $(ProcessorArchitecture)="msil" (previous value: "") at C:\Program Files\dotnet\sdk\10.0.101\Microsoft.Common.CurrentVersion.targets (541,5)
       C:\Program Files\dotnet\sdk\10.0.101\Microsoft.Common.CurrentVersion.targets(580,5): message : Property reassignment: $(DelaySign)="" (previous value: "false") at C:\Program Files\dotnet\sdk\10.0.101\Microsoft.Common.CurrentVersion.targets (580,5)
       C:\Program Files\dotnet\sdk\10.0.101\Microsoft.Common.CurrentVersion.targets(2606,5): message : Property 'LOCALAPPDATA' with value 'C:\Users\MUKHIL\AppData\Local' expanded from the environment.
       C:\Program Files\dotnet\sdk\10.0.101\Microsoft.Common.CurrentVersion.targets(3934,5): message : Property reassignment: $(_SGenGenerateSerializationAssembliesConfig)="Auto" (previous value: "") at C:\Program Files\dotnet\sdk\10.0.101\Microsoft.Common.CurrentVersion.targets (3934,5)
       C:\Program Files\dotnet\sdk\10.0.101\Microsoft.Common.CurrentVersion.targets(3935,5): message : Property reassignment: $(_SGenGenerateSerializationAssembliesConfig)="Off" (previous value: "Auto") at C:\Program Files\dotnet\sdk\10.0.101\Microsoft.Common.CurrentVersion.targets (3935,5)
       C:\Program Files\dotnet\sdk\10.0.101\Microsoft.Common.CurrentVersion.targets(5146,5): message : Property reassignment: $(_TargetsThatPrepareProjectReferences)="
       C:\Program Files\dotnet\sdk\10.0.101\Microsoft.Common.CurrentVersion.targets(5146,5): message :       AssignProjectConfiguration;
       C:\Program Files\dotnet\sdk\10.0.101\Microsoft.Common.CurrentVersion.targets(5146,5): message :       _SplitProjectReferencesByFileExistence
       C:\Program Files\dotnet\sdk\10.0.101\Microsoft.Common.CurrentVersion.targets(5146,5): message :     " (previous value: "_SplitProjectReferencesByFileExistence") at C:\Program Files\dotnet\sdk\10.0.101\Microsoft.Common.CurrentVersion.targets (5146,5)
       C:\Program Files\dotnet\sdk\10.0.101\Microsoft.Common.CurrentVersion.targets(6959,5): message : Property 'MSBuildExtensionsPath32' with value 'C:\Program Files\dotnet\sdk\10.0.101' expanded from the environment.
       The "NuGetInteractive" property is a global property, and cannot be modified.
       C:\Program Files\dotnet\sdk\10.0.101\Sdks\Microsoft.NET.Sdk\targets\Microsoft.PackageDependencyResolution.targets(24,5): message : Property reassignment: $(ProjectAssetsFile)="c:\krishna mini project\backend\InternalExamScrutinySystem.Api\obj\project.assets.json" (previous value: "c:\krishna mini project\backend\InternalExamScrutinySystem.Api\obj\/project.assets.json") at C:\Program Files\dotnet\sdk\10.0.101\Sdks\Microsoft.NET.Sdk\targets\Microsoft.PackageDependencyResolution.targets (24,5)
       C:\Program Files\dotnet\sdk\10.0.101\Sdks\Microsoft.NET.Sdk\targets\Microsoft.PackageDependencyResolution.targets(29,5): message : Property reassignment: $(ProjectAssetsCacheFile)="c:\krishna mini project\backend\InternalExamScrutinySystem.Api\obj\Debug\net8.0\InternalExamScrutinySystem.Api.assets.cache" (previous value: "obj\Debug\net8.0\InternalExamScrutinySystem.Api.assets.cache") at C:\Program Files\dotnet\sdk\10.0.101\Sdks\Microsoft.NET.Sdk\targets\Microsoft.PackageDependencyResolution.targets (29,5)
       C:\Program Files\dotnet\sdk\10.0.101\Sdks\Microsoft.NET.Sdk\targets\Microsoft.PackageDependencyResolution.targets(80,5): message : Property reassignment: $(ResolveAssemblyReferencesDependsOn)="
       C:\Program Files\dotnet\sdk\10.0.101\Sdks\Microsoft.NET.Sdk\targets\Microsoft.PackageDependencyResolution.targets(80,5): message :       
       C:\Program Files\dotnet\sdk\10.0.101\Sdks\Microsoft.NET.Sdk\targets\Microsoft.PackageDependencyResolution.targets(80,5): message :       ResolveProjectReferences;
       C:\Program Files\dotnet\sdk\10.0.101\Sdks\Microsoft.NET.Sdk\targets\Microsoft.PackageDependencyResolution.targets(80,5): message :       FindInvalidProjectReferences;
       C:\Program Files\dotnet\sdk\10.0.101\Sdks\Microsoft.NET.Sdk\targets\Microsoft.PackageDependencyResolution.targets(80,5): message :       GetFrameworkPaths;
       C:\Program Files\dotnet\sdk\10.0.101\Sdks\Microsoft.NET.Sdk\targets\Microsoft.PackageDependencyResolution.targets(80,5): message :       GetReferenceAssemblyPaths;
       C:\Program Files\dotnet\sdk\10.0.101\Sdks\Microsoft.NET.Sdk\targets\Microsoft.PackageDependencyResolution.targets(80,5): message :       PrepareForBuild;
       C:\Program Files\dotnet\sdk\10.0.101\Sdks\Microsoft.NET.Sdk\targets\Microsoft.PackageDependencyResolution.targets(80,5): message :       ResolveSDKReferences;
       C:\Program Files\dotnet\sdk\10.0.101\Sdks\Microsoft.NET.Sdk\targets\Microsoft.PackageDependencyResolution.targets(80,5): message :       ExpandSDKReferences;
       C:\Program Files\dotnet\sdk\10.0.101\Sdks\Microsoft.NET.Sdk\targets\Microsoft.PackageDependencyResolution.targets(80,5): message :     ;
       C:\Program Files\dotnet\sdk\10.0.101\Sdks\Microsoft.NET.Sdk\targets\Microsoft.PackageDependencyResolution.targets(80,5): message :       ResolvePackageDependenciesForBuild;
       C:\Program Files\dotnet\sdk\10.0.101\Sdks\Microsoft.NET.Sdk\targets\Microsoft.PackageDependencyResolution.targets(80,5): message :       _HandlePackageFileConflicts;
       C:\Program Files\dotnet\sdk\10.0.101\Sdks\Microsoft.NET.Sdk\targets\Microsoft.PackageDependencyResolution.targets(80,5): message :     " (previous value: "
       C:\Program Files\dotnet\sdk\10.0.101\Sdks\Microsoft.NET.Sdk\targets\Microsoft.PackageDependencyResolution.targets(80,5): message :       ResolveProjectReferences;
       C:\Program Files\dotnet\sdk\10.0.101\Sdks\Microsoft.NET.Sdk\targets\Microsoft.PackageDependencyResolution.targets(80,5): message :       FindInvalidProjectReferences;
       C:\Program Files\dotnet\sdk\10.0.101\Sdks\Microsoft.NET.Sdk\targets\Microsoft.PackageDependencyResolution.targets(80,5): message :       GetFrameworkPaths;
       C:\Program Files\dotnet\sdk\10.0.101\Sdks\Microsoft.NET.Sdk\targets\Microsoft.PackageDependencyResolution.targets(80,5): message :       GetReferenceAssemblyPaths;
       C:\Program Files\dotnet\sdk\10.0.101\Sdks\Microsoft.NET.Sdk\targets\Microsoft.PackageDependencyResolution.targets(80,5): message :       PrepareForBuild;
       C:\Program Files\dotnet\sdk\10.0.101\Sdks\Microsoft.NET.Sdk\targets\Microsoft.PackageDependencyResolution.targets(80,5): message :       ResolveSDKReferences;
       C:\Program Files\dotnet\sdk\10.0.101\Sdks\Microsoft.NET.Sdk\targets\Microsoft.PackageDependencyResolution.targets(80,5): message :       ExpandSDKReferences;
       C:\Program Files\dotnet\sdk\10.0.101\Sdks\Microsoft.NET.Sdk\targets\Microsoft.PackageDependencyResolution.targets(80,5): message :     ") at C:\Program Files\dotnet\sdk\10.0.101\Sdks\Microsoft.NET.Sdk\targets\Microsoft.PackageDependencyResolution.targets (80,5)
       C:\Program Files\dotnet\sdk\10.0.101\Sdks\Microsoft.NET.Sdk\targets\Microsoft.PackageDependencyResolution.targets(86,5): message : Property reassignment: $(PrepareResourcesDependsOn)="
       C:\Program Files\dotnet\sdk\10.0.101\Sdks\Microsoft.NET.Sdk\targets\Microsoft.PackageDependencyResolution.targets(86,5): message :       ResolvePackageDependenciesForBuild;
       C:\Program Files\dotnet\sdk\10.0.101\Sdks\Microsoft.NET.Sdk\targets\Microsoft.PackageDependencyResolution.targets(86,5): message :       _HandlePackageFileConflicts;
       C:\Program Files\dotnet\sdk\10.0.101\Sdks\Microsoft.NET.Sdk\targets\Microsoft.PackageDependencyResolution.targets(86,5): message :       
       C:\Program Files\dotnet\sdk\10.0.101\Sdks\Microsoft.NET.Sdk\targets\Microsoft.PackageDependencyResolution.targets(86,5): message :       ;
       C:\Program Files\dotnet\sdk\10.0.101\Sdks\Microsoft.NET.Sdk\targets\Microsoft.PackageDependencyResolution.targets(86,5): message :       PrepareResourceNames;
       C:\Program Files\dotnet\sdk\10.0.101\Sdks\Microsoft.NET.Sdk\targets\Microsoft.PackageDependencyResolution.targets(86,5): message :       ResGen;
       C:\Program Files\dotnet\sdk\10.0.101\Sdks\Microsoft.NET.Sdk\targets\Microsoft.PackageDependencyResolution.targets(86,5): message :       CompileLicxFiles
       C:\Program Files\dotnet\sdk\10.0.101\Sdks\Microsoft.NET.Sdk\targets\Microsoft.PackageDependencyResolution.targets(86,5): message :     
       C:\Program Files\dotnet\sdk\10.0.101\Sdks\Microsoft.NET.Sdk\targets\Microsoft.PackageDependencyResolution.targets(86,5): message :     " (previous value: "
       C:\Program Files\dotnet\sdk\10.0.101\Sdks\Microsoft.NET.Sdk\targets\Microsoft.PackageDependencyResolution.targets(86,5): message :       ;
       C:\Program Files\dotnet\sdk\10.0.101\Sdks\Microsoft.NET.Sdk\targets\Microsoft.PackageDependencyResolution.targets(86,5): message :       PrepareResourceNames;
       C:\Program Files\dotnet\sdk\10.0.101\Sdks\Microsoft.NET.Sdk\targets\Microsoft.PackageDependencyResolution.targets(86,5): message :       ResGen;
       C:\Program Files\dotnet\sdk\10.0.101\Sdks\Microsoft.NET.Sdk\targets\Microsoft.PackageDependencyResolution.targets(86,5): message :       CompileLicxFiles
       C:\Program Files\dotnet\sdk\10.0.101\Sdks\Microsoft.NET.Sdk\targets\Microsoft.PackageDependencyResolution.targets(86,5): message :     ") at C:\Program Files\dotnet\sdk\10.0.101\Sdks\Microsoft.NET.Sdk\targets\Microsoft.PackageDependencyResolution.targets (86,5)
       The "EnableDefaultCompileItems" property is a global property, and cannot be modified.
       The "EnableDefaultEmbeddedResourceItems" property is a global property, and cannot be modified.
       The "EnableDefaultNoneItems" property is a global property, and cannot be modified.
       C:\Program Files\dotnet\sdk\10.0.101\Sdks\Microsoft.NET.Sdk\targets\Microsoft.NET.Sdk.DefaultItems.targets(35,5): message : Property reassignment: $(DefaultItemExcludes)=";**\node_modules\**;node_modules\**;**\jspm_packages\**;jspm_packages\**;**\bower_components\**;bower_components\**;**\packages.lock.json;bin\Debug\/**;obj\Debug\/**;bin\/**" (previous value: ";**\node_modules\**;node_modules\**;**\jspm_packages\**;jspm_packages\**;**\bower_components\**;bower_components\**;**\packages.lock.json;bin\Debug\/**;obj\Debug\/**") at C:\Program Files\dotnet\sdk\10.0.101\Sdks\Microsoft.NET.Sdk\targets\Microsoft.NET.Sdk.DefaultItems.targets (35,5)
       C:\Program Files\dotnet\sdk\10.0.101\Sdks\Microsoft.NET.Sdk\targets\Microsoft.NET.Sdk.DefaultItems.targets(37,5): message : Property reassignment: $(DefaultItemExcludes)=";**\node_modules\**;node_modules\**;**\jspm_packages\**;jspm_packages\**;**\bower_components\**;bower_components\**;**\packages.lock.json;bin\Debug\/**;obj\Debug\/**;bin\/**;obj\/**" (previous value: ";**\node_modules\**;node_modules\**;**\jspm_packages\**;jspm_packages\**;**\bower_components\**;bower_components\**;**\packages.lock.json;bin\Debug\/**;obj\Debug\/**;bin\/**") at C:\Program Files\dotnet\sdk\10.0.101\Sdks\Microsoft.NET.Sdk\targets\Microsoft.NET.Sdk.DefaultItems.targets (37,5)
       C:\Program Files\dotnet\sdk\10.0.101\Sdks\Microsoft.NET.Sdk\targets\Microsoft.NET.Sdk.DefaultItems.targets(40,5): message : Property reassignment: $(DefaultItemExcludes)=";**\node_modules\**;node_modules\**;**\jspm_packages\**;jspm_packages\**;**\bower_components\**;bower_components\**;**\packages.lock.json;bin\Debug\/**;obj\Debug\/**;bin\/**;obj\/**;**/*.user" (previous value: ";**\node_modules\**;node_modules\**;**\jspm_packages\**;jspm_packages\**;**\bower_components\**;bower_components\**;**\packages.lock.json;bin\Debug\/**;obj\Debug\/**;bin\/**;obj\/**") at C:\Program Files\dotnet\sdk\10.0.101\Sdks\Microsoft.NET.Sdk\targets\Microsoft.NET.Sdk.DefaultItems.targets (40,5)
       C:\Program Files\dotnet\sdk\10.0.101\Sdks\Microsoft.NET.Sdk\targets\Microsoft.NET.Sdk.DefaultItems.targets(41,5): message : Property reassignment: $(DefaultItemExcludes)=";**\node_modules\**;node_modules\**;**\jspm_packages\**;jspm_packages\**;**\bower_components\**;bower_components\**;**\packages.lock.json;bin\Debug\/**;obj\Debug\/**;bin\/**;obj\/**;**/*.user;**/*.*proj" (previous value: ";**\node_modules\**;node_modules\**;**\jspm_packages\**;jspm_packages\**;**\bower_components\**;bower_components\**;**\packages.lock.json;bin\Debug\/**;obj\Debug\/**;bin\/**;obj\/**;**/*.user") at C:\Program Files\dotnet\sdk\10.0.101\Sdks\Microsoft.NET.Sdk\targets\Microsoft.NET.Sdk.DefaultItems.targets (41,5)
       C:\Program Files\dotnet\sdk\10.0.101\Sdks\Microsoft.NET.Sdk\targets\Microsoft.NET.Sdk.DefaultItems.targets(42,5): message : Property reassignment: $(DefaultItemExcludes)=";**\node_modules\**;node_modules\**;**\jspm_packages\**;jspm_packages\**;**\bower_components\**;bower_components\**;**\packages.lock.json;bin\Debug\/**;obj\Debug\/**;bin\/**;obj\/**;**/*.user;**/*.*proj;**/*.sln" (previous value: ";**\node_modules\**;node_modules\**;**\jspm_packages\**;jspm_packages\**;**\bower_components\**;bower_components\**;**\packages.lock.json;bin\Debug\/**;obj\Debug\/**;bin\/**;obj\/**;**/*.user;**/*.*proj") at C:\Program Files\dotnet\sdk\10.0.101\Sdks\Microsoft.NET.Sdk\targets\Microsoft.NET.Sdk.DefaultItems.targets (42,5)
       C:\Program Files\dotnet\sdk\10.0.101\Sdks\Microsoft.NET.Sdk\targets\Microsoft.NET.Sdk.DefaultItems.targets(43,5): message : Property reassignment: $(DefaultItemExcludes)=";**\node_modules\**;node_modules\**;**\jspm_packages\**;jspm_packages\**;**\bower_components\**;bower_components\**;**\packages.lock.json;bin\Debug\/**;obj\Debug\/**;bin\/**;obj\/**;**/*.user;**/*.*proj;**/*.sln;**/*.slnx" (previous value: ";**\node_modules\**;node_modules\**;**\jspm_packages\**;jspm_packages\**;**\bower_components\**;bower_components\**;**\packages.lock.json;bin\Debug\/**;obj\Debug\/**;bin\/**;obj\/**;**/*.user;**/*.*proj;**/*.sln") at C:\Program Files\dotnet\sdk\10.0.101\Sdks\Microsoft.NET.Sdk\targets\Microsoft.NET.Sdk.DefaultItems.targets (43,5)
       C:\Program Files\dotnet\sdk\10.0.101\Sdks\Microsoft.NET.Sdk\targets\Microsoft.NET.Sdk.DefaultItems.targets(44,5): message : Property reassignment: $(DefaultItemExcludes)=";**\node_modules\**;node_modules\**;**\jspm_packages\**;jspm_packages\**;**\bower_components\**;bower_components\**;**\packages.lock.json;bin\Debug\/**;obj\Debug\/**;bin\/**;obj\/**;**/*.user;**/*.*proj;**/*.sln;**/*.slnx;**/*.vssscc" (previous value: ";**\node_modules\**;node_modules\**;**\jspm_packages\**;jspm_packages\**;**\bower_components\**;bower_components\**;**\packages.lock.json;bin\Debug\/**;obj\Debug\/**;bin\/**;obj\/**;**/*.user;**/*.*proj;**/*.sln;**/*.slnx") at C:\Program Files\dotnet\sdk\10.0.101\Sdks\Microsoft.NET.Sdk\targets\Microsoft.NET.Sdk.DefaultItems.targets (44,5)
       C:\Program Files\dotnet\sdk\10.0.101\Sdks\Microsoft.NET.Sdk\targets\Microsoft.NET.Sdk.DefaultItems.targets(45,5): message : Property reassignment: $(DefaultItemExcludes)=";**\node_modules\**;node_modules\**;**\jspm_packages\**;jspm_packages\**;**\bower_components\**;bower_components\**;**\packages.lock.json;bin\Debug\/**;obj\Debug\/**;bin\/**;obj\/**;**/*.user;**/*.*proj;**/*.sln;**/*.slnx;**/*.vssscc;**/.DS_Store" (previous value: ";**\node_modules\**;node_modules\**;**\jspm_packages\**;jspm_packages\**;**\bower_components\**;bower_components\**;**\packages.lock.json;bin\Debug\/**;obj\Debug\/**;bin\/**;obj\/**;**/*.user;**/*.*proj;**/*.sln;**/*.slnx;**/*.vssscc") at C:\Program Files\dotnet\sdk\10.0.101\Sdks\Microsoft.NET.Sdk\targets\Microsoft.NET.Sdk.DefaultItems.targets (45,5)
       C:\Program Files\dotnet\sdk\10.0.101\Sdks\Microsoft.NET.Sdk\targets\Microsoft.NET.Sdk.FrameworkReferenceResolution.targets(14,5): message : Property reassignment: $(ResolveAssemblyReferencesDependsOn)="
       C:\Program Files\dotnet\sdk\10.0.101\Sdks\Microsoft.NET.Sdk\targets\Microsoft.NET.Sdk.FrameworkReferenceResolution.targets(14,5): message :       
       C:\Program Files\dotnet\sdk\10.0.101\Sdks\Microsoft.NET.Sdk\targets\Microsoft.NET.Sdk.FrameworkReferenceResolution.targets(14,5): message :       
       C:\Program Files\dotnet\sdk\10.0.101\Sdks\Microsoft.NET.Sdk\targets\Microsoft.NET.Sdk.FrameworkReferenceResolution.targets(14,5): message :       ResolveProjectReferences;
       C:\Program Files\dotnet\sdk\10.0.101\Sdks\Microsoft.NET.Sdk\targets\Microsoft.NET.Sdk.FrameworkReferenceResolution.targets(14,5): message :       FindInvalidProjectReferences;
       C:\Program Files\dotnet\sdk\10.0.101\Sdks\Microsoft.NET.Sdk\targets\Microsoft.NET.Sdk.FrameworkReferenceResolution.targets(14,5): message :       GetFrameworkPaths;
       C:\Program Files\dotnet\sdk\10.0.101\Sdks\Microsoft.NET.Sdk\targets\Microsoft.NET.Sdk.FrameworkReferenceResolution.targets(14,5): message :       GetReferenceAssemblyPaths;
       C:\Program Files\dotnet\sdk\10.0.101\Sdks\Microsoft.NET.Sdk\targets\Microsoft.NET.Sdk.FrameworkReferenceResolution.targets(14,5): message :       PrepareForBuild;
       C:\Program Files\dotnet\sdk\10.0.101\Sdks\Microsoft.NET.Sdk\targets\Microsoft.NET.Sdk.FrameworkReferenceResolution.targets(14,5): message :       ResolveSDKReferences;
       C:\Program Files\dotnet\sdk\10.0.101\Sdks\Microsoft.NET.Sdk\targets\Microsoft.NET.Sdk.FrameworkReferenceResolution.targets(14,5): message :       ExpandSDKReferences;
       C:\Program Files\dotnet\sdk\10.0.101\Sdks\Microsoft.NET.Sdk\targets\Microsoft.NET.Sdk.FrameworkReferenceResolution.targets(14,5): message :     ;
       C:\Program Files\dotnet\sdk\10.0.101\Sdks\Microsoft.NET.Sdk\targets\Microsoft.NET.Sdk.FrameworkReferenceResolution.targets(14,5): message :       ResolvePackageDependenciesForBuild;
       C:\Program Files\dotnet\sdk\10.0.101\Sdks\Microsoft.NET.Sdk\targets\Microsoft.NET.Sdk.FrameworkReferenceResolution.targets(14,5): message :       _HandlePackageFileConflicts;
       C:\Program Files\dotnet\sdk\10.0.101\Sdks\Microsoft.NET.Sdk\targets\Microsoft.NET.Sdk.FrameworkReferenceResolution.targets(14,5): message :     ;
       C:\Program Files\dotnet\sdk\10.0.101\Sdks\Microsoft.NET.Sdk\targets\Microsoft.NET.Sdk.FrameworkReferenceResolution.targets(14,5): message :       ResolveTargetingPackAssets;
       C:\Program Files\dotnet\sdk\10.0.101\Sdks\Microsoft.NET.Sdk\targets\Microsoft.NET.Sdk.FrameworkReferenceResolution.targets(14,5): message :     " (previous value: "
       C:\Program Files\dotnet\sdk\10.0.101\Sdks\Microsoft.NET.Sdk\targets\Microsoft.NET.Sdk.FrameworkReferenceResolution.targets(14,5): message :       
       C:\Program Files\dotnet\sdk\10.0.101\Sdks\Microsoft.NET.Sdk\targets\Microsoft.NET.Sdk.FrameworkReferenceResolution.targets(14,5): message :       ResolveProjectReferences;
       C:\Program Files\dotnet\sdk\10.0.101\Sdks\Microsoft.NET.Sdk\targets\Microsoft.NET.Sdk.FrameworkReferenceResolution.targets(14,5): message :       FindInvalidProjectReferences;
       C:\Program Files\dotnet\sdk\10.0.101\Sdks\Microsoft.NET.Sdk\targets\Microsoft.NET.Sdk.FrameworkReferenceResolution.targets(14,5): message :       GetFrameworkPaths;
       C:\Program Files\dotnet\sdk\10.0.101\Sdks\Microsoft.NET.Sdk\targets\Microsoft.NET.Sdk.FrameworkReferenceResolution.targets(14,5): message :       GetReferenceAssemblyPaths;
       C:\Program Files\dotnet\sdk\10.0.101\Sdks\Microsoft.NET.Sdk\targets\Microsoft.NET.Sdk.FrameworkReferenceResolution.targets(14,5): message :       PrepareForBuild;
       C:\Program Files\dotnet\sdk\10.0.101\Sdks\Microsoft.NET.Sdk\targets\Microsoft.NET.Sdk.FrameworkReferenceResolution.targets(14,5): message :       ResolveSDKReferences;
       C:\Program Files\dotnet\sdk\10.0.101\Sdks\Microsoft.NET.Sdk\targets\Microsoft.NET.Sdk.FrameworkReferenceResolution.targets(14,5): message :       ExpandSDKReferences;
       C:\Program Files\dotnet\sdk\10.0.101\Sdks\Microsoft.NET.Sdk\targets\Microsoft.NET.Sdk.FrameworkReferenceResolution.targets(14,5): message :     ;
       C:\Program Files\dotnet\sdk\10.0.101\Sdks\Microsoft.NET.Sdk\targets\Microsoft.NET.Sdk.FrameworkReferenceResolution.targets(14,5): message :       ResolvePackageDependenciesForBuild;
       C:\Program Files\dotnet\sdk\10.0.101\Sdks\Microsoft.NET.Sdk\targets\Microsoft.NET.Sdk.FrameworkReferenceResolution.targets(14,5): message :       _HandlePackageFileConflicts;
       C:\Program Files\dotnet\sdk\10.0.101\Sdks\Microsoft.NET.Sdk\targets\Microsoft.NET.Sdk.FrameworkReferenceResolution.targets(14,5): message :     ") at C:\Program Files\dotnet\sdk\10.0.101\Sdks\Microsoft.NET.Sdk\targets\Microsoft.NET.Sdk.FrameworkReferenceResolution.targets (14,5)
       C:\Program Files\dotnet\sdk\10.0.101\Sdks\Microsoft.NET.Sdk\targets\Microsoft.NET.Sdk.targets(44,5): message : Property reassignment: $(_GenerateRuntimeConfigurationPropertyInputsCache)="c:\krishna mini project\backend\InternalExamScrutinySystem.Api\obj\Debug\net8.0\InternalExamScrutinySystem.Api.genruntimeconfig.cache" (previous value: "obj\Debug\net8.0\InternalExamScrutinySystem.Api.genruntimeconfig.cache") at C:\Program Files\dotnet\sdk\10.0.101\Sdks\Microsoft.NET.Sdk\targets\Microsoft.NET.Sdk.targets (44,5)
       C:\Program Files\dotnet\sdk\10.0.101\Sdks\Microsoft.NET.Sdk\targets\Microsoft.NET.Sdk.targets(46,5): message : Property reassignment: $(_GeneratePublishDependencyFilePropertyInputsCache)="c:\krishna mini project\backend\InternalExamScrutinySystem.Api\obj\Debug\net8.0\InternalExamScrutinySystem.Api.genpublishdeps.cache" (previous value: "obj\Debug\net8.0\InternalExamScrutinySystem.Api.genpublishdeps.cache") at C:\Program Files\dotnet\sdk\10.0.101\Sdks\Microsoft.NET.Sdk\targets\Microsoft.NET.Sdk.targets (46,5)
       C:\Program Files\dotnet\sdk\10.0.101\Sdks\Microsoft.NET.Sdk\targets\Microsoft.NET.Sdk.targets(48,5): message : Property reassignment: $(_GenerateSingleFileBundlePropertyInputsCache)="c:\krishna mini project\backend\InternalExamScrutinySystem.Api\obj\Debug\net8.0\InternalExamScrutinySystem.Api.genbundle.cache" (previous value: "obj\Debug\net8.0\InternalExamScrutinySystem.Api.genbundle.cache") at C:\Program Files\dotnet\sdk\10.0.101\Sdks\Microsoft.NET.Sdk\targets\Microsoft.NET.Sdk.targets (48,5)
       C:\Program Files\dotnet\sdk\10.0.101\Sdks\Microsoft.NET.Sdk\targets\Microsoft.NET.Sdk.targets(81,5): message : Property reassignment: $(GenerateRuntimeConfigDevFile)="false" (previous value: "true") at C:\Program Files\dotnet\sdk\10.0.101\Sdks\Microsoft.NET.Sdk\targets\Microsoft.NET.Sdk.targets (81,5)
       C:\Program Files\dotnet\sdk\10.0.101\Sdks\Microsoft.NET.Sdk\targets\Microsoft.NET.Sdk.targets(98,5): message : Property 'USERPROFILE' with value 'C:\Users\MUKHIL' expanded from the environment.
       C:\Program Files\dotnet\sdk\10.0.101\Sdks\Microsoft.NET.Sdk\targets\Microsoft.NET.Sdk.targets(98,5): message : Property reassignment: $(_DefaultUserProfileRuntimeStorePath)="C:\Users\MUKHIL" (previous value: "") at C:\Program Files\dotnet\sdk\10.0.101\Sdks\Microsoft.NET.Sdk\targets\Microsoft.NET.Sdk.targets (98,5)
       C:\Program Files\dotnet\sdk\10.0.101\Sdks\Microsoft.NET.Sdk\targets\Microsoft.NET.Sdk.targets(99,5): message : Property reassignment: $(_DefaultUserProfileRuntimeStorePath)="C:\Users\MUKHIL\.dotnet\store" (previous value: "C:\Users\MUKHIL") at C:\Program Files\dotnet\sdk\10.0.101\Sdks\Microsoft.NET.Sdk\targets\Microsoft.NET.Sdk.targets (99,5)
       C:\Program Files\dotnet\sdk\10.0.101\Sdks\Microsoft.NET.Sdk\targets\Microsoft.NET.Sdk.targets(144,5): message : Property reassignment: $(AvailablePlatforms)="Any CPU,x86,x64,ARM32" (previous value: "Any CPU,x86,x64") at C:\Program Files\dotnet\sdk\10.0.101\Sdks\Microsoft.NET.Sdk\targets\Microsoft.NET.Sdk.targets (144,5)
       C:\Program Files\dotnet\sdk\10.0.101\Sdks\Microsoft.NET.Sdk\targets\Microsoft.NET.Sdk.targets(148,5): message : Property reassignment: $(AvailablePlatforms)="Any CPU,x86,x64,ARM32,ARM64" (previous value: "Any CPU,x86,x64,ARM32") at C:\Program Files\dotnet\sdk\10.0.101\Sdks\Microsoft.NET.Sdk\targets\Microsoft.NET.Sdk.targets (148,5)
       C:\Program Files\dotnet\sdk\10.0.101\Sdks\Microsoft.NET.Sdk\targets\Microsoft.NET.Sdk.targets(204,5): message : Property reassignment: $(CoreBuildDependsOn)="
       C:\Program Files\dotnet\sdk\10.0.101\Sdks\Microsoft.NET.Sdk\targets\Microsoft.NET.Sdk.targets(204,5): message :       _CheckForBuildWithNoBuild;
       C:\Program Files\dotnet\sdk\10.0.101\Sdks\Microsoft.NET.Sdk\targets\Microsoft.NET.Sdk.targets(204,5): message :       
       C:\Program Files\dotnet\sdk\10.0.101\Sdks\Microsoft.NET.Sdk\targets\Microsoft.NET.Sdk.targets(204,5): message :       BuildOnlySettings;
       C:\Program Files\dotnet\sdk\10.0.101\Sdks\Microsoft.NET.Sdk\targets\Microsoft.NET.Sdk.targets(204,5): message :       PrepareForBuild;
       C:\Program Files\dotnet\sdk\10.0.101\Sdks\Microsoft.NET.Sdk\targets\Microsoft.NET.Sdk.targets(204,5): message :       PreBuildEvent;
       C:\Program Files\dotnet\sdk\10.0.101\Sdks\Microsoft.NET.Sdk\targets\Microsoft.NET.Sdk.targets(204,5): message :       ResolveReferences;
       C:\Program Files\dotnet\sdk\10.0.101\Sdks\Microsoft.NET.Sdk\targets\Microsoft.NET.Sdk.targets(204,5): message :       PrepareResources;
       C:\Program Files\dotnet\sdk\10.0.101\Sdks\Microsoft.NET.Sdk\targets\Microsoft.NET.Sdk.targets(204,5): message :       ResolveKeySource;
       C:\Program Files\dotnet\sdk\10.0.101\Sdks\Microsoft.NET.Sdk\targets\Microsoft.NET.Sdk.targets(204,5): message :       Compile;
       C:\Program Files\dotnet\sdk\10.0.101\Sdks\Microsoft.NET.Sdk\targets\Microsoft.NET.Sdk.targets(204,5): message :       ExportWindowsMDFile;
       C:\Program Files\dotnet\sdk\10.0.101\Sdks\Microsoft.NET.Sdk\targets\Microsoft.NET.Sdk.targets(204,5): message :       UnmanagedUnregistration;
       C:\Program Files\dotnet\sdk\10.0.101\Sdks\Microsoft.NET.Sdk\targets\Microsoft.NET.Sdk.targets(204,5): message :       GenerateSerializationAssemblies;
       C:\Program Files\dotnet\sdk\10.0.101\Sdks\Microsoft.NET.Sdk\targets\Microsoft.NET.Sdk.targets(204,5): message :       CreateSatelliteAssemblies;
       C:\Program Files\dotnet\sdk\10.0.101\Sdks\Microsoft.NET.Sdk\targets\Microsoft.NET.Sdk.targets(204,5): message :       GenerateManifests;
       C:\Program Files\dotnet\sdk\10.0.101\Sdks\Microsoft.NET.Sdk\targets\Microsoft.NET.Sdk.targets(204,5): message :       GetTargetPath;
       C:\Program Files\dotnet\sdk\10.0.101\Sdks\Microsoft.NET.Sdk\targets\Microsoft.NET.Sdk.targets(204,5): message :       PrepareForRun;
       C:\Program Files\dotnet\sdk\10.0.101\Sdks\Microsoft.NET.Sdk\targets\Microsoft.NET.Sdk.targets(204,5): message :       UnmanagedRegistration;
       C:\Program Files\dotnet\sdk\10.0.101\Sdks\Microsoft.NET.Sdk\targets\Microsoft.NET.Sdk.targets(204,5): message :       IncrementalClean;
       C:\Program Files\dotnet\sdk\10.0.101\Sdks\Microsoft.NET.Sdk\targets\Microsoft.NET.Sdk.targets(204,5): message :       PostBuildEvent
       C:\Program Files\dotnet\sdk\10.0.101\Sdks\Microsoft.NET.Sdk\targets\Microsoft.NET.Sdk.targets(204,5): message :     ;
       C:\Program Files\dotnet\sdk\10.0.101\Sdks\Microsoft.NET.Sdk\targets\Microsoft.NET.Sdk.targets(204,5): message :       GenerateBuildDependencyFile;
       C:\Program Files\dotnet\sdk\10.0.101\Sdks\Microsoft.NET.Sdk\targets\Microsoft.NET.Sdk.targets(204,5): message :       GenerateBuildRuntimeConfigurationFiles
       C:\Program Files\dotnet\sdk\10.0.101\Sdks\Microsoft.NET.Sdk\targets\Microsoft.NET.Sdk.targets(204,5): message :     " (previous value: "
       C:\Program Files\dotnet\sdk\10.0.101\Sdks\Microsoft.NET.Sdk\targets\Microsoft.NET.Sdk.targets(204,5): message :       BuildOnlySettings;
       C:\Program Files\dotnet\sdk\10.0.101\Sdks\Microsoft.NET.Sdk\targets\Microsoft.NET.Sdk.targets(204,5): message :       PrepareForBuild;
       C:\Program Files\dotnet\sdk\10.0.101\Sdks\Microsoft.NET.Sdk\targets\Microsoft.NET.Sdk.targets(204,5): message :       PreBuildEvent;
       C:\Program Files\dotnet\sdk\10.0.101\Sdks\Microsoft.NET.Sdk\targets\Microsoft.NET.Sdk.targets(204,5): message :       ResolveReferences;
       C:\Program Files\dotnet\sdk\10.0.101\Sdks\Microsoft.NET.Sdk\targets\Microsoft.NET.Sdk.targets(204,5): message :       PrepareResources;
       C:\Program Files\dotnet\sdk\10.0.101\Sdks\Microsoft.NET.Sdk\targets\Microsoft.NET.Sdk.targets(204,5): message :       ResolveKeySource;
       C:\Program Files\dotnet\sdk\10.0.101\Sdks\Microsoft.NET.Sdk\targets\Microsoft.NET.Sdk.targets(204,5): message :       Compile;
       C:\Program Files\dotnet\sdk\10.0.101\Sdks\Microsoft.NET.Sdk\targets\Microsoft.NET.Sdk.targets(204,5): message :       ExportWindowsMDFile;
       C:\Program Files\dotnet\sdk\10.0.101\Sdks\Microsoft.NET.Sdk\targets\Microsoft.NET.Sdk.targets(204,5): message :       UnmanagedUnregistration;
       C:\Program Files\dotnet\sdk\10.0.101\Sdks\Microsoft.NET.Sdk\targets\Microsoft.NET.Sdk.targets(204,5): message :       GenerateSerializationAssemblies;
       C:\Program Files\dotnet\sdk\10.0.101\Sdks\Microsoft.NET.Sdk\targets\Microsoft.NET.Sdk.targets(204,5): message :       CreateSatelliteAssemblies;
       C:\Program Files\dotnet\sdk\10.0.101\Sdks\Microsoft.NET.Sdk\targets\Microsoft.NET.Sdk.targets(204,5): message :       GenerateManifests;
       C:\Program Files\dotnet\sdk\10.0.101\Sdks\Microsoft.NET.Sdk\targets\Microsoft.NET.Sdk.targets(204,5): message :       GetTargetPath;
       C:\Program Files\dotnet\sdk\10.0.101\Sdks\Microsoft.NET.Sdk\targets\Microsoft.NET.Sdk.targets(204,5): message :       PrepareForRun;
       C:\Program Files\dotnet\sdk\10.0.101\Sdks\Microsoft.NET.Sdk\targets\Microsoft.NET.Sdk.targets(204,5): message :       UnmanagedRegistration;
       C:\Program Files\dotnet\sdk\10.0.101\Sdks\Microsoft.NET.Sdk\targets\Microsoft.NET.Sdk.targets(204,5): message :       IncrementalClean;
       C:\Program Files\dotnet\sdk\10.0.101\Sdks\Microsoft.NET.Sdk\targets\Microsoft.NET.Sdk.targets(204,5): message :       PostBuildEvent
       C:\Program Files\dotnet\sdk\10.0.101\Sdks\Microsoft.NET.Sdk\targets\Microsoft.NET.Sdk.targets(204,5): message :     ") at C:\Program Files\dotnet\sdk\10.0.101\Sdks\Microsoft.NET.Sdk\targets\Microsoft.NET.Sdk.targets (204,5)
       C:\Program Files\dotnet\sdk\10.0.101\Sdks\Microsoft.NET.Sdk\targets\Microsoft.NET.Sdk.targets(213,5): message : Property reassignment: $(CoreCleanDependsOn)="
       C:\Program Files\dotnet\sdk\10.0.101\Sdks\Microsoft.NET.Sdk\targets\Microsoft.NET.Sdk.targets(213,5): message :       _SdkBeforeClean;
       C:\Program Files\dotnet\sdk\10.0.101\Sdks\Microsoft.NET.Sdk\targets\Microsoft.NET.Sdk.targets(213,5): message :       
       C:\Program Files\dotnet\sdk\10.0.101\Sdks\Microsoft.NET.Sdk\targets\Microsoft.NET.Sdk.targets(213,5): message :     " (previous value: "") at C:\Program Files\dotnet\sdk\10.0.101\Sdks\Microsoft.NET.Sdk\targets\Microsoft.NET.Sdk.targets (213,5)
       C:\Program Files\dotnet\sdk\10.0.101\Sdks\Microsoft.NET.Sdk\targets\Microsoft.NET.Sdk.targets(220,5): message : Property reassignment: $(RebuildDependsOn)="
       C:\Program Files\dotnet\sdk\10.0.101\Sdks\Microsoft.NET.Sdk\targets\Microsoft.NET.Sdk.targets(220,5): message :       _SdkBeforeRebuild;
       C:\Program Files\dotnet\sdk\10.0.101\Sdks\Microsoft.NET.Sdk\targets\Microsoft.NET.Sdk.targets(220,5): message :       
       C:\Program Files\dotnet\sdk\10.0.101\Sdks\Microsoft.NET.Sdk\targets\Microsoft.NET.Sdk.targets(220,5): message :       BeforeRebuild;
       C:\Program Files\dotnet\sdk\10.0.101\Sdks\Microsoft.NET.Sdk\targets\Microsoft.NET.Sdk.targets(220,5): message :       Clean;
       C:\Program Files\dotnet\sdk\10.0.101\Sdks\Microsoft.NET.Sdk\targets\Microsoft.NET.Sdk.targets(220,5): message :       Build;
       C:\Program Files\dotnet\sdk\10.0.101\Sdks\Microsoft.NET.Sdk\targets\Microsoft.NET.Sdk.targets(220,5): message :       AfterRebuild;
       C:\Program Files\dotnet\sdk\10.0.101\Sdks\Microsoft.NET.Sdk\targets\Microsoft.NET.Sdk.targets(220,5): message :     
       C:\Program Files\dotnet\sdk\10.0.101\Sdks\Microsoft.NET.Sdk\targets\Microsoft.NET.Sdk.targets(220,5): message :     " (previous value: "
       C:\Program Files\dotnet\sdk\10.0.101\Sdks\Microsoft.NET.Sdk\targets\Microsoft.NET.Sdk.targets(220,5): message :       BeforeRebuild;
       C:\Program Files\dotnet\sdk\10.0.101\Sdks\Microsoft.NET.Sdk\targets\Microsoft.NET.Sdk.targets(220,5): message :       Clean;
       C:\Program Files\dotnet\sdk\10.0.101\Sdks\Microsoft.NET.Sdk\targets\Microsoft.NET.Sdk.targets(220,5): message :       Build;
       C:\Program Files\dotnet\sdk\10.0.101\Sdks\Microsoft.NET.Sdk\targets\Microsoft.NET.Sdk.targets(220,5): message :       AfterRebuild;
       C:\Program Files\dotnet\sdk\10.0.101\Sdks\Microsoft.NET.Sdk\targets\Microsoft.NET.Sdk.targets(220,5): message :     ") at C:\Program Files\dotnet\sdk\10.0.101\Sdks\Microsoft.NET.Sdk\targets\Microsoft.NET.Sdk.targets (220,5)
       C:\Program Files\dotnet\sdk\10.0.101\Sdks\Microsoft.NET.Sdk\targets\Microsoft.NET.Sdk.targets(799,5): message : Property reassignment: $(CompileDependsOn)="
       C:\Program Files\dotnet\sdk\10.0.101\Sdks\Microsoft.NET.Sdk\targets\Microsoft.NET.Sdk.targets(799,5): message :       
       C:\Program Files\dotnet\sdk\10.0.101\Sdks\Microsoft.NET.Sdk\targets\Microsoft.NET.Sdk.targets(799,5): message :       ResolveReferences;
       C:\Program Files\dotnet\sdk\10.0.101\Sdks\Microsoft.NET.Sdk\targets\Microsoft.NET.Sdk.targets(799,5): message :       ResolveKeySource;
       C:\Program Files\dotnet\sdk\10.0.101\Sdks\Microsoft.NET.Sdk\targets\Microsoft.NET.Sdk.targets(799,5): message :       SetWin32ManifestProperties;
       C:\Program Files\dotnet\sdk\10.0.101\Sdks\Microsoft.NET.Sdk\targets\Microsoft.NET.Sdk.targets(799,5): message :       _SetPreferNativeArm64Win32ManifestProperties;
       C:\Program Files\dotnet\sdk\10.0.101\Sdks\Microsoft.NET.Sdk\targets\Microsoft.NET.Sdk.targets(799,5): message :       FindReferenceAssembliesForReferences;
       C:\Program Files\dotnet\sdk\10.0.101\Sdks\Microsoft.NET.Sdk\targets\Microsoft.NET.Sdk.targets(799,5): message :       _GenerateCompileInputs;
       C:\Program Files\dotnet\sdk\10.0.101\Sdks\Microsoft.NET.Sdk\targets\Microsoft.NET.Sdk.targets(799,5): message :       BeforeCompile;
       C:\Program Files\dotnet\sdk\10.0.101\Sdks\Microsoft.NET.Sdk\targets\Microsoft.NET.Sdk.targets(799,5): message :       _TimeStampBeforeCompile;
       C:\Program Files\dotnet\sdk\10.0.101\Sdks\Microsoft.NET.Sdk\targets\Microsoft.NET.Sdk.targets(799,5): message :       _GenerateCompileDependencyCache;
       C:\Program Files\dotnet\sdk\10.0.101\Sdks\Microsoft.NET.Sdk\targets\Microsoft.NET.Sdk.targets(799,5): message :       CoreCompile;
       C:\Program Files\dotnet\sdk\10.0.101\Sdks\Microsoft.NET.Sdk\targets\Microsoft.NET.Sdk.targets(799,5): message :       _TimeStampAfterCompile;
       C:\Program Files\dotnet\sdk\10.0.101\Sdks\Microsoft.NET.Sdk\targets\Microsoft.NET.Sdk.targets(799,5): message :       AfterCompile;
       C:\Program Files\dotnet\sdk\10.0.101\Sdks\Microsoft.NET.Sdk\targets\Microsoft.NET.Sdk.targets(799,5): message :     ;
       C:\Program Files\dotnet\sdk\10.0.101\Sdks\Microsoft.NET.Sdk\targets\Microsoft.NET.Sdk.targets(799,5): message :       _CreateAppHost;
       C:\Program Files\dotnet\sdk\10.0.101\Sdks\Microsoft.NET.Sdk\targets\Microsoft.NET.Sdk.targets(799,5): message :       _CreateComHost;
       C:\Program Files\dotnet\sdk\10.0.101\Sdks\Microsoft.NET.Sdk\targets\Microsoft.NET.Sdk.targets(799,5): message :       _GetIjwHostPaths;
       C:\Program Files\dotnet\sdk\10.0.101\Sdks\Microsoft.NET.Sdk\targets\Microsoft.NET.Sdk.targets(799,5): message :     " (previous value: "
       C:\Program Files\dotnet\sdk\10.0.101\Sdks\Microsoft.NET.Sdk\targets\Microsoft.NET.Sdk.targets(799,5): message :       ResolveReferences;
       C:\Program Files\dotnet\sdk\10.0.101\Sdks\Microsoft.NET.Sdk\targets\Microsoft.NET.Sdk.targets(799,5): message :       ResolveKeySource;
       C:\Program Files\dotnet\sdk\10.0.101\Sdks\Microsoft.NET.Sdk\targets\Microsoft.NET.Sdk.targets(799,5): message :       SetWin32ManifestProperties;
       C:\Program Files\dotnet\sdk\10.0.101\Sdks\Microsoft.NET.Sdk\targets\Microsoft.NET.Sdk.targets(799,5): message :       _SetPreferNativeArm64Win32ManifestProperties;
       C:\Program Files\dotnet\sdk\10.0.101\Sdks\Microsoft.NET.Sdk\targets\Microsoft.NET.Sdk.targets(799,5): message :       FindReferenceAssembliesForReferences;
       C:\Program Files\dotnet\sdk\10.0.101\Sdks\Microsoft.NET.Sdk\targets\Microsoft.NET.Sdk.targets(799,5): message :       _GenerateCompileInputs;
       C:\Program Files\dotnet\sdk\10.0.101\Sdks\Microsoft.NET.Sdk\targets\Microsoft.NET.Sdk.targets(799,5): message :       BeforeCompile;
       C:\Program Files\dotnet\sdk\10.0.101\Sdks\Microsoft.NET.Sdk\targets\Microsoft.NET.Sdk.targets(799,5): message :       _TimeStampBeforeCompile;
       C:\Program Files\dotnet\sdk\10.0.101\Sdks\Microsoft.NET.Sdk\targets\Microsoft.NET.Sdk.targets(799,5): message :       _GenerateCompileDependencyCache;
       C:\Program Files\dotnet\sdk\10.0.101\Sdks\Microsoft.NET.Sdk\targets\Microsoft.NET.Sdk.targets(799,5): message :       CoreCompile;
       C:\Program Files\dotnet\sdk\10.0.101\Sdks\Microsoft.NET.Sdk\targets\Microsoft.NET.Sdk.targets(799,5): message :       _TimeStampAfterCompile;
       C:\Program Files\dotnet\sdk\10.0.101\Sdks\Microsoft.NET.Sdk\targets\Microsoft.NET.Sdk.targets(799,5): message :       AfterCompile;
       C:\Program Files\dotnet\sdk\10.0.101\Sdks\Microsoft.NET.Sdk\targets\Microsoft.NET.Sdk.targets(799,5): message :     ") at C:\Program Files\dotnet\sdk\10.0.101\Sdks\Microsoft.NET.Sdk\targets\Microsoft.NET.Sdk.targets (799,5)
       C:\Program Files\dotnet\sdk\10.0.101\Sdks\Microsoft.NET.Sdk\targets\Microsoft.NET.Sdk.targets(1131,5): message : Property reassignment: $(CreateSatelliteAssembliesDependsOn)="
       C:\Program Files\dotnet\sdk\10.0.101\Sdks\Microsoft.NET.Sdk\targets\Microsoft.NET.Sdk.targets(1131,5): message :       
       C:\Program Files\dotnet\sdk\10.0.101\Sdks\Microsoft.NET.Sdk\targets\Microsoft.NET.Sdk.targets(1131,5): message :       ;
       C:\Program Files\dotnet\sdk\10.0.101\Sdks\Microsoft.NET.Sdk\targets\Microsoft.NET.Sdk.targets(1131,5): message :       _GenerateSatelliteAssemblyInputs;
       C:\Program Files\dotnet\sdk\10.0.101\Sdks\Microsoft.NET.Sdk\targets\Microsoft.NET.Sdk.targets(1131,5): message :       ComputeIntermediateSatelliteAssemblies;
       C:\Program Files\dotnet\sdk\10.0.101\Sdks\Microsoft.NET.Sdk\targets\Microsoft.NET.Sdk.targets(1131,5): message :       GenerateSatelliteAssemblies
       C:\Program Files\dotnet\sdk\10.0.101\Sdks\Microsoft.NET.Sdk\targets\Microsoft.NET.Sdk.targets(1131,5): message :     ;
       C:\Program Files\dotnet\sdk\10.0.101\Sdks\Microsoft.NET.Sdk\targets\Microsoft.NET.Sdk.targets(1131,5): message :       CoreGenerateSatelliteAssemblies
       C:\Program Files\dotnet\sdk\10.0.101\Sdks\Microsoft.NET.Sdk\targets\Microsoft.NET.Sdk.targets(1131,5): message :     " (previous value: "
       C:\Program Files\dotnet\sdk\10.0.101\Sdks\Microsoft.NET.Sdk\targets\Microsoft.NET.Sdk.targets(1131,5): message :       ;
       C:\Program Files\dotnet\sdk\10.0.101\Sdks\Microsoft.NET.Sdk\targets\Microsoft.NET.Sdk.targets(1131,5): message :       _GenerateSatelliteAssemblyInputs;
       C:\Program Files\dotnet\sdk\10.0.101\Sdks\Microsoft.NET.Sdk\targets\Microsoft.NET.Sdk.targets(1131,5): message :       ComputeIntermediateSatelliteAssemblies;
       C:\Program Files\dotnet\sdk\10.0.101\Sdks\Microsoft.NET.Sdk\targets\Microsoft.NET.Sdk.targets(1131,5): message :       GenerateSatelliteAssemblies
       C:\Program Files\dotnet\sdk\10.0.101\Sdks\Microsoft.NET.Sdk\targets\Microsoft.NET.Sdk.targets(1131,5): message :     ") at C:\Program Files\dotnet\sdk\10.0.101\Sdks\Microsoft.NET.Sdk\targets\Microsoft.NET.Sdk.targets (1131,5)
       C:\Program Files\dotnet\sdk\10.0.101\Sdks\Microsoft.SourceLink.GitLab\build\Microsoft.SourceLink.GitLab.targets(12,5): message : Property reassignment: $(SourceLinkUrlInitializerTargets)=";_InitializeGitHubSourceLinkUrl;_InitializeGitLabSourceLinkUrl" (previous value: ";_InitializeGitHubSourceLinkUrl") at C:\Program Files\dotnet\sdk\10.0.101\Sdks\Microsoft.SourceLink.GitLab\build\Microsoft.SourceLink.GitLab.targets (12,5)
       C:\Program Files\dotnet\sdk\10.0.101\Sdks\Microsoft.SourceLink.GitLab\build\Microsoft.SourceLink.GitLab.targets(13,5): message : Property reassignment: $(SourceControlManagerUrlTranslationTargets)=";TranslateGitHubUrlsInSourceControlInformation;TranslateGitLabUrlsInSourceControlInformation" (previous value: ";TranslateGitHubUrlsInSourceControlInformation") at C:\Program Files\dotnet\sdk\10.0.101\Sdks\Microsoft.SourceLink.GitLab\build\Microsoft.SourceLink.GitLab.targets (13,5)
       C:\Program Files\dotnet\sdk\10.0.101\Sdks\Microsoft.SourceLink.AzureRepos.Git\build\Microsoft.SourceLink.AzureRepos.Git.targets(12,5): message : Property reassignment: $(SourceLinkUrlInitializerTargets)=";_InitializeGitHubSourceLinkUrl;_InitializeGitLabSourceLinkUrl;_InitializeAzureReposGitSourceLinkUrl" (previous value: ";_InitializeGitHubSourceLinkUrl;_InitializeGitLabSourceLinkUrl") at C:\Program Files\dotnet\sdk\10.0.101\Sdks\Microsoft.SourceLink.AzureRepos.Git\build\Microsoft.SourceLink.AzureRepos.Git.targets (12,5)
       C:\Program Files\dotnet\sdk\10.0.101\Sdks\Microsoft.SourceLink.AzureRepos.Git\build\Microsoft.SourceLink.AzureRepos.Git.targets(13,5): message : Property reassignment: $(SourceControlManagerUrlTranslationTargets)=";TranslateGitHubUrlsInSourceControlInformation;TranslateGitLabUrlsInSourceControlInformation;TranslateAzureReposGitUrlsInSourceControlInformation" (previous value: ";TranslateGitHubUrlsInSourceControlInformation;TranslateGitLabUrlsInSourceControlInformation") at C:\Program Files\dotnet\sdk\10.0.101\Sdks\Microsoft.SourceLink.AzureRepos.Git\build\Microsoft.SourceLink.AzureRepos.Git.targets (13,5)
       C:\Program Files\dotnet\sdk\10.0.101\Sdks\Microsoft.SourceLink.Bitbucket.Git\build\Microsoft.SourceLink.Bitbucket.Git.targets(12,5): message : Property reassignment: $(SourceLinkUrlInitializerTargets)=";_InitializeGitHubSourceLinkUrl;_InitializeGitLabSourceLinkUrl;_InitializeAzureReposGitSourceLinkUrl;_InitializeBitbucketGitSourceLinkUrl" (previous value: ";_InitializeGitHubSourceLinkUrl;_InitializeGitLabSourceLinkUrl;_InitializeAzureReposGitSourceLinkUrl") at C:\Program Files\dotnet\sdk\10.0.101\Sdks\Microsoft.SourceLink.Bitbucket.Git\build\Microsoft.SourceLink.Bitbucket.Git.targets (12,5)
       C:\Program Files\dotnet\sdk\10.0.101\Sdks\Microsoft.SourceLink.Bitbucket.Git\build\Microsoft.SourceLink.Bitbucket.Git.targets(13,5): message : Property reassignment: $(SourceControlManagerUrlTranslationTargets)=";TranslateGitHubUrlsInSourceControlInformation;TranslateGitLabUrlsInSourceControlInformation;TranslateAzureReposGitUrlsInSourceControlInformation;TranslateBitbucketGitUrlsInSourceControlInformation" (previous value: ";TranslateGitHubUrlsInSourceControlInformation;TranslateGitLabUrlsInSourceControlInformation;TranslateAzureReposGitUrlsInSourceControlInformation") at C:\Program Files\dotnet\sdk\10.0.101\Sdks\Microsoft.SourceLink.Bitbucket.Git\build\Microsoft.SourceLink.Bitbucket.Git.targets (13,5)
       C:\Program Files\dotnet\sdk\10.0.101\Sdks\Microsoft.NET.Sdk\targets\Microsoft.NET.DesignerSupport.targets(21,5): message : Property reassignment: $(DesignerRuntimeImplementationProjectOutputGroupDependsOn)="
       C:\Program Files\dotnet\sdk\10.0.101\Sdks\Microsoft.NET.Sdk\targets\Microsoft.NET.DesignerSupport.targets(21,5): message :       
       C:\Program Files\dotnet\sdk\10.0.101\Sdks\Microsoft.NET.Sdk\targets\Microsoft.NET.DesignerSupport.targets(21,5): message :       ;
       C:\Program Files\dotnet\sdk\10.0.101\Sdks\Microsoft.NET.Sdk\targets\Microsoft.NET.DesignerSupport.targets(21,5): message :       
       C:\Program Files\dotnet\sdk\10.0.101\Sdks\Microsoft.NET.Sdk\targets\Microsoft.NET.DesignerSupport.targets(21,5): message :       ;
       C:\Program Files\dotnet\sdk\10.0.101\Sdks\Microsoft.NET.Sdk\targets\Microsoft.NET.DesignerSupport.targets(21,5): message :       BuildOnlySettings;
       C:\Program Files\dotnet\sdk\10.0.101\Sdks\Microsoft.NET.Sdk\targets\Microsoft.NET.DesignerSupport.targets(21,5): message :       PrepareForBuild;
       C:\Program Files\dotnet\sdk\10.0.101\Sdks\Microsoft.NET.Sdk\targets\Microsoft.NET.DesignerSupport.targets(21,5): message :       AssignTargetPaths;
       C:\Program Files\dotnet\sdk\10.0.101\Sdks\Microsoft.NET.Sdk\targets\Microsoft.NET.DesignerSupport.targets(21,5): message :       ResolveReferences
       C:\Program Files\dotnet\sdk\10.0.101\Sdks\Microsoft.NET.Sdk\targets\Microsoft.NET.DesignerSupport.targets(21,5): message :     
       C:\Program Files\dotnet\sdk\10.0.101\Sdks\Microsoft.NET.Sdk\targets\Microsoft.NET.DesignerSupport.targets(21,5): message :     ;
       C:\Program Files\dotnet\sdk\10.0.101\Sdks\Microsoft.NET.Sdk\targets\Microsoft.NET.DesignerSupport.targets(21,5): message :       _GenerateDesignerDepsFile;
       C:\Program Files\dotnet\sdk\10.0.101\Sdks\Microsoft.NET.Sdk\targets\Microsoft.NET.DesignerSupport.targets(21,5): message :       _GenerateDesignerRuntimeConfigFile;
       C:\Program Files\dotnet\sdk\10.0.101\Sdks\Microsoft.NET.Sdk\targets\Microsoft.NET.DesignerSupport.targets(21,5): message :       GetCopyToOutputDirectoryItems;
       C:\Program Files\dotnet\sdk\10.0.101\Sdks\Microsoft.NET.Sdk\targets\Microsoft.NET.DesignerSupport.targets(21,5): message :       _GatherDesignerShadowCopyFiles;
       C:\Program Files\dotnet\sdk\10.0.101\Sdks\Microsoft.NET.Sdk\targets\Microsoft.NET.DesignerSupport.targets(21,5): message :     " (previous value: "
       C:\Program Files\dotnet\sdk\10.0.101\Sdks\Microsoft.NET.Sdk\targets\Microsoft.NET.DesignerSupport.targets(21,5): message :       ;
       C:\Program Files\dotnet\sdk\10.0.101\Sdks\Microsoft.NET.Sdk\targets\Microsoft.NET.DesignerSupport.targets(21,5): message :       
       C:\Program Files\dotnet\sdk\10.0.101\Sdks\Microsoft.NET.Sdk\targets\Microsoft.NET.DesignerSupport.targets(21,5): message :       ;
       C:\Program Files\dotnet\sdk\10.0.101\Sdks\Microsoft.NET.Sdk\targets\Microsoft.NET.DesignerSupport.targets(21,5): message :       BuildOnlySettings;
       C:\Program Files\dotnet\sdk\10.0.101\Sdks\Microsoft.NET.Sdk\targets\Microsoft.NET.DesignerSupport.targets(21,5): message :       PrepareForBuild;
       C:\Program Files\dotnet\sdk\10.0.101\Sdks\Microsoft.NET.Sdk\targets\Microsoft.NET.DesignerSupport.targets(21,5): message :       AssignTargetPaths;
       C:\Program Files\dotnet\sdk\10.0.101\Sdks\Microsoft.NET.Sdk\targets\Microsoft.NET.DesignerSupport.targets(21,5): message :       ResolveReferences
       C:\Program Files\dotnet\sdk\10.0.101\Sdks\Microsoft.NET.Sdk\targets\Microsoft.NET.DesignerSupport.targets(21,5): message :     
       C:\Program Files\dotnet\sdk\10.0.101\Sdks\Microsoft.NET.Sdk\targets\Microsoft.NET.DesignerSupport.targets(21,5): message :     ") at C:\Program Files\dotnet\sdk\10.0.101\Sdks\Microsoft.NET.Sdk\targets\Microsoft.NET.DesignerSupport.targets (21,5)
       C:\Program Files\dotnet\sdk\10.0.101\Sdks\Microsoft.NET.Sdk\targets\Microsoft.NET.Sdk.CSharp.targets(31,5): message : Property reassignment: $(DefineConstants)="TRACE;DEBUG" (previous value: "TRACE") at C:\Program Files\dotnet\sdk\10.0.101\Sdks\Microsoft.NET.Sdk\targets\Microsoft.NET.Sdk.CSharp.targets (31,5)
       C:\Program Files\dotnet\sdk\10.0.101\Sdks\Microsoft.NET.Sdk\targets\Microsoft.NET.Sdk.CSharp.targets(45,5): message : Property reassignment: $(WarningsAsErrors)=";NU1605;SYSLIB0011" (previous value: ";NU1605") at C:\Program Files\dotnet\sdk\10.0.101\Sdks\Microsoft.NET.Sdk\targets\Microsoft.NET.Sdk.CSharp.targets (45,5)
       C:\Program Files\dotnet\sdk\10.0.101\NuGet.Build.Tasks.Pack.targets(34,5): message : Property reassignment: $(PackageDescription)="Package Description" (previous value: "") at C:\Program Files\dotnet\sdk\10.0.101\NuGet.Build.Tasks.Pack.targets (34,5)
       C:\Program Files\dotnet\sdk\10.0.101\NuGet.Build.Tasks.Pack.targets(59,5): message : Property reassignment: $(GenerateNuspecDependsOn)="Build;_LoadPackInputItems; _GetTargetFrameworksOutput; _WalkEachTargetPerFramework; _GetPackageFiles; " (previous value: "_LoadPackInputItems; _GetTargetFrameworksOutput; _WalkEachTargetPerFramework; _GetPackageFiles; ") at C:\Program Files\dotnet\sdk\10.0.101\NuGet.Build.Tasks.Pack.targets (59,5)
       C:\Program Files\dotnet\sdk\10.0.101\Sdks\Microsoft.NET.Sdk\Sdk\Sdk.targets(59,5): message : Property reassignment: $(_IsNotSetContainersTargetsDir)="true" (previous value: "false") at C:\Program Files\dotnet\sdk\10.0.101\Sdks\Microsoft.NET.Sdk\Sdk\Sdk.targets (59,5)
       C:\Program Files\dotnet\sdk\10.0.101\Containers\build\Microsoft.NET.Build.Containers.targets(5,5): message : Property reassignment: $(_IsSDKContainerAllowedVersion)="true" (previous value: "false") at C:\Program Files\dotnet\sdk\10.0.101\Containers\build\Microsoft.NET.Build.Containers.targets (5,5)
       C:\Program Files\dotnet\sdk\10.0.101\Containers\build\Microsoft.NET.Build.Containers.targets(15,5): message : Property reassignment: $(_ContainerIsTargetingNet8TFM)="true" (previous value: "false") at C:\Program Files\dotnet\sdk\10.0.101\Containers\build\Microsoft.NET.Build.Containers.targets (15,5)
       C:\Program Files\dotnet\sdk\10.0.101\Sdks\Microsoft.NET.Sdk.StaticWebAssets\targets\Sdk.StaticWebAssets.CurrentVersion.targets(37,18): message : Property 'DOTNET_HOST_PATH' with value 'C:\Program Files\dotnet\dotnet.exe' expanded from the environment.
       C:\Program Files\dotnet\sdk\10.0.101\Sdks\Microsoft.NET.Sdk.StaticWebAssets\targets\Microsoft.NET.Sdk.StaticWebAssets.targets(286,5): message : Property reassignment: $(PrepareForRunDependsOn)="StaticWebAssetsPrepareForRun;
       C:\Program Files\dotnet\sdk\10.0.101\Sdks\Microsoft.NET.Sdk.StaticWebAssets\targets\Microsoft.NET.Sdk.StaticWebAssets.targets(286,5): message :       CopyFilesToOutputDirectory
       C:\Program Files\dotnet\sdk\10.0.101\Sdks\Microsoft.NET.Sdk.StaticWebAssets\targets\Microsoft.NET.Sdk.StaticWebAssets.targets(286,5): message :     " (previous value: "
       C:\Program Files\dotnet\sdk\10.0.101\Sdks\Microsoft.NET.Sdk.StaticWebAssets\targets\Microsoft.NET.Sdk.StaticWebAssets.targets(286,5): message :       CopyFilesToOutputDirectory
       C:\Program Files\dotnet\sdk\10.0.101\Sdks\Microsoft.NET.Sdk.StaticWebAssets\targets\Microsoft.NET.Sdk.StaticWebAssets.targets(286,5): message :     ") at C:\Program Files\dotnet\sdk\10.0.101\Sdks\Microsoft.NET.Sdk.StaticWebAssets\targets\Microsoft.NET.Sdk.StaticWebAssets.targets (286,5)
       C:\Program Files\dotnet\sdk\10.0.101\Sdks\Microsoft.NET.Sdk.StaticWebAssets\targets\Microsoft.NET.Sdk.StaticWebAssets.targets(323,5): message : Property reassignment: $(GetCopyToOutputDirectoryItemsDependsOn)="
       C:\Program Files\dotnet\sdk\10.0.101\Sdks\Microsoft.NET.Sdk.StaticWebAssets\targets\Microsoft.NET.Sdk.StaticWebAssets.targets(323,5): message :       AssignTargetPaths;
       C:\Program Files\dotnet\sdk\10.0.101\Sdks\Microsoft.NET.Sdk.StaticWebAssets\targets\Microsoft.NET.Sdk.StaticWebAssets.targets(323,5): message :       
       C:\Program Files\dotnet\sdk\10.0.101\Sdks\Microsoft.NET.Sdk.StaticWebAssets\targets\Microsoft.NET.Sdk.StaticWebAssets.targets(323,5): message :       AssignProjectConfiguration;
       C:\Program Files\dotnet\sdk\10.0.101\Sdks\Microsoft.NET.Sdk.StaticWebAssets\targets\Microsoft.NET.Sdk.StaticWebAssets.targets(323,5): message :       _SplitProjectReferencesByFileExistence
       C:\Program Files\dotnet\sdk\10.0.101\Sdks\Microsoft.NET.Sdk.StaticWebAssets\targets\Microsoft.NET.Sdk.StaticWebAssets.targets(323,5): message :     ;
       C:\Program Files\dotnet\sdk\10.0.101\Sdks\Microsoft.NET.Sdk.StaticWebAssets\targets\Microsoft.NET.Sdk.StaticWebAssets.targets(323,5): message :       _GetProjectReferenceTargetFrameworkProperties;
       C:\Program Files\dotnet\sdk\10.0.101\Sdks\Microsoft.NET.Sdk.StaticWebAssets\targets\Microsoft.NET.Sdk.StaticWebAssets.targets(323,5): message :       _PopulateCommonStateForGetCopyToOutputDirectoryItems
       C:\Program Files\dotnet\sdk\10.0.101\Sdks\Microsoft.NET.Sdk.StaticWebAssets\targets\Microsoft.NET.Sdk.StaticWebAssets.targets(323,5): message :     ;AddStaticWebAssetsManifest;AddStaticWebAssetEndpointsBuildManifest" (previous value: "
       C:\Program Files\dotnet\sdk\10.0.101\Sdks\Microsoft.NET.Sdk.StaticWebAssets\targets\Microsoft.NET.Sdk.StaticWebAssets.targets(323,5): message :       AssignTargetPaths;
       C:\Program Files\dotnet\sdk\10.0.101\Sdks\Microsoft.NET.Sdk.StaticWebAssets\targets\Microsoft.NET.Sdk.StaticWebAssets.targets(323,5): message :       
       C:\Program Files\dotnet\sdk\10.0.101\Sdks\Microsoft.NET.Sdk.StaticWebAssets\targets\Microsoft.NET.Sdk.StaticWebAssets.targets(323,5): message :       AssignProjectConfiguration;
       C:\Program Files\dotnet\sdk\10.0.101\Sdks\Microsoft.NET.Sdk.StaticWebAssets\targets\Microsoft.NET.Sdk.StaticWebAssets.targets(323,5): message :       _SplitProjectReferencesByFileExistence
       C:\Program Files\dotnet\sdk\10.0.101\Sdks\Microsoft.NET.Sdk.StaticWebAssets\targets\Microsoft.NET.Sdk.StaticWebAssets.targets(323,5): message :     ;
       C:\Program Files\dotnet\sdk\10.0.101\Sdks\Microsoft.NET.Sdk.StaticWebAssets\targets\Microsoft.NET.Sdk.StaticWebAssets.targets(323,5): message :       _GetProjectReferenceTargetFrameworkProperties;
       C:\Program Files\dotnet\sdk\10.0.101\Sdks\Microsoft.NET.Sdk.StaticWebAssets\targets\Microsoft.NET.Sdk.StaticWebAssets.targets(323,5): message :       _PopulateCommonStateForGetCopyToOutputDirectoryItems
       C:\Program Files\dotnet\sdk\10.0.101\Sdks\Microsoft.NET.Sdk.StaticWebAssets\targets\Microsoft.NET.Sdk.StaticWebAssets.targets(323,5): message :     ") at C:\Program Files\dotnet\sdk\10.0.101\Sdks\Microsoft.NET.Sdk.StaticWebAssets\targets\Microsoft.NET.Sdk.StaticWebAssets.targets (323,5)
       C:\Program Files\dotnet\sdk\10.0.101\Sdks\Microsoft.NET.Sdk.StaticWebAssets\targets\Microsoft.NET.Sdk.StaticWebAssets.Pack.targets(46,5): message : Property reassignment: $(GenerateNuspecDependsOn)="
       C:\Program Files\dotnet\sdk\10.0.101\Sdks\Microsoft.NET.Sdk.StaticWebAssets\targets\Microsoft.NET.Sdk.StaticWebAssets.Pack.targets(46,5): message :       IncludeStaticWebAssetsPackItems;
       C:\Program Files\dotnet\sdk\10.0.101\Sdks\Microsoft.NET.Sdk.StaticWebAssets\targets\Microsoft.NET.Sdk.StaticWebAssets.Pack.targets(46,5): message :       Build;_LoadPackInputItems; _GetTargetFrameworksOutput; _WalkEachTargetPerFramework; _GetPackageFiles; ;
       C:\Program Files\dotnet\sdk\10.0.101\Sdks\Microsoft.NET.Sdk.StaticWebAssets\targets\Microsoft.NET.Sdk.StaticWebAssets.Pack.targets(46,5): message :     " (previous value: "Build;_LoadPackInputItems; _GetTargetFrameworksOutput; _WalkEachTargetPerFramework; _GetPackageFiles; ") at C:\Program Files\dotnet\sdk\10.0.101\Sdks\Microsoft.NET.Sdk.StaticWebAssets\targets\Microsoft.NET.Sdk.StaticWebAssets.Pack.targets (46,5)
       C:\Program Files\dotnet\sdk\10.0.101\Sdks\Microsoft.NET.Sdk.StaticWebAssets\targets\Microsoft.NET.Sdk.StaticWebAssets.Pack.targets(55,5): message : Property reassignment: $(IncludeStaticWebAssetsPackItemsDependsOn)="
       C:\Program Files\dotnet\sdk\10.0.101\Sdks\Microsoft.NET.Sdk.StaticWebAssets\targets\Microsoft.NET.Sdk.StaticWebAssets.Pack.targets(55,5): message :       Build;
       C:\Program Files\dotnet\sdk\10.0.101\Sdks\Microsoft.NET.Sdk.StaticWebAssets\targets\Microsoft.NET.Sdk.StaticWebAssets.Pack.targets(55,5): message :       ResolveStaticWebAssetsConfiguration;LoadStaticWebAssetsBuildManifest
       C:\Program Files\dotnet\sdk\10.0.101\Sdks\Microsoft.NET.Sdk.StaticWebAssets\targets\Microsoft.NET.Sdk.StaticWebAssets.Pack.targets(55,5): message :     ;
       C:\Program Files\dotnet\sdk\10.0.101\Sdks\Microsoft.NET.Sdk.StaticWebAssets\targets\Microsoft.NET.Sdk.StaticWebAssets.Pack.targets(55,5): message :     " (previous value: "
       C:\Program Files\dotnet\sdk\10.0.101\Sdks\Microsoft.NET.Sdk.StaticWebAssets\targets\Microsoft.NET.Sdk.StaticWebAssets.Pack.targets(55,5): message :       ResolveStaticWebAssetsConfiguration;LoadStaticWebAssetsBuildManifest
       C:\Program Files\dotnet\sdk\10.0.101\Sdks\Microsoft.NET.Sdk.StaticWebAssets\targets\Microsoft.NET.Sdk.StaticWebAssets.Pack.targets(55,5): message :     ") at C:\Program Files\dotnet\sdk\10.0.101\Sdks\Microsoft.NET.Sdk.StaticWebAssets\targets\Microsoft.NET.Sdk.StaticWebAssets.Pack.targets (55,5)
       C:\Program Files\dotnet\sdk\10.0.101\Sdks\Microsoft.NET.Sdk.StaticWebAssets\targets\Microsoft.NET.Sdk.StaticWebAssets.ScopedCss.targets(55,3): message : Property reassignment: $(ResolveStaticWebAssetsInputsDependsOn)="
       C:\Program Files\dotnet\sdk\10.0.101\Sdks\Microsoft.NET.Sdk.StaticWebAssets\targets\Microsoft.NET.Sdk.StaticWebAssets.ScopedCss.targets(55,3): message :     
       C:\Program Files\dotnet\sdk\10.0.101\Sdks\Microsoft.NET.Sdk.StaticWebAssets\targets\Microsoft.NET.Sdk.StaticWebAssets.ScopedCss.targets(55,3): message :       ResolveCoreStaticWebAssets;
       C:\Program Files\dotnet\sdk\10.0.101\Sdks\Microsoft.NET.Sdk.StaticWebAssets\targets\Microsoft.NET.Sdk.StaticWebAssets.ScopedCss.targets(55,3): message :       GenerateComputedBuildStaticWebAssets;
       C:\Program Files\dotnet\sdk\10.0.101\Sdks\Microsoft.NET.Sdk.StaticWebAssets\targets\Microsoft.NET.Sdk.StaticWebAssets.ScopedCss.targets(55,3): message :       
       C:\Program Files\dotnet\sdk\10.0.101\Sdks\Microsoft.NET.Sdk.StaticWebAssets\targets\Microsoft.NET.Sdk.StaticWebAssets.ScopedCss.targets(55,3): message :     ;
       C:\Program Files\dotnet\sdk\10.0.101\Sdks\Microsoft.NET.Sdk.StaticWebAssets\targets\Microsoft.NET.Sdk.StaticWebAssets.ScopedCss.targets(55,3): message :     ResolveScopedCssAssets;
       C:\Program Files\dotnet\sdk\10.0.101\Sdks\Microsoft.NET.Sdk.StaticWebAssets\targets\Microsoft.NET.Sdk.StaticWebAssets.ScopedCss.targets(55,3): message :   " (previous value: "
       C:\Program Files\dotnet\sdk\10.0.101\Sdks\Microsoft.NET.Sdk.StaticWebAssets\targets\Microsoft.NET.Sdk.StaticWebAssets.ScopedCss.targets(55,3): message :       ResolveCoreStaticWebAssets;
       C:\Program Files\dotnet\sdk\10.0.101\Sdks\Microsoft.NET.Sdk.StaticWebAssets\targets\Microsoft.NET.Sdk.StaticWebAssets.ScopedCss.targets(55,3): message :       GenerateComputedBuildStaticWebAssets;
       C:\Program Files\dotnet\sdk\10.0.101\Sdks\Microsoft.NET.Sdk.StaticWebAssets\targets\Microsoft.NET.Sdk.StaticWebAssets.ScopedCss.targets(55,3): message :       
       C:\Program Files\dotnet\sdk\10.0.101\Sdks\Microsoft.NET.Sdk.StaticWebAssets\targets\Microsoft.NET.Sdk.StaticWebAssets.ScopedCss.targets(55,3): message :     ") at C:\Program Files\dotnet\sdk\10.0.101\Sdks\Microsoft.NET.Sdk.StaticWebAssets\targets\Microsoft.NET.Sdk.StaticWebAssets.ScopedCss.targets (55,3)
       C:\Program Files\dotnet\sdk\10.0.101\Sdks\Microsoft.NET.Sdk.StaticWebAssets\targets\Microsoft.NET.Sdk.StaticWebAssets.ScopedCss.targets(88,3): message : Property reassignment: $(GenerateComputedBuildStaticWebAssetsDependsOn)="
       C:\Program Files\dotnet\sdk\10.0.101\Sdks\Microsoft.NET.Sdk.StaticWebAssets\targets\Microsoft.NET.Sdk.StaticWebAssets.ScopedCss.targets(88,3): message :     ResolveCoreStaticWebAssets;;
       C:\Program Files\dotnet\sdk\10.0.101\Sdks\Microsoft.NET.Sdk.StaticWebAssets\targets\Microsoft.NET.Sdk.StaticWebAssets.ScopedCss.targets(88,3): message :     BundleScopedCssFiles;
       C:\Program Files\dotnet\sdk\10.0.101\Sdks\Microsoft.NET.Sdk.StaticWebAssets\targets\Microsoft.NET.Sdk.StaticWebAssets.ScopedCss.targets(88,3): message :   " (previous value: "ResolveCoreStaticWebAssets;") at C:\Program Files\dotnet\sdk\10.0.101\Sdks\Microsoft.NET.Sdk.StaticWebAssets\targets\Microsoft.NET.Sdk.StaticWebAssets.ScopedCss.targets (88,3)
       C:\Program Files\dotnet\sdk\10.0.101\Sdks\Microsoft.NET.Sdk.StaticWebAssets\targets\Microsoft.NET.Sdk.StaticWebAssets.JSModules.targets(37,5): message : Property reassignment: $(ResolveCoreStaticWebAssetsDependsOn)="
       C:\Program Files\dotnet\sdk\10.0.101\Sdks\Microsoft.NET.Sdk.StaticWebAssets\targets\Microsoft.NET.Sdk.StaticWebAssets.JSModules.targets(37,5): message :       
       C:\Program Files\dotnet\sdk\10.0.101\Sdks\Microsoft.NET.Sdk.StaticWebAssets\targets\Microsoft.NET.Sdk.StaticWebAssets.JSModules.targets(37,5): message :       UpdateExistingPackageStaticWebAssets;
       C:\Program Files\dotnet\sdk\10.0.101\Sdks\Microsoft.NET.Sdk.StaticWebAssets\targets\Microsoft.NET.Sdk.StaticWebAssets.JSModules.targets(37,5): message :       ResolveProjectStaticWebAssets;
       C:\Program Files\dotnet\sdk\10.0.101\Sdks\Microsoft.NET.Sdk.StaticWebAssets\targets\Microsoft.NET.Sdk.StaticWebAssets.JSModules.targets(37,5): message :       ResolveEmbeddedProjectsStaticWebAssets;
       C:\Program Files\dotnet\sdk\10.0.101\Sdks\Microsoft.NET.Sdk.StaticWebAssets\targets\Microsoft.NET.Sdk.StaticWebAssets.JSModules.targets(37,5): message :       ResolveReferencedProjectsStaticWebAssets;
       C:\Program Files\dotnet\sdk\10.0.101\Sdks\Microsoft.NET.Sdk.StaticWebAssets\targets\Microsoft.NET.Sdk.StaticWebAssets.JSModules.targets(37,5): message :       ;
       C:\Program Files\dotnet\sdk\10.0.101\Sdks\Microsoft.NET.Sdk.StaticWebAssets\targets\Microsoft.NET.Sdk.StaticWebAssets.JSModules.targets(37,5): message :     ;
       C:\Program Files\dotnet\sdk\10.0.101\Sdks\Microsoft.NET.Sdk.StaticWebAssets\targets\Microsoft.NET.Sdk.StaticWebAssets.JSModules.targets(37,5): message :       ResolveJsInitializerModuleStaticWebAssets;
       C:\Program Files\dotnet\sdk\10.0.101\Sdks\Microsoft.NET.Sdk.StaticWebAssets\targets\Microsoft.NET.Sdk.StaticWebAssets.JSModules.targets(37,5): message :     " (previous value: "
       C:\Program Files\dotnet\sdk\10.0.101\Sdks\Microsoft.NET.Sdk.StaticWebAssets\targets\Microsoft.NET.Sdk.StaticWebAssets.JSModules.targets(37,5): message :       UpdateExistingPackageStaticWebAssets;
       C:\Program Files\dotnet\sdk\10.0.101\Sdks\Microsoft.NET.Sdk.StaticWebAssets\targets\Microsoft.NET.Sdk.StaticWebAssets.JSModules.targets(37,5): message :       ResolveProjectStaticWebAssets;
       C:\Program Files\dotnet\sdk\10.0.101\Sdks\Microsoft.NET.Sdk.StaticWebAssets\targets\Microsoft.NET.Sdk.StaticWebAssets.JSModules.targets(37,5): message :       ResolveEmbeddedProjectsStaticWebAssets;
       C:\Program Files\dotnet\sdk\10.0.101\Sdks\Microsoft.NET.Sdk.StaticWebAssets\targets\Microsoft.NET.Sdk.StaticWebAssets.JSModules.targets(37,5): message :       ResolveReferencedProjectsStaticWebAssets;
       C:\Program Files\dotnet\sdk\10.0.101\Sdks\Microsoft.NET.Sdk.StaticWebAssets\targets\Microsoft.NET.Sdk.StaticWebAssets.JSModules.targets(37,5): message :       ;
       C:\Program Files\dotnet\sdk\10.0.101\Sdks\Microsoft.NET.Sdk.StaticWebAssets\targets\Microsoft.NET.Sdk.StaticWebAssets.JSModules.targets(37,5): message :     ") at C:\Program Files\dotnet\sdk\10.0.101\Sdks\Microsoft.NET.Sdk.StaticWebAssets\targets\Microsoft.NET.Sdk.StaticWebAssets.JSModules.targets (37,5)
       C:\Program Files\dotnet\sdk\10.0.101\Sdks\Microsoft.NET.Sdk.StaticWebAssets\targets\Microsoft.NET.Sdk.StaticWebAssets.JSModules.targets(42,5): message : Property reassignment: $(ResolveCoreStaticWebAssetsDependsOn)="
       C:\Program Files\dotnet\sdk\10.0.101\Sdks\Microsoft.NET.Sdk.StaticWebAssets\targets\Microsoft.NET.Sdk.StaticWebAssets.JSModules.targets(42,5): message :       
       C:\Program Files\dotnet\sdk\10.0.101\Sdks\Microsoft.NET.Sdk.StaticWebAssets\targets\Microsoft.NET.Sdk.StaticWebAssets.JSModules.targets(42,5): message :       
       C:\Program Files\dotnet\sdk\10.0.101\Sdks\Microsoft.NET.Sdk.StaticWebAssets\targets\Microsoft.NET.Sdk.StaticWebAssets.JSModules.targets(42,5): message :       UpdateExistingPackageStaticWebAssets;
       C:\Program Files\dotnet\sdk\10.0.101\Sdks\Microsoft.NET.Sdk.StaticWebAssets\targets\Microsoft.NET.Sdk.StaticWebAssets.JSModules.targets(42,5): message :       ResolveProjectStaticWebAssets;
       C:\Program Files\dotnet\sdk\10.0.101\Sdks\Microsoft.NET.Sdk.StaticWebAssets\targets\Microsoft.NET.Sdk.StaticWebAssets.JSModules.targets(42,5): message :       ResolveEmbeddedProjectsStaticWebAssets;
       C:\Program Files\dotnet\sdk\10.0.101\Sdks\Microsoft.NET.Sdk.StaticWebAssets\targets\Microsoft.NET.Sdk.StaticWebAssets.JSModules.targets(42,5): message :       ResolveReferencedProjectsStaticWebAssets;
       C:\Program Files\dotnet\sdk\10.0.101\Sdks\Microsoft.NET.Sdk.StaticWebAssets\targets\Microsoft.NET.Sdk.StaticWebAssets.JSModules.targets(42,5): message :       ;
       C:\Program Files\dotnet\sdk\10.0.101\Sdks\Microsoft.NET.Sdk.StaticWebAssets\targets\Microsoft.NET.Sdk.StaticWebAssets.JSModules.targets(42,5): message :     ;
       C:\Program Files\dotnet\sdk\10.0.101\Sdks\Microsoft.NET.Sdk.StaticWebAssets\targets\Microsoft.NET.Sdk.StaticWebAssets.JSModules.targets(42,5): message :       ResolveJsInitializerModuleStaticWebAssets;
       C:\Program Files\dotnet\sdk\10.0.101\Sdks\Microsoft.NET.Sdk.StaticWebAssets\targets\Microsoft.NET.Sdk.StaticWebAssets.JSModules.targets(42,5): message :     ;
       C:\Program Files\dotnet\sdk\10.0.101\Sdks\Microsoft.NET.Sdk.StaticWebAssets\targets\Microsoft.NET.Sdk.StaticWebAssets.JSModules.targets(42,5): message :       ResolveJSModuleStaticWebAssets;
       C:\Program Files\dotnet\sdk\10.0.101\Sdks\Microsoft.NET.Sdk.StaticWebAssets\targets\Microsoft.NET.Sdk.StaticWebAssets.JSModules.targets(42,5): message :     " (previous value: "
       C:\Program Files\dotnet\sdk\10.0.101\Sdks\Microsoft.NET.Sdk.StaticWebAssets\targets\Microsoft.NET.Sdk.StaticWebAssets.JSModules.targets(42,5): message :       
       C:\Program Files\dotnet\sdk\10.0.101\Sdks\Microsoft.NET.Sdk.StaticWebAssets\targets\Microsoft.NET.Sdk.StaticWebAssets.JSModules.targets(42,5): message :       UpdateExistingPackageStaticWebAssets;
       C:\Program Files\dotnet\sdk\10.0.101\Sdks\Microsoft.NET.Sdk.StaticWebAssets\targets\Microsoft.NET.Sdk.StaticWebAssets.JSModules.targets(42,5): message :       ResolveProjectStaticWebAssets;
       C:\Program Files\dotnet\sdk\10.0.101\Sdks\Microsoft.NET.Sdk.StaticWebAssets\targets\Microsoft.NET.Sdk.StaticWebAssets.JSModules.targets(42,5): message :       ResolveEmbeddedProjectsStaticWebAssets;
       C:\Program Files\dotnet\sdk\10.0.101\Sdks\Microsoft.NET.Sdk.StaticWebAssets\targets\Microsoft.NET.Sdk.StaticWebAssets.JSModules.targets(42,5): message :       ResolveReferencedProjectsStaticWebAssets;
       C:\Program Files\dotnet\sdk\10.0.101\Sdks\Microsoft.NET.Sdk.StaticWebAssets\targets\Microsoft.NET.Sdk.StaticWebAssets.JSModules.targets(42,5): message :       ;
       C:\Program Files\dotnet\sdk\10.0.101\Sdks\Microsoft.NET.Sdk.StaticWebAssets\targets\Microsoft.NET.Sdk.StaticWebAssets.JSModules.targets(42,5): message :     ;
       C:\Program Files\dotnet\sdk\10.0.101\Sdks\Microsoft.NET.Sdk.StaticWebAssets\targets\Microsoft.NET.Sdk.StaticWebAssets.JSModules.targets(42,5): message :       ResolveJsInitializerModuleStaticWebAssets;
       C:\Program Files\dotnet\sdk\10.0.101\Sdks\Microsoft.NET.Sdk.StaticWebAssets\targets\Microsoft.NET.Sdk.StaticWebAssets.JSModules.targets(42,5): message :     ") at C:\Program Files\dotnet\sdk\10.0.101\Sdks\Microsoft.NET.Sdk.StaticWebAssets\targets\Microsoft.NET.Sdk.StaticWebAssets.JSModules.targets (42,5)
       C:\Program Files\dotnet\sdk\10.0.101\Sdks\Microsoft.NET.Sdk.StaticWebAssets\targets\Microsoft.NET.Sdk.StaticWebAssets.JSModules.targets(57,5): message : Property reassignment: $(ResolveStaticWebAssetsInputsDependsOn)="
       C:\Program Files\dotnet\sdk\10.0.101\Sdks\Microsoft.NET.Sdk.StaticWebAssets\targets\Microsoft.NET.Sdk.StaticWebAssets.JSModules.targets(57,5): message :       ResolveJSModuleManifestBuildStaticWebAssets;
       C:\Program Files\dotnet\sdk\10.0.101\Sdks\Microsoft.NET.Sdk.StaticWebAssets\targets\Microsoft.NET.Sdk.StaticWebAssets.JSModules.targets(57,5): message :       
       C:\Program Files\dotnet\sdk\10.0.101\Sdks\Microsoft.NET.Sdk.StaticWebAssets\targets\Microsoft.NET.Sdk.StaticWebAssets.JSModules.targets(57,5): message :     
       C:\Program Files\dotnet\sdk\10.0.101\Sdks\Microsoft.NET.Sdk.StaticWebAssets\targets\Microsoft.NET.Sdk.StaticWebAssets.JSModules.targets(57,5): message :       ResolveCoreStaticWebAssets;
       C:\Program Files\dotnet\sdk\10.0.101\Sdks\Microsoft.NET.Sdk.StaticWebAssets\targets\Microsoft.NET.Sdk.StaticWebAssets.JSModules.targets(57,5): message :       GenerateComputedBuildStaticWebAssets;
       C:\Program Files\dotnet\sdk\10.0.101\Sdks\Microsoft.NET.Sdk.StaticWebAssets\targets\Microsoft.NET.Sdk.StaticWebAssets.JSModules.targets(57,5): message :       
       C:\Program Files\dotnet\sdk\10.0.101\Sdks\Microsoft.NET.Sdk.StaticWebAssets\targets\Microsoft.NET.Sdk.StaticWebAssets.JSModules.targets(57,5): message :     ;
       C:\Program Files\dotnet\sdk\10.0.101\Sdks\Microsoft.NET.Sdk.StaticWebAssets\targets\Microsoft.NET.Sdk.StaticWebAssets.JSModules.targets(57,5): message :     ResolveScopedCssAssets;
       C:\Program Files\dotnet\sdk\10.0.101\Sdks\Microsoft.NET.Sdk.StaticWebAssets\targets\Microsoft.NET.Sdk.StaticWebAssets.JSModules.targets(57,5): message :   
       C:\Program Files\dotnet\sdk\10.0.101\Sdks\Microsoft.NET.Sdk.StaticWebAssets\targets\Microsoft.NET.Sdk.StaticWebAssets.JSModules.targets(57,5): message :     " (previous value: "
       C:\Program Files\dotnet\sdk\10.0.101\Sdks\Microsoft.NET.Sdk.StaticWebAssets\targets\Microsoft.NET.Sdk.StaticWebAssets.JSModules.targets(57,5): message :     
       C:\Program Files\dotnet\sdk\10.0.101\Sdks\Microsoft.NET.Sdk.StaticWebAssets\targets\Microsoft.NET.Sdk.StaticWebAssets.JSModules.targets(57,5): message :       ResolveCoreStaticWebAssets;
       C:\Program Files\dotnet\sdk\10.0.101\Sdks\Microsoft.NET.Sdk.StaticWebAssets\targets\Microsoft.NET.Sdk.StaticWebAssets.JSModules.targets(57,5): message :       GenerateComputedBuildStaticWebAssets;
       C:\Program Files\dotnet\sdk\10.0.101\Sdks\Microsoft.NET.Sdk.StaticWebAssets\targets\Microsoft.NET.Sdk.StaticWebAssets.JSModules.targets(57,5): message :       
       C:\Program Files\dotnet\sdk\10.0.101\Sdks\Microsoft.NET.Sdk.StaticWebAssets\targets\Microsoft.NET.Sdk.StaticWebAssets.JSModules.targets(57,5): message :     ;
       C:\Program Files\dotnet\sdk\10.0.101\Sdks\Microsoft.NET.Sdk.StaticWebAssets\targets\Microsoft.NET.Sdk.StaticWebAssets.JSModules.targets(57,5): message :     ResolveScopedCssAssets;
       C:\Program Files\dotnet\sdk\10.0.101\Sdks\Microsoft.NET.Sdk.StaticWebAssets\targets\Microsoft.NET.Sdk.StaticWebAssets.JSModules.targets(57,5): message :   ") at C:\Program Files\dotnet\sdk\10.0.101\Sdks\Microsoft.NET.Sdk.StaticWebAssets\targets\Microsoft.NET.Sdk.StaticWebAssets.JSModules.targets (57,5)
       C:\Program Files\dotnet\sdk\10.0.101\Sdks\Microsoft.NET.Sdk.StaticWebAssets\targets\Microsoft.NET.Sdk.StaticWebAssets.JSModules.targets(76,5): message : Property reassignment: $(ResolvePublishStaticWebAssetsDependsOn)="
       C:\Program Files\dotnet\sdk\10.0.101\Sdks\Microsoft.NET.Sdk.StaticWebAssets\targets\Microsoft.NET.Sdk.StaticWebAssets.JSModules.targets(76,5): message :       ResolveJSModuleManifestPublishStaticWebAssets;
       C:\Program Files\dotnet\sdk\10.0.101\Sdks\Microsoft.NET.Sdk.StaticWebAssets\targets\Microsoft.NET.Sdk.StaticWebAssets.JSModules.targets(76,5): message :       
       C:\Program Files\dotnet\sdk\10.0.101\Sdks\Microsoft.NET.Sdk.StaticWebAssets\targets\Microsoft.NET.Sdk.StaticWebAssets.JSModules.targets(76,5): message :       ResolveCorePublishStaticWebAssets;
       C:\Program Files\dotnet\sdk\10.0.101\Sdks\Microsoft.NET.Sdk.StaticWebAssets\targets\Microsoft.NET.Sdk.StaticWebAssets.JSModules.targets(76,5): message :       GenerateComputedPublishStaticWebAssets;
       C:\Program Files\dotnet\sdk\10.0.101\Sdks\Microsoft.NET.Sdk.StaticWebAssets\targets\Microsoft.NET.Sdk.StaticWebAssets.JSModules.targets(76,5): message :       ;
       C:\Program Files\dotnet\sdk\10.0.101\Sdks\Microsoft.NET.Sdk.StaticWebAssets\targets\Microsoft.NET.Sdk.StaticWebAssets.JSModules.targets(76,5): message :     
       C:\Program Files\dotnet\sdk\10.0.101\Sdks\Microsoft.NET.Sdk.StaticWebAssets\targets\Microsoft.NET.Sdk.StaticWebAssets.JSModules.targets(76,5): message :     " (previous value: "
       C:\Program Files\dotnet\sdk\10.0.101\Sdks\Microsoft.NET.Sdk.StaticWebAssets\targets\Microsoft.NET.Sdk.StaticWebAssets.JSModules.targets(76,5): message :       ResolveCorePublishStaticWebAssets;
       C:\Program Files\dotnet\sdk\10.0.101\Sdks\Microsoft.NET.Sdk.StaticWebAssets\targets\Microsoft.NET.Sdk.StaticWebAssets.JSModules.targets(76,5): message :       GenerateComputedPublishStaticWebAssets;
       C:\Program Files\dotnet\sdk\10.0.101\Sdks\Microsoft.NET.Sdk.StaticWebAssets\targets\Microsoft.NET.Sdk.StaticWebAssets.JSModules.targets(76,5): message :       ;
       C:\Program Files\dotnet\sdk\10.0.101\Sdks\Microsoft.NET.Sdk.StaticWebAssets\targets\Microsoft.NET.Sdk.StaticWebAssets.JSModules.targets(76,5): message :     ") at C:\Program Files\dotnet\sdk\10.0.101\Sdks\Microsoft.NET.Sdk.StaticWebAssets\targets\Microsoft.NET.Sdk.StaticWebAssets.JSModules.targets (76,5)
       C:\Program Files\dotnet\sdk\10.0.101\Sdks\Microsoft.NET.Sdk.StaticWebAssets\targets\Microsoft.NET.Sdk.StaticWebAssets.Compression.targets(185,5): message : Property reassignment: $(ResolveBuildRelatedStaticWebAssetsDependsOn)="
       C:\Program Files\dotnet\sdk\10.0.101\Sdks\Microsoft.NET.Sdk.StaticWebAssets\targets\Microsoft.NET.Sdk.StaticWebAssets.Compression.targets(185,5): message :       ResolveBuildCompressedStaticWebAssets;
       C:\Program Files\dotnet\sdk\10.0.101\Sdks\Microsoft.NET.Sdk.StaticWebAssets\targets\Microsoft.NET.Sdk.StaticWebAssets.Compression.targets(185,5): message :       
       C:\Program Files\dotnet\sdk\10.0.101\Sdks\Microsoft.NET.Sdk.StaticWebAssets\targets\Microsoft.NET.Sdk.StaticWebAssets.Compression.targets(185,5): message :       ResolveStaticWebAssetsInputs;
       C:\Program Files\dotnet\sdk\10.0.101\Sdks\Microsoft.NET.Sdk.StaticWebAssets\targets\Microsoft.NET.Sdk.StaticWebAssets.Compression.targets(185,5): message :       
       C:\Program Files\dotnet\sdk\10.0.101\Sdks\Microsoft.NET.Sdk.StaticWebAssets\targets\Microsoft.NET.Sdk.StaticWebAssets.Compression.targets(185,5): message :     
       C:\Program Files\dotnet\sdk\10.0.101\Sdks\Microsoft.NET.Sdk.StaticWebAssets\targets\Microsoft.NET.Sdk.StaticWebAssets.Compression.targets(185,5): message :     " (previous value: "
       C:\Program Files\dotnet\sdk\10.0.101\Sdks\Microsoft.NET.Sdk.StaticWebAssets\targets\Microsoft.NET.Sdk.StaticWebAssets.Compression.targets(185,5): message :       ResolveStaticWebAssetsInputs;
       C:\Program Files\dotnet\sdk\10.0.101\Sdks\Microsoft.NET.Sdk.StaticWebAssets\targets\Microsoft.NET.Sdk.StaticWebAssets.Compression.targets(185,5): message :       
       C:\Program Files\dotnet\sdk\10.0.101\Sdks\Microsoft.NET.Sdk.StaticWebAssets\targets\Microsoft.NET.Sdk.StaticWebAssets.Compression.targets(185,5): message :     ") at C:\Program Files\dotnet\sdk\10.0.101\Sdks\Microsoft.NET.Sdk.StaticWebAssets\targets\Microsoft.NET.Sdk.StaticWebAssets.Compression.targets (185,5)
       C:\Program Files\dotnet\sdk\10.0.101\Sdks\Microsoft.NET.Sdk.StaticWebAssets\targets\Microsoft.NET.Sdk.StaticWebAssets.Compression.targets(204,5): message : Property reassignment: $(ResolvePublishRelatedStaticWebAssetsDependsOn)="
       C:\Program Files\dotnet\sdk\10.0.101\Sdks\Microsoft.NET.Sdk.StaticWebAssets\targets\Microsoft.NET.Sdk.StaticWebAssets.Compression.targets(204,5): message :       ResolvePublishCompressedStaticWebAssets;
       C:\Program Files\dotnet\sdk\10.0.101\Sdks\Microsoft.NET.Sdk.StaticWebAssets\targets\Microsoft.NET.Sdk.StaticWebAssets.Compression.targets(204,5): message :       
       C:\Program Files\dotnet\sdk\10.0.101\Sdks\Microsoft.NET.Sdk.StaticWebAssets\targets\Microsoft.NET.Sdk.StaticWebAssets.Compression.targets(204,5): message :     " (previous value: "") at C:\Program Files\dotnet\sdk\10.0.101\Sdks\Microsoft.NET.Sdk.StaticWebAssets\targets\Microsoft.NET.Sdk.StaticWebAssets.Compression.targets (204,5)
       C:\Program Files\dotnet\sdk\10.0.101\Sdks\Microsoft.NET.Sdk.Razor\targets\Sdk.Razor.CurrentVersion.targets(220,5): message : Property reassignment: $(DebugSymbolsProjectOutputGroupDependsOn)="
       C:\Program Files\dotnet\sdk\10.0.101\Sdks\Microsoft.NET.Sdk.Razor\targets\Sdk.Razor.CurrentVersion.targets(220,5): message :       ;
       C:\Program Files\dotnet\sdk\10.0.101\Sdks\Microsoft.NET.Sdk.Razor\targets\Sdk.Razor.CurrentVersion.targets(220,5): message :       _RazorAddDebugSymbolsProjectOutputGroupOutput
       C:\Program Files\dotnet\sdk\10.0.101\Sdks\Microsoft.NET.Sdk.Razor\targets\Sdk.Razor.CurrentVersion.targets(220,5): message :     " (previous value: "") at C:\Program Files\dotnet\sdk\10.0.101\Sdks\Microsoft.NET.Sdk.Razor\targets\Sdk.Razor.CurrentVersion.targets (220,5)
       C:\Program Files\dotnet\sdk\10.0.101\Sdks\Microsoft.NET.Sdk.Razor\targets\Sdk.Razor.CurrentVersion.targets(225,5): message : Property reassignment: $(PrepareForBuildDependsOn)="
       C:\Program Files\dotnet\sdk\10.0.101\Sdks\Microsoft.NET.Sdk.Razor\targets\Sdk.Razor.CurrentVersion.targets(225,5): message :       ;GetFrameworkPaths;GetReferenceAssemblyPaths;AssignLinkMetadata;
       C:\Program Files\dotnet\sdk\10.0.101\Sdks\Microsoft.NET.Sdk.Razor\targets\Sdk.Razor.CurrentVersion.targets(225,5): message :       ResolveRazorGenerateInputs
       C:\Program Files\dotnet\sdk\10.0.101\Sdks\Microsoft.NET.Sdk.Razor\targets\Sdk.Razor.CurrentVersion.targets(225,5): message :     " (previous value: ";GetFrameworkPaths;GetReferenceAssemblyPaths;AssignLinkMetadata") at C:\Program Files\dotnet\sdk\10.0.101\Sdks\Microsoft.NET.Sdk.Razor\targets\Sdk.Razor.CurrentVersion.targets (225,5)
       C:\Program Files\dotnet\sdk\10.0.101\Sdks\Microsoft.NET.Sdk.Razor\targets\Sdk.Razor.CurrentVersion.targets(230,5): message : Property reassignment: $(GenerateNuspecDependsOn)="
       C:\Program Files\dotnet\sdk\10.0.101\Sdks\Microsoft.NET.Sdk.Razor\targets\Sdk.Razor.CurrentVersion.targets(230,5): message :       ResolveRazorGenerateInputs;
       C:\Program Files\dotnet\sdk\10.0.101\Sdks\Microsoft.NET.Sdk.Razor\targets\Sdk.Razor.CurrentVersion.targets(230,5): message :       
       C:\Program Files\dotnet\sdk\10.0.101\Sdks\Microsoft.NET.Sdk.Razor\targets\Sdk.Razor.CurrentVersion.targets(230,5): message :       IncludeStaticWebAssetsPackItems;
       C:\Program Files\dotnet\sdk\10.0.101\Sdks\Microsoft.NET.Sdk.Razor\targets\Sdk.Razor.CurrentVersion.targets(230,5): message :       Build;_LoadPackInputItems; _GetTargetFrameworksOutput; _WalkEachTargetPerFramework; _GetPackageFiles; ;
       C:\Program Files\dotnet\sdk\10.0.101\Sdks\Microsoft.NET.Sdk.Razor\targets\Sdk.Razor.CurrentVersion.targets(230,5): message :     
       C:\Program Files\dotnet\sdk\10.0.101\Sdks\Microsoft.NET.Sdk.Razor\targets\Sdk.Razor.CurrentVersion.targets(230,5): message :     " (previous value: "
       C:\Program Files\dotnet\sdk\10.0.101\Sdks\Microsoft.NET.Sdk.Razor\targets\Sdk.Razor.CurrentVersion.targets(230,5): message :       IncludeStaticWebAssetsPackItems;
       C:\Program Files\dotnet\sdk\10.0.101\Sdks\Microsoft.NET.Sdk.Razor\targets\Sdk.Razor.CurrentVersion.targets(230,5): message :       Build;_LoadPackInputItems; _GetTargetFrameworksOutput; _WalkEachTargetPerFramework; _GetPackageFiles; ;
       C:\Program Files\dotnet\sdk\10.0.101\Sdks\Microsoft.NET.Sdk.Razor\targets\Sdk.Razor.CurrentVersion.targets(230,5): message :     ") at C:\Program Files\dotnet\sdk\10.0.101\Sdks\Microsoft.NET.Sdk.Razor\targets\Sdk.Razor.CurrentVersion.targets (230,5)
       C:\Program Files\dotnet\sdk\10.0.101\Sdks\Microsoft.NET.Sdk.Razor\targets\Sdk.Razor.CurrentVersion.targets(235,5): message : Property reassignment: $(PrepareForRunDependsOn)="
       C:\Program Files\dotnet\sdk\10.0.101\Sdks\Microsoft.NET.Sdk.Razor\targets\Sdk.Razor.CurrentVersion.targets(235,5): message :       _RazorPrepareForRun;
       C:\Program Files\dotnet\sdk\10.0.101\Sdks\Microsoft.NET.Sdk.Razor\targets\Sdk.Razor.CurrentVersion.targets(235,5): message :       StaticWebAssetsPrepareForRun;
       C:\Program Files\dotnet\sdk\10.0.101\Sdks\Microsoft.NET.Sdk.Razor\targets\Sdk.Razor.CurrentVersion.targets(235,5): message :       CopyFilesToOutputDirectory
       C:\Program Files\dotnet\sdk\10.0.101\Sdks\Microsoft.NET.Sdk.Razor\targets\Sdk.Razor.CurrentVersion.targets(235,5): message :     
       C:\Program Files\dotnet\sdk\10.0.101\Sdks\Microsoft.NET.Sdk.Razor\targets\Sdk.Razor.CurrentVersion.targets(235,5): message :     " (previous value: "StaticWebAssetsPrepareForRun;
       C:\Program Files\dotnet\sdk\10.0.101\Sdks\Microsoft.NET.Sdk.Razor\targets\Sdk.Razor.CurrentVersion.targets(235,5): message :       CopyFilesToOutputDirectory
       C:\Program Files\dotnet\sdk\10.0.101\Sdks\Microsoft.NET.Sdk.Razor\targets\Sdk.Razor.CurrentVersion.targets(235,5): message :     ") at C:\Program Files\dotnet\sdk\10.0.101\Sdks\Microsoft.NET.Sdk.Razor\targets\Sdk.Razor.CurrentVersion.targets (235,5)
       C:\Program Files\dotnet\sdk\10.0.101\Sdks\Microsoft.NET.Sdk.Razor\targets\Sdk.Razor.CurrentVersion.targets(326,5): message : Property reassignment: $(UseRazorBuildServer)="true" (previous value: "") at C:\Program Files\dotnet\sdk\10.0.101\Sdks\Microsoft.NET.Sdk.Razor\targets\Sdk.Razor.CurrentVersion.targets (326,5)
       C:\Program Files\dotnet\sdk\10.0.101\Sdks\Microsoft.NET.Sdk.Razor\targets\Sdk.Razor.CurrentVersion.targets(332,5): message : Property reassignment: $(_RazorDebugSymbolsProduced)="true" (previous value: "false") at C:\Program Files\dotnet\sdk\10.0.101\Sdks\Microsoft.NET.Sdk.Razor\targets\Sdk.Razor.CurrentVersion.targets (332,5)
       C:\Program Files\dotnet\sdk\10.0.101\Sdks\Microsoft.NET.Sdk.Razor\targets\Microsoft.NET.Sdk.Razor.GenerateAssemblyInfo.targets(36,5): message : Property reassignment: $(GenerateRazorTargetAssemblyInfoDependsOn)="
       C:\Program Files\dotnet\sdk\10.0.101\Sdks\Microsoft.NET.Sdk.Razor\targets\Microsoft.NET.Sdk.Razor.GenerateAssemblyInfo.targets(36,5): message :       _ResolveMvcAssemblyAttributes;
       C:\Program Files\dotnet\sdk\10.0.101\Sdks\Microsoft.NET.Sdk.Razor\targets\Microsoft.NET.Sdk.Razor.GenerateAssemblyInfo.targets(36,5): message :       
       C:\Program Files\dotnet\sdk\10.0.101\Sdks\Microsoft.NET.Sdk.Razor\targets\Microsoft.NET.Sdk.Razor.GenerateAssemblyInfo.targets(36,5): message :       GetRazorTargetAssemblyAttributes;
       C:\Program Files\dotnet\sdk\10.0.101\Sdks\Microsoft.NET.Sdk.Razor\targets\Microsoft.NET.Sdk.Razor.GenerateAssemblyInfo.targets(36,5): message :       _CreateRazorTargetAssemblyInfoInputsCacheFile;
       C:\Program Files\dotnet\sdk\10.0.101\Sdks\Microsoft.NET.Sdk.Razor\targets\Microsoft.NET.Sdk.Razor.GenerateAssemblyInfo.targets(36,5): message :       CoreGenerateRazorTargetAssemblyInfo
       C:\Program Files\dotnet\sdk\10.0.101\Sdks\Microsoft.NET.Sdk.Razor\targets\Microsoft.NET.Sdk.Razor.GenerateAssemblyInfo.targets(36,5): message :     
       C:\Program Files\dotnet\sdk\10.0.101\Sdks\Microsoft.NET.Sdk.Razor\targets\Microsoft.NET.Sdk.Razor.GenerateAssemblyInfo.targets(36,5): message :     " (previous value: "
       C:\Program Files\dotnet\sdk\10.0.101\Sdks\Microsoft.NET.Sdk.Razor\targets\Microsoft.NET.Sdk.Razor.GenerateAssemblyInfo.targets(36,5): message :       GetRazorTargetAssemblyAttributes;
       C:\Program Files\dotnet\sdk\10.0.101\Sdks\Microsoft.NET.Sdk.Razor\targets\Microsoft.NET.Sdk.Razor.GenerateAssemblyInfo.targets(36,5): message :       _CreateRazorTargetAssemblyInfoInputsCacheFile;
       C:\Program Files\dotnet\sdk\10.0.101\Sdks\Microsoft.NET.Sdk.Razor\targets\Microsoft.NET.Sdk.Razor.GenerateAssemblyInfo.targets(36,5): message :       CoreGenerateRazorTargetAssemblyInfo
       C:\Program Files\dotnet\sdk\10.0.101\Sdks\Microsoft.NET.Sdk.Razor\targets\Microsoft.NET.Sdk.Razor.GenerateAssemblyInfo.targets(36,5): message :     ") at C:\Program Files\dotnet\sdk\10.0.101\Sdks\Microsoft.NET.Sdk.Razor\targets\Microsoft.NET.Sdk.Razor.GenerateAssemblyInfo.targets (36,5)
       C:\Program Files\dotnet\sdk\10.0.101\Sdks\Microsoft.NET.Sdk.Razor\targets\Microsoft.NET.Sdk.Razor.GenerateAssemblyInfo.targets(181,5): message : Property reassignment: $(CoreCompileDependsOn)="
       C:\Program Files\dotnet\sdk\10.0.101\Sdks\Microsoft.NET.Sdk.Razor\targets\Microsoft.NET.Sdk.Razor.GenerateAssemblyInfo.targets(181,5): message :       ;_ComputeNonExistentFileProperty;ResolveCodeAnalysisRuleSet;
       C:\Program Files\dotnet\sdk\10.0.101\Sdks\Microsoft.NET.Sdk.Razor\targets\Microsoft.NET.Sdk.Razor.GenerateAssemblyInfo.targets(181,5): message :       _GenerateRazorAssemblyInfo
       C:\Program Files\dotnet\sdk\10.0.101\Sdks\Microsoft.NET.Sdk.Razor\targets\Microsoft.NET.Sdk.Razor.GenerateAssemblyInfo.targets(181,5): message :     " (previous value: ";_ComputeNonExistentFileProperty;ResolveCodeAnalysisRuleSet") at C:\Program Files\dotnet\sdk\10.0.101\Sdks\Microsoft.NET.Sdk.Razor\targets\Microsoft.NET.Sdk.Razor.GenerateAssemblyInfo.targets (181,5)
       C:\Program Files\dotnet\sdk\10.0.101\Sdks\Microsoft.NET.Sdk.Razor\targets\Microsoft.NET.Sdk.Razor.GenerateAssemblyInfo.targets(189,5): message : Property reassignment: $(_GenerateRazorAssemblyInfoDependsOn)="
       C:\Program Files\dotnet\sdk\10.0.101\Sdks\Microsoft.NET.Sdk.Razor\targets\Microsoft.NET.Sdk.Razor.GenerateAssemblyInfo.targets(189,5): message :       _ResolveMvcAssemblyAttributes;
       C:\Program Files\dotnet\sdk\10.0.101\Sdks\Microsoft.NET.Sdk.Razor\targets\Microsoft.NET.Sdk.Razor.GenerateAssemblyInfo.targets(189,5): message :       RazorGetAssemblyAttributes;PrepareForBuild;_CoreGenerateRazorAssemblyInfo;
       C:\Program Files\dotnet\sdk\10.0.101\Sdks\Microsoft.NET.Sdk.Razor\targets\Microsoft.NET.Sdk.Razor.GenerateAssemblyInfo.targets(189,5): message :     " (previous value: "RazorGetAssemblyAttributes;PrepareForBuild;_CoreGenerateRazorAssemblyInfo") at C:\Program Files\dotnet\sdk\10.0.101\Sdks\Microsoft.NET.Sdk.Razor\targets\Microsoft.NET.Sdk.Razor.GenerateAssemblyInfo.targets (189,5)
       C:\Program Files\dotnet\sdk\10.0.101\Sdks\Microsoft.NET.Sdk.Razor\targets\Microsoft.NET.Sdk.Razor.MvcApplicationPartsDiscovery.targets(22,5): message : Property reassignment: $(CoreCompileDependsOn)="
       C:\Program Files\dotnet\sdk\10.0.101\Sdks\Microsoft.NET.Sdk.Razor\targets\Microsoft.NET.Sdk.Razor.MvcApplicationPartsDiscovery.targets(22,5): message :       _DiscoverMvcApplicationParts;
       C:\Program Files\dotnet\sdk\10.0.101\Sdks\Microsoft.NET.Sdk.Razor\targets\Microsoft.NET.Sdk.Razor.MvcApplicationPartsDiscovery.targets(22,5): message :       
       C:\Program Files\dotnet\sdk\10.0.101\Sdks\Microsoft.NET.Sdk.Razor\targets\Microsoft.NET.Sdk.Razor.MvcApplicationPartsDiscovery.targets(22,5): message :       ;_ComputeNonExistentFileProperty;ResolveCodeAnalysisRuleSet;
       C:\Program Files\dotnet\sdk\10.0.101\Sdks\Microsoft.NET.Sdk.Razor\targets\Microsoft.NET.Sdk.Razor.MvcApplicationPartsDiscovery.targets(22,5): message :       _GenerateRazorAssemblyInfo
       C:\Program Files\dotnet\sdk\10.0.101\Sdks\Microsoft.NET.Sdk.Razor\targets\Microsoft.NET.Sdk.Razor.MvcApplicationPartsDiscovery.targets(22,5): message :     ;
       C:\Program Files\dotnet\sdk\10.0.101\Sdks\Microsoft.NET.Sdk.Razor\targets\Microsoft.NET.Sdk.Razor.MvcApplicationPartsDiscovery.targets(22,5): message :     " (previous value: "
       C:\Program Files\dotnet\sdk\10.0.101\Sdks\Microsoft.NET.Sdk.Razor\targets\Microsoft.NET.Sdk.Razor.MvcApplicationPartsDiscovery.targets(22,5): message :       ;_ComputeNonExistentFileProperty;ResolveCodeAnalysisRuleSet;
       C:\Program Files\dotnet\sdk\10.0.101\Sdks\Microsoft.NET.Sdk.Razor\targets\Microsoft.NET.Sdk.Razor.MvcApplicationPartsDiscovery.targets(22,5): message :       _GenerateRazorAssemblyInfo
       C:\Program Files\dotnet\sdk\10.0.101\Sdks\Microsoft.NET.Sdk.Razor\targets\Microsoft.NET.Sdk.Razor.MvcApplicationPartsDiscovery.targets(22,5): message :     ") at C:\Program Files\dotnet\sdk\10.0.101\Sdks\Microsoft.NET.Sdk.Razor\targets\Microsoft.NET.Sdk.Razor.MvcApplicationPartsDiscovery.targets (22,5)
       C:\Program Files\dotnet\sdk\10.0.101\Sdks\Microsoft.NET.Sdk.Razor\targets\Sdk.Razor.CurrentVersion.targets(884,5): message : Property reassignment: $(RazorDesignTimeTargets)="C:\Program Files\dotnet\sdk\10.0.101\Sdks\Microsoft.NET.Sdk.Razor\targets\Microsoft.NET.Sdk.Razor.DesignTime.targets" (previous value: "C:\Program Files\dotnet\sdk\10.0.101\\Microsoft\VisualStudio\Razor\Microsoft.NET.Sdk.Razor.DesignTime.targets") at C:\Program Files\dotnet\sdk\10.0.101\Sdks\Microsoft.NET.Sdk.Razor\targets\Sdk.Razor.CurrentVersion.targets (884,5)
       C:\Program Files\dotnet\sdk\10.0.101\Sdks\Microsoft.NET.Sdk.Web.ProjectSystem\targets\Microsoft.NET.Sdk.Web.ProjectSystem.targets(21,5): message : Property reassignment: $(RunWorkingDirectory)="c:\krishna mini project\backend\InternalExamScrutinySystem.Api" (previous value: "") at C:\Program Files\dotnet\sdk\10.0.101\Sdks\Microsoft.NET.Sdk.Web.ProjectSystem\targets\Microsoft.NET.Sdk.Web.ProjectSystem.targets (21,5)
       C:\Program Files\dotnet\sdk\10.0.101\Sdks\Microsoft.NET.Sdk.Publish\targets\Microsoft.NET.Sdk.Publish.targets(60,5): message : Property reassignment: $(PublishProfileImported)="true" (previous value: "false") at C:\Program Files\dotnet\sdk\10.0.101\Sdks\Microsoft.NET.Sdk.Publish\targets\Microsoft.NET.Sdk.Publish.targets (60,5)
       C:\Program Files\dotnet\sdk\10.0.101\Sdks\Microsoft.NET.Sdk.Publish\targets\Microsoft.NET.Sdk.Publish.targets(81,5): message : Property reassignment: $(PublishConfiguration)="Debug" (previous value: "") at C:\Program Files\dotnet\sdk\10.0.101\Sdks\Microsoft.NET.Sdk.Publish\targets\Microsoft.NET.Sdk.Publish.targets (81,5)
       C:\Program Files\dotnet\sdk\10.0.101\Sdks\Microsoft.NET.Sdk.Publish\targets\Microsoft.NET.Sdk.Publish.targets(87,5): message : Property reassignment: $(BaseIntermediateOutputPath)="c:\krishna mini project\backend\InternalExamScrutinySystem.Api\obj\" (previous value: "obj\") at C:\Program Files\dotnet\sdk\10.0.101\Sdks\Microsoft.NET.Sdk.Publish\targets\Microsoft.NET.Sdk.Publish.targets (87,5)
       Overriding target "ResolveFrameworkReferences" in project "C:\Program Files\dotnet\sdk\10.0.101\Microsoft.Common.CurrentVersion.targets" with target "ResolveFrameworkReferences" from project "C:\Program Files\dotnet\sdk\10.0.101\Sdks\Microsoft.NET.Sdk\targets\Microsoft.NET.Sdk.FrameworkReferenceResolution.targets".
       Overriding target "GenerateSupportedTargetFrameworkAlias" in project "C:\Program Files\dotnet\sdk\10.0.101\Microsoft.Common.CurrentVersion.targets" with target "GenerateSupportedTargetFrameworkAlias" from project "C:\Program Files\dotnet\sdk\10.0.101\Sdks\Microsoft.NET.Sdk\targets\Microsoft.NET.Sdk.targets".
       Overriding target "GetReferenceAssemblyPaths" in project "C:\Program Files\dotnet\sdk\10.0.101\Microsoft.Common.CurrentVersion.targets" with target "GetReferenceAssemblyPaths" from project "C:\Program Files\dotnet\sdk\10.0.101\Sdks\Microsoft.NET.Sdk\targets\Microsoft.NET.DisableStandardFrameworkResolution.targets".
       Overriding target "GetFrameworkPaths" in project "C:\Program Files\dotnet\sdk\10.0.101\Microsoft.Common.CurrentVersion.targets" with target "GetFrameworkPaths" from project "C:\Program Files\dotnet\sdk\10.0.101\Sdks\Microsoft.NET.Sdk\targets\Microsoft.NET.DisableStandardFrameworkResolution.targets".
       Overriding target "DesignerRuntimeImplementationProjectOutputGroup" in project "C:\Program Files\dotnet\sdk\10.0.101\Microsoft.Common.CurrentVersion.targets" with target "DesignerRuntimeImplementationProjectOutputGroup" from project "C:\Program Files\dotnet\sdk\10.0.101\Sdks\Microsoft.NET.Sdk\targets\Microsoft.NET.DesignerSupport.targets".
       Overriding target "Publish" in project "C:\Program Files\dotnet\sdk\10.0.101\Microsoft.Common.CurrentVersion.targets" with target "Publish" from project "C:\Program Files\dotnet\sdk\10.0.101\Sdks\Microsoft.NET.Sdk\targets\Microsoft.NET.Publish.targets".
       Overriding target "ResolveReadyToRunCompilers" in project "C:\Program Files\dotnet\sdk\10.0.101\Sdks\Microsoft.NET.Sdk\targets\Microsoft.NET.CrossGen.targets" with target "ResolveReadyToRunCompilers" from project "C:\Program Files\dotnet\sdk\10.0.101\Sdks\Microsoft.NET.Sdk\targets\Microsoft.NET.Publish.targets".
       Overriding target "GetCopyToPublishDirectoryItems" in project "C:\Program Files\dotnet\sdk\10.0.101\Microsoft.Common.CurrentVersion.targets" with target "GetCopyToPublishDirectoryItems" from project "C:\Program Files\dotnet\sdk\10.0.101\Sdks\Microsoft.NET.Sdk\targets\Microsoft.NET.Publish.targets".
       Overriding target "Run" in project "C:\Program Files\dotnet\sdk\10.0.101\Microsoft.Common.CurrentVersion.targets" with target "Run" from project "C:\Program Files\dotnet\sdk\10.0.101\Sdks\Microsoft.NET.Sdk\targets\Microsoft.NET.Sdk.targets".
       Overriding target "BeforePublish" in project "C:\Program Files\dotnet\sdk\10.0.101\Microsoft.Common.CurrentVersion.targets" with target "BeforePublish" from project "C:\Program Files\dotnet\sdk\10.0.101\Sdks\Microsoft.NET.Sdk.Publish\targets\Microsoft.NET.Sdk.Publish.targets".
       Overriding target "AfterPublish" in project "C:\Program Files\dotnet\sdk\10.0.101\Microsoft.Common.CurrentVersion.targets" with target "AfterPublish" from project "C:\Program Files\dotnet\sdk\10.0.101\Sdks\Microsoft.NET.Sdk.Publish\targets\Microsoft.NET.Sdk.Publish.targets".
       The target "CollectUpToDateCheckInputDesignTime" listed in a BeforeTargets attribute at "C:\Program Files\dotnet\sdk\10.0.101\Sdks\Microsoft.NET.Sdk.StaticWebAssets\targets\Microsoft.NET.Sdk.StaticWebAssets.ScopedCss.targets (171,5)" does not exist in the project, and will be ignored.
       The target "CollectUpToDateCheckBuiltDesignTime" listed in a BeforeTargets attribute at "C:\Program Files\dotnet\sdk\10.0.101\Sdks\Microsoft.NET.Sdk.StaticWebAssets\targets\Microsoft.NET.Sdk.StaticWebAssets.ScopedCss.targets (171,5)" does not exist in the project, and will be ignored.
       The target "RazorGenerateComponentDeclaration" listed in an AfterTargets attribute at "C:\Program Files\dotnet\sdk\10.0.101\Sdks\Microsoft.NET.Sdk.Razor\targets\Microsoft.NET.Sdk.Razor.DesignTime.targets (55,53)" does not exist in the project, and will be ignored.
     1>Project "c:\krishna mini project\backend\InternalExamScrutinySystem.Api\InternalExamScrutinySystem.Api.csproj" (1) is building "c:\krishna mini project\backend\InternalExamScrutinySystem.Api\InternalExamScrutinySystem.Api.csproj" (1:2) on node 1 (_IsProjectRestoreSupported target(s)).
   1:2>Target "_IsProjectRestoreSupported" in file "C:\Program Files\dotnet\sdk\10.0.101\NuGet.targets" from project "c:\krishna mini project\backend\InternalExamScrutinySystem.Api\InternalExamScrutinySystem.Api.csproj" (entry point):
   1:2>Done building target "_IsProjectRestoreSupported" in project "InternalExamScrutinySystem.Api.csproj".
   1:2>Done Building Project "c:\krishna mini project\backend\InternalExamScrutinySystem.Api\InternalExamScrutinySystem.Api.csproj" (_IsProjectRestoreSupported target(s)).
     1>Done executing task "MSBuild".
       Assembly loaded during TaskRun: NuGet.Build.Tasks, Version=7.0.0.0, Culture=neutral, PublicKeyToken=31bf3856ad364e35 (location: C:\Program Files\dotnet\sdk\10.0.101\NuGet.Build.Tasks.dll, MVID: 1d7b2a50-0801-4407-864a-c0611e7b6f2d, AssemblyLoadContext: MSBuild plugin C:\Program Files\dotnet\sdk\10.0.101\NuGet.Build.Tasks.dll)
       Assembly loaded during TaskRun: NuGet.Common, Version=7.0.0.0, Culture=neutral, PublicKeyToken=31bf3856ad364e35 (location: C:\Program Files\dotnet\sdk\10.0.101\NuGet.Common.dll, MVID: e68f94a8-8ead-49da-8d66-ddbffff51250, AssemblyLoadContext: MSBuild plugin C:\Program Files\dotnet\sdk\10.0.101\NuGet.Build.Tasks.dll)
       Assembly loaded during TaskRun: NuGet.Commands, Version=7.0.0.0, Culture=neutral, PublicKeyToken=31bf3856ad364e35 (location: C:\Program Files\dotnet\sdk\10.0.101\NuGet.Commands.dll, MVID: cf5dfc68-8202-4a78-a2e1-4e04847fc3ac, AssemblyLoadContext: MSBuild plugin C:\Program Files\dotnet\sdk\10.0.101\NuGet.Build.Tasks.dll)
       Assembly loaded during TaskRun: NuGet.ProjectModel, Version=7.0.0.0, Culture=neutral, PublicKeyToken=31bf3856ad364e35 (location: C:\Program Files\dotnet\sdk\10.0.101\NuGet.ProjectModel.dll, MVID: 74e299f3-0a8a-48ce-b793-3c6caaf0a1df, AssemblyLoadContext: MSBuild plugin C:\Program Files\dotnet\sdk\10.0.101\NuGet.Build.Tasks.dll)
       Using "WarnForInvalidProjectsTask" task from assembly "C:\Program Files\dotnet\sdk\10.0.101\NuGet.Build.Tasks.dll".
       Task "WarnForInvalidProjectsTask"
       Done executing task "WarnForInvalidProjectsTask".
     1>Done building target "_FilterRestoreGraphProjectInputItems" in project "InternalExamScrutinySystem.Api.csproj".
       Target "_FilterRestoreGraphProjectInputItems" skipped. Previously built successfully.
     1>Target "_GetAllRestoreProjectPathItems" in file "C:\Program Files\dotnet\sdk\10.0.101\NuGet.targets" from project "c:\krishna mini project\backend\InternalExamScrutinySystem.Api\InternalExamScrutinySystem.Api.csproj" (target "_GenerateRestoreGraph" depends on it):
       Using "NuGetMessageTask" task from assembly "C:\Program Files\dotnet\sdk\10.0.101\NuGet.Build.Tasks.dll".
       Task "NuGetMessageTask"
         Determining projects to restore...
       Done executing task "NuGetMessageTask".
       Task "MSBuild"
         Global Properties:
           ExcludeRestorePackageImports=true
     1>Project "c:\krishna mini project\backend\InternalExamScrutinySystem.Api\InternalExamScrutinySystem.Api.csproj" (1) is building "c:\krishna mini project\backend\InternalExamScrutinySystem.Api\InternalExamScrutinySystem.Api.csproj" (1:3) on node 1 (_GenerateRestoreProjectPathWalk target(s)).
   1:3>Target "_GenerateRestoreProjectPathItemsPerFramework" in file "C:\Program Files\dotnet\sdk\10.0.101\NuGet.targets" from project "c:\krishna mini project\backend\InternalExamScrutinySystem.Api\InternalExamScrutinySystem.Api.csproj" (target "_GenerateRestoreProjectPathItemsCurrentProject" depends on it):
   1:3>Using "ConvertToAbsolutePath" task from assembly "Microsoft.Build.Tasks.Core, Version=15.1.0.0, Culture=neutral, PublicKeyToken=b03f5f7f11d50a3a".
       Task "ConvertToAbsolutePath"
       Done executing task "ConvertToAbsolutePath".
   1:3>Done building target "_GenerateRestoreProjectPathItemsPerFramework" in project "InternalExamScrutinySystem.Api.csproj".
   1:3>Target "_GenerateRestoreProjectPathItemsCurrentProject" in file "C:\Program Files\dotnet\sdk\10.0.101\NuGet.targets" from project "c:\krishna mini project\backend\InternalExamScrutinySystem.Api\InternalExamScrutinySystem.Api.csproj" (target "_GenerateRestoreProjectPathItems" depends on it):
   1:3>Done building target "_GenerateRestoreProjectPathItemsCurrentProject" in project "InternalExamScrutinySystem.Api.csproj".
   1:3>Target "_GenerateRestoreProjectPathItems" in file "C:\Program Files\dotnet\sdk\10.0.101\NuGet.targets" from project "c:\krishna mini project\backend\InternalExamScrutinySystem.Api\InternalExamScrutinySystem.Api.csproj" (target "_GenerateRestoreProjectPathWalk" depends on it):
       Task "RemoveDuplicates"
       Done executing task "RemoveDuplicates".
   1:3>Done building target "_GenerateRestoreProjectPathItems" in project "InternalExamScrutinySystem.Api.csproj".
   1:3>Target "_GenerateRestoreProjectPathWalk" in file "C:\Program Files\dotnet\sdk\10.0.101\NuGet.targets" from project "c:\krishna mini project\backend\InternalExamScrutinySystem.Api\InternalExamScrutinySystem.Api.csproj" (entry point):
       Task "MSBuild"
       Done executing task "MSBuild".
       Task "RemoveDuplicates"
       Done executing task "RemoveDuplicates".
   1:3>Done building target "_GenerateRestoreProjectPathWalk" in project "InternalExamScrutinySystem.Api.csproj".
   1:3>Done Building Project "c:\krishna mini project\backend\InternalExamScrutinySystem.Api\InternalExamScrutinySystem.Api.csproj" (_GenerateRestoreProjectPathWalk target(s)).
     1>Done executing task "MSBuild".
       Task "RemoveDuplicates"
       Done executing task "RemoveDuplicates".
       Task "MSBuild"
         Global Properties:
           ExcludeRestorePackageImports=true
     1>Project "c:\krishna mini project\backend\InternalExamScrutinySystem.Api\InternalExamScrutinySystem.Api.csproj" (1) is building "c:\krishna mini project\backend\InternalExamScrutinySystem.Api\InternalExamScrutinySystem.Api.csproj" (1:4) on node 1 (_IsProjectRestoreSupported target(s)).
   1:4>Target "_IsProjectRestoreSupported" skipped. Previously built successfully.
   1:4>Done Building Project "c:\krishna mini project\backend\InternalExamScrutinySystem.Api\InternalExamScrutinySystem.Api.csproj" (_IsProjectRestoreSupported target(s)).
     1>Done executing task "MSBuild".
     1>Done building target "_GetAllRestoreProjectPathItems" in project "InternalExamScrutinySystem.Api.csproj".
     1>Target "_GenerateRestoreGraph" in file "C:\Program Files\dotnet\sdk\10.0.101\NuGet.targets" from project "c:\krishna mini project\backend\InternalExamScrutinySystem.Api\InternalExamScrutinySystem.Api.csproj" (target "Restore" depends on it):
       Using "Message" task from assembly "Microsoft.Build.Tasks.Core, Version=15.1.0.0, Culture=neutral, PublicKeyToken=b03f5f7f11d50a3a".
       Task "Message"
         Generating dg file
       Done executing task "Message".
       Task "Message"
         c:\krishna mini project\backend\InternalExamScrutinySystem.Api\InternalExamScrutinySystem.Api.csproj
       Done executing task "Message".
       Task "MSBuild"
         Global Properties:
           ExcludeRestorePackageImports=true
     1>Project "c:\krishna mini project\backend\InternalExamScrutinySystem.Api\InternalExamScrutinySystem.Api.csproj" (1) is building "c:\krishna mini project\backend\InternalExamScrutinySystem.Api\InternalExamScrutinySystem.Api.csproj" (1:5) on node 1 (_GenerateRestoreGraphProjectEntry target(s)).
   1:5>Target "_CheckForUnsupportedNETCoreVersion" in file "C:\Program Files\dotnet\sdk\10.0.101\Sdks\Microsoft.NET.Sdk\targets\Microsoft.NET.TargetFrameworkInference.targets" from project "c:\krishna mini project\backend\InternalExamScrutinySystem.Api\InternalExamScrutinySystem.Api.csproj" (target "CollectPackageReferences" depends on it):
   1:5>Done building target "_CheckForUnsupportedNETCoreVersion" in project "InternalExamScrutinySystem.Api.csproj".
   1:5>Target "_CheckForUnsupportedCppNETCoreVersion" in file "C:\Program Files\dotnet\sdk\10.0.101\Sdks\Microsoft.NET.Sdk\targets\Microsoft.NET.TargetFrameworkInference.targets" from project "c:\krishna mini project\backend\InternalExamScrutinySystem.Api\InternalExamScrutinySystem.Api.csproj" (target "CollectPackageReferences" depends on it):
   1:5>Done building target "_CheckForUnsupportedCppNETCoreVersion" in project "InternalExamScrutinySystem.Api.csproj".
   1:5>Target "UpdateAspNetToFrameworkReference" in file "C:\Program Files\dotnet\sdk\10.0.101\Sdks\Microsoft.NET.Sdk\targets\Microsoft.NET.Sdk.DefaultItems.Shared.targets" from project "c:\krishna mini project\backend\InternalExamScrutinySystem.Api\InternalExamScrutinySystem.Api.csproj" (target "ApplyImplicitVersions" depends on it):
       Using "CheckIfPackageReferenceShouldBeFrameworkReference" task from assembly "C:\Program Files\dotnet\sdk\10.0.101\Sdks\Microsoft.NET.Sdk\targets\..\tools\net10.0\Microsoft.NET.Build.Tasks.dll".
       Task "CheckIfPackageReferenceShouldBeFrameworkReference"
       Done executing task "CheckIfPackageReferenceShouldBeFrameworkReference".
       Task "CheckIfPackageReferenceShouldBeFrameworkReference"
       Done executing task "CheckIfPackageReferenceShouldBeFrameworkReference".
   1:5>Done building target "UpdateAspNetToFrameworkReference" in project "InternalExamScrutinySystem.Api.csproj".
   1:5>Target "CheckForImplicitPackageReferenceOverrides" in file "C:\Program Files\dotnet\sdk\10.0.101\Sdks\Microsoft.NET.Sdk\targets\Microsoft.NET.Sdk.DefaultItems.Shared.targets" from project "c:\krishna mini project\backend\InternalExamScrutinySystem.Api\InternalExamScrutinySystem.Api.csproj" (target "ApplyImplicitVersions" depends on it):
       Using "CheckForImplicitPackageReferenceOverrides" task from assembly "C:\Program Files\dotnet\sdk\10.0.101\Sdks\Microsoft.NET.Sdk\targets\..\tools\net10.0\Microsoft.NET.Build.Tasks.dll".
       Task "CheckForImplicitPackageReferenceOverrides"
       Done executing task "CheckForImplicitPackageReferenceOverrides".
   1:5>Done building target "CheckForImplicitPackageReferenceOverrides" in project "InternalExamScrutinySystem.Api.csproj".
   1:5>Target "ApplyImplicitVersions" in file "C:\Program Files\dotnet\sdk\10.0.101\Sdks\Microsoft.NET.Sdk\targets\Microsoft.NET.Sdk.DefaultItems.Shared.targets" from project "c:\krishna mini project\backend\InternalExamScrutinySystem.Api\InternalExamScrutinySystem.Api.csproj" (target "CollectPackageReferences" depends on it):
       Using "ApplyImplicitVersions" task from assembly "C:\Program Files\dotnet\sdk\10.0.101\Sdks\Microsoft.NET.Sdk\targets\..\tools\net10.0\Microsoft.NET.Build.Tasks.dll".
       Task "ApplyImplicitVersions"
       Done executing task "ApplyImplicitVersions".
   1:5>Done building target "ApplyImplicitVersions" in project "InternalExamScrutinySystem.Api.csproj".
       Target "CheckForImplicitPackageReferenceOverrides" skipped. Previously built successfully.
   1:5>Target "_CheckForLanguageAndFeatureCombinationSupport" in file "C:\Program Files\dotnet\sdk\10.0.101\Sdks\Microsoft.NET.Sdk\targets\Microsoft.NET.RuntimeIdentifierInference.targets" from project "c:\krishna mini project\backend\InternalExamScrutinySystem.Api\InternalExamScrutinySystem.Api.csproj" (target "ProcessFrameworkReferences" depends on it):
   1:5>Done building target "_CheckForLanguageAndFeatureCombinationSupport" in project "InternalExamScrutinySystem.Api.csproj".
   1:5>Target "_ComputeToolPackInputsToProcessFrameworkReferences" in file "C:\Program Files\dotnet\sdk\10.0.101\Sdks\Microsoft.NET.Sdk\targets\Microsoft.NET.Publish.targets" from project "c:\krishna mini project\backend\InternalExamScrutinySystem.Api\InternalExamScrutinySystem.Api.csproj" (target "ProcessFrameworkReferences" depends on it):
   1:5>Done building target "_ComputeToolPackInputsToProcessFrameworkReferences" in project "InternalExamScrutinySystem.Api.csproj".
   1:5>Target "ResolveRequiredWebAssets" in file "C:\Program Files\dotnet\sdk\10.0.101\Sdks\Microsoft.NET.Sdk.Web.ProjectSystem\targets\Microsoft.NET.Sdk.Web.ProjectSystem.targets" from project "c:\krishna mini project\backend\InternalExamScrutinySystem.Api\InternalExamScrutinySystem.Api.csproj" (target "ProcessFrameworkReferences" depends on it):
   1:5>Done building target "ResolveRequiredWebAssets" in project "InternalExamScrutinySystem.Api.csproj".
   1:5>Target "ProcessFrameworkReferences" in file "C:\Program Files\dotnet\sdk\10.0.101\Sdks\Microsoft.NET.Sdk\targets\Microsoft.NET.Sdk.FrameworkReferenceResolution.targets" from project "c:\krishna mini project\backend\InternalExamScrutinySystem.Api\InternalExamScrutinySystem.Api.csproj" (target "CollectPackageReferences" depends on it):
       Using "CheckForDuplicateFrameworkReferences" task from assembly "C:\Program Files\dotnet\sdk\10.0.101\Sdks\Microsoft.NET.Sdk\targets\..\tools\net10.0\Microsoft.NET.Build.Tasks.dll".
       Task "CheckForDuplicateFrameworkReferences"
       Done executing task "CheckForDuplicateFrameworkReferences".
       Using "ProcessFrameworkReferences" task from assembly "C:\Program Files\dotnet\sdk\10.0.101\Sdks\Microsoft.NET.Sdk\targets\..\tools\net10.0\Microsoft.NET.Build.Tasks.dll".
       Task "ProcessFrameworkReferences"
         Found 2 known framework references for target framework .NETCoreApp
         Found 5 known runtime packs for target framework .NETCoreApp
         Selected Microsoft.NETCore.App with RIDs 'linux-arm;linux-arm64;linux-musl-arm64;linux-musl-x64;linux-x64;osx-x64;tizen.4.0.0-armel;tizen.5.0.0-armel;win-arm64;win-x64;win-x86;linux-musl-arm;osx-arm64;linux-s390x;linux-loongarch64;linux-bionic-arm;linux-bionic-arm64;linux-bionic-x64;linux-bionic-x86;linux-ppc64le;freebsd-x64;freebsd-arm64'
         Selected targeting pack 'Microsoft.NETCore.App@8.0.22'
         Added runtime framework 'Microsoft.NETCore.App@8.0.0'
         Selected Microsoft.WindowsDesktop.App with RIDs 'win-x64;win-x86;win-arm64'
         Selected targeting pack 'Microsoft.WindowsDesktop.App@8.0.22'
         Added runtime framework 'Microsoft.WindowsDesktop.App@8.0.0'
         Selected Microsoft.WindowsDesktop.App with RIDs 'win-x64;win-x86;win-arm64'
         Selected targeting pack 'Microsoft.WindowsDesktop.App.WPF@8.0.22'
         Added runtime framework 'Microsoft.WindowsDesktop.App@8.0.0'
         Selected Microsoft.WindowsDesktop.App with RIDs 'win-x64;win-x86;win-arm64'
         Selected targeting pack 'Microsoft.WindowsDesktop.App.WindowsForms@8.0.22'
         Added runtime framework 'Microsoft.WindowsDesktop.App@8.0.0'
         Selected Microsoft.AspNetCore.App with RIDs 'win-x64;win-x86;osx-x64;linux-musl-x64;linux-musl-arm64;linux-x64;linux-arm;linux-arm64;linux-musl-arm;win-arm64;osx-arm64;linux-s390x;linux-loongarch64;linux-ppc64le;freebsd-x64;freebsd-arm64'
         Selected targeting pack 'Microsoft.AspNetCore.App@8.0.22'
         Added runtime framework 'Microsoft.AspNetCore.App@8.0.0'
       Done executing task "ProcessFrameworkReferences".
       Using "ResolveAppHosts" task from assembly "C:\Program Files\dotnet\sdk\10.0.101\Sdks\Microsoft.NET.Sdk\targets\..\tools\net10.0\Microsoft.NET.Build.Tasks.dll".
       Task "ResolveAppHosts"
       Done executing task "ResolveAppHosts".
   1:5>Done building target "ProcessFrameworkReferences" in project "InternalExamScrutinySystem.Api.csproj".
   1:5>Target "_CheckForObsoleteDotNetCliToolReferences" in file "C:\Program Files\dotnet\sdk\10.0.101\Sdks\Microsoft.NET.Sdk\targets\Microsoft.NET.ObsoleteReferences.targets" from project "c:\krishna mini project\backend\InternalExamScrutinySystem.Api\InternalExamScrutinySystem.Api.csproj" (target "CollectPackageReferences" depends on it):
   1:5>Done building target "_CheckForObsoleteDotNetCliToolReferences" in project "InternalExamScrutinySystem.Api.csproj".
   1:5>Target "CollectPackageReferences" in file "C:\Program Files\dotnet\sdk\10.0.101\NuGet.targets" from project "c:\krishna mini project\backend\InternalExamScrutinySystem.Api\InternalExamScrutinySystem.Api.csproj" (target "_GetRestoreProjectStyle" depends on it):
       Using "CheckForDuplicateNuGetItemsTask" task from assembly "C:\Program Files\dotnet\sdk\10.0.101\NuGet.Build.Tasks.dll".
       Task "CheckForDuplicateNuGetItemsTask"
       Done executing task "CheckForDuplicateNuGetItemsTask".
   1:5>Done building target "CollectPackageReferences" in project "InternalExamScrutinySystem.Api.csproj".
   1:5>Target "_GetRestoreProjectStyle" in file "C:\Program Files\dotnet\sdk\10.0.101\NuGet.targets" from project "c:\krishna mini project\backend\InternalExamScrutinySystem.Api\InternalExamScrutinySystem.Api.csproj" (target "_GenerateRestoreSpecs" depends on it):
       Using "GetRestoreProjectStyleTask" task from assembly "C:\Program Files\dotnet\sdk\10.0.101\NuGet.Build.Tasks.dll".
       Task "GetRestoreProjectStyleTask"
       Done executing task "GetRestoreProjectStyleTask".
   1:5>Done building target "_GetRestoreProjectStyle" in project "InternalExamScrutinySystem.Api.csproj".
   1:5>Target "_GenerateRestoreSpecs" in file "C:\Program Files\dotnet\sdk\10.0.101\NuGet.targets" from project "c:\krishna mini project\backend\InternalExamScrutinySystem.Api\InternalExamScrutinySystem.Api.csproj" (target "_GenerateRestoreGraphProjectEntry" depends on it):
       Task "Message"
         Restore entry point c:\krishna mini project\backend\InternalExamScrutinySystem.Api\InternalExamScrutinySystem.Api.csproj
       Done executing task "Message".
   1:5>Done building target "_GenerateRestoreSpecs" in project "InternalExamScrutinySystem.Api.csproj".
   1:5>Target "_GetRestoreSettingsOverrides" in file "C:\Program Files\dotnet\sdk\10.0.101\NuGet.targets" from project "c:\krishna mini project\backend\InternalExamScrutinySystem.Api\InternalExamScrutinySystem.Api.csproj" (target "_GetRestoreSettings" depends on it):
   1:5>Done building target "_GetRestoreSettingsOverrides" in project "InternalExamScrutinySystem.Api.csproj".
   1:5>Target "_GetRestoreSettingsPerFramework" in file "C:\Program Files\dotnet\sdk\10.0.101\NuGet.targets" from project "c:\krishna mini project\backend\InternalExamScrutinySystem.Api\InternalExamScrutinySystem.Api.csproj" (target "_GetRestoreSettingsCurrentProject" depends on it):
   1:5>Done building target "_GetRestoreSettingsPerFramework" in project "InternalExamScrutinySystem.Api.csproj".
   1:5>Target "_GetRestoreSettingsCurrentProject" in file "C:\Program Files\dotnet\sdk\10.0.101\NuGet.targets" from project "c:\krishna mini project\backend\InternalExamScrutinySystem.Api\InternalExamScrutinySystem.Api.csproj" (target "_GetRestoreSettings" depends on it):
   1:5>Done building target "_GetRestoreSettingsCurrentProject" in project "InternalExamScrutinySystem.Api.csproj".
   1:5>Target "_GetRestoreSettings" in file "C:\Program Files\dotnet\sdk\10.0.101\NuGet.targets" from project "c:\krishna mini project\backend\InternalExamScrutinySystem.Api\InternalExamScrutinySystem.Api.csproj" (target "_GenerateDotnetCliToolReferenceSpecs" depends on it):
       Using "GetRestoreSettingsTask" task from assembly "C:\Program Files\dotnet\sdk\10.0.101\NuGet.Build.Tasks.dll".
       Task "GetRestoreSettingsTask"
         Assembly loaded during TaskRun (NuGet.Build.Tasks.GetRestoreSettingsTask): NuGet.Configuration, Version=7.0.0.0, Culture=neutral, PublicKeyToken=31bf3856ad364e35 (location: C:\Program Files\dotnet\sdk\10.0.101\NuGet.Configuration.dll, MVID: 48b0ca1c-220b-4c21-8fab-d2d14e375158, AssemblyLoadContext: MSBuild plugin C:\Program Files\dotnet\sdk\10.0.101\NuGet.Build.Tasks.dll)
       Done executing task "GetRestoreSettingsTask".
   1:5>Done building target "_GetRestoreSettings" in project "InternalExamScrutinySystem.Api.csproj".
   1:5>Target "_GenerateDotnetCliToolReferenceSpecs" in file "C:\Program Files\dotnet\sdk\10.0.101\NuGet.targets" from project "c:\krishna mini project\backend\InternalExamScrutinySystem.Api\InternalExamScrutinySystem.Api.csproj" (target "_GenerateRestoreGraphProjectEntry" depends on it):
       Using "GetRestoreDotnetCliToolsTask" task from assembly "C:\Program Files\dotnet\sdk\10.0.101\NuGet.Build.Tasks.dll".
       Task "GetRestoreDotnetCliToolsTask"
       Done executing task "GetRestoreDotnetCliToolsTask".
   1:5>Done building target "_GenerateDotnetCliToolReferenceSpecs" in project "InternalExamScrutinySystem.Api.csproj".
   1:5>Target "_GenerateRestoreGraphProjectEntry" in file "C:\Program Files\dotnet\sdk\10.0.101\NuGet.targets" from project "c:\krishna mini project\backend\InternalExamScrutinySystem.Api\InternalExamScrutinySystem.Api.csproj" (entry point):
   1:5>Done building target "_GenerateRestoreGraphProjectEntry" in project "InternalExamScrutinySystem.Api.csproj".
   1:5>Done Building Project "c:\krishna mini project\backend\InternalExamScrutinySystem.Api\InternalExamScrutinySystem.Api.csproj" (_GenerateRestoreGraphProjectEntry target(s)).
     1>Done executing task "MSBuild".
       Task "MSBuild"
         Global Properties:
           ExcludeRestorePackageImports=true
     1>Project "c:\krishna mini project\backend\InternalExamScrutinySystem.Api\InternalExamScrutinySystem.Api.csproj" (1) is building "c:\krishna mini project\backend\InternalExamScrutinySystem.Api\InternalExamScrutinySystem.Api.csproj" (1:6) on node 1 (_GenerateProjectRestoreGraph target(s)).
   1:6>Target "_GetRestoreProjectStyle" skipped. Previously built successfully.
       Target "_GetRestoreProjectStyle" skipped. Previously built successfully.
       Target "_GetRestoreProjectStyle" skipped. Previously built successfully.
   1:6>Target "_GetRestoreTargetFrameworkOverride" in file "C:\Program Files\dotnet\sdk\10.0.101\NuGet.targets" from project "c:\krishna mini project\backend\InternalExamScrutinySystem.Api\InternalExamScrutinySystem.Api.csproj" (target "_GetRestoreTargetFrameworksOutput" depends on it):
   1:6>Done building target "_GetRestoreTargetFrameworkOverride" in project "InternalExamScrutinySystem.Api.csproj".
   1:6>Target "_GetRestoreTargetFrameworksOutput" in file "C:\Program Files\dotnet\sdk\10.0.101\NuGet.targets" from project "c:\krishna mini project\backend\InternalExamScrutinySystem.Api\InternalExamScrutinySystem.Api.csproj" (target "_GenerateRestoreProjectSpec" depends on it):
       Using "GetProjectTargetFrameworksTask" task from assembly "C:\Program Files\dotnet\sdk\10.0.101\NuGet.Build.Tasks.dll".
       Task "GetProjectTargetFrameworksTask"
       Done executing task "GetProjectTargetFrameworksTask".
   1:6>Done building target "_GetRestoreTargetFrameworksOutput" in project "InternalExamScrutinySystem.Api.csproj".
       Target "_GetRestoreSettings" skipped. Previously built successfully.
   1:6>Target "_GenerateRestoreProjectSpec" in file "C:\Program Files\dotnet\sdk\10.0.101\NuGet.targets" from project "c:\krishna mini project\backend\InternalExamScrutinySystem.Api\InternalExamScrutinySystem.Api.csproj" (target "_GenerateProjectRestoreGraph" depends on it):
       Task "ConvertToAbsolutePath"
       Done executing task "ConvertToAbsolutePath".
   1:6>Done building target "_GenerateRestoreProjectSpec" in project "InternalExamScrutinySystem.Api.csproj".
       Target "_GetRestoreProjectStyle" skipped. Previously built successfully.
       Target "CollectPackageReferences" skipped. Previously built successfully.
   1:6>Target "CollectPackageDownloads" in file "C:\Program Files\dotnet\sdk\10.0.101\NuGet.targets" from project "c:\krishna mini project\backend\InternalExamScrutinySystem.Api\InternalExamScrutinySystem.Api.csproj" (target "_CollectRestoreInputs" depends on it):
       Task "CheckForDuplicateNuGetItemsTask"
       Done executing task "CheckForDuplicateNuGetItemsTask".
   1:6>Done building target "CollectPackageDownloads" in project "InternalExamScrutinySystem.Api.csproj".
   1:6>Target "CollectFrameworkReferences" in file "C:\Program Files\dotnet\sdk\10.0.101\NuGet.targets" from project "c:\krishna mini project\backend\InternalExamScrutinySystem.Api\InternalExamScrutinySystem.Api.csproj" (target "_CollectRestoreInputs" depends on it):
   1:6>Done building target "CollectFrameworkReferences" in project "InternalExamScrutinySystem.Api.csproj".
   1:6>Target "CollectCentralPackageVersions" in file "C:\Program Files\dotnet\sdk\10.0.101\NuGet.targets" from project "c:\krishna mini project\backend\InternalExamScrutinySystem.Api\InternalExamScrutinySystem.Api.csproj" (target "_CollectRestoreInputs" depends on it):
       Task "CheckForDuplicateNuGetItemsTask"
       Done executing task "CheckForDuplicateNuGetItemsTask".
   1:6>Done building target "CollectCentralPackageVersions" in project "InternalExamScrutinySystem.Api.csproj".
   1:6>Target "CollectNuGetAuditSuppressions" in file "C:\Program Files\dotnet\sdk\10.0.101\NuGet.targets" from project "c:\krishna mini project\backend\InternalExamScrutinySystem.Api\InternalExamScrutinySystem.Api.csproj" (target "_CollectRestoreInputs" depends on it):
       Task "CheckForDuplicateNuGetItemsTask"
       Done executing task "CheckForDuplicateNuGetItemsTask".
   1:6>Done building target "CollectNuGetAuditSuppressions" in project "InternalExamScrutinySystem.Api.csproj".
   1:6>Target "CollectPrunePackageReferences" in file "C:\Program Files\dotnet\sdk\10.0.101\NuGet.targets" from project "c:\krishna mini project\backend\InternalExamScrutinySystem.Api\InternalExamScrutinySystem.Api.csproj" (target "_CollectRestoreInputs" depends on it):
       Task "CheckForDuplicateNuGetItemsTask"
       Done executing task "CheckForDuplicateNuGetItemsTask".
   1:6>Done building target "CollectPrunePackageReferences" in project "InternalExamScrutinySystem.Api.csproj".
   1:6>Target "_CollectRestoreInputs" in file "C:\Program Files\dotnet\sdk\10.0.101\NuGet.targets" from project "c:\krishna mini project\backend\InternalExamScrutinySystem.Api\InternalExamScrutinySystem.Api.csproj" (target "_GenerateProjectRestoreGraphPerFramework" depends on it):
   1:6>Done building target "_CollectRestoreInputs" in project "InternalExamScrutinySystem.Api.csproj".
   1:6>Target "_GenerateProjectRestoreGraphPerFramework" in file "C:\Program Files\dotnet\sdk\10.0.101\NuGet.targets" from project "c:\krishna mini project\backend\InternalExamScrutinySystem.Api\InternalExamScrutinySystem.Api.csproj" (target "_GenerateProjectRestoreGraphCurrentProject" depends on it):
       Using "GetRestoreProjectReferencesTask" task from assembly "C:\Program Files\dotnet\sdk\10.0.101\NuGet.Build.Tasks.dll".
       Task "GetRestoreProjectReferencesTask"
       Done executing task "GetRestoreProjectReferencesTask".
       Using "GetRestorePackageReferencesTask" task from assembly "C:\Program Files\dotnet\sdk\10.0.101\NuGet.Build.Tasks.dll".
       Task "GetRestorePackageReferencesTask"
       Done executing task "GetRestorePackageReferencesTask".
       Using "GetRestorePackageDownloadsTask" task from assembly "C:\Program Files\dotnet\sdk\10.0.101\NuGet.Build.Tasks.dll".
       Task "GetRestorePackageDownloadsTask"
       Done executing task "GetRestorePackageDownloadsTask".
       Using "GetRestoreFrameworkReferencesTask" task from assembly "C:\Program Files\dotnet\sdk\10.0.101\NuGet.Build.Tasks.dll".
       Task "GetRestoreFrameworkReferencesTask"
       Done executing task "GetRestoreFrameworkReferencesTask".
       Using "GetRestoreNuGetAuditSuppressionsTask" task from assembly "C:\Program Files\dotnet\sdk\10.0.101\NuGet.Build.Tasks.dll".
       Task "GetRestoreNuGetAuditSuppressionsTask"
       Done executing task "GetRestoreNuGetAuditSuppressionsTask".
       Using "GetRestorePrunePackageReferencesTask" task from assembly "C:\Program Files\dotnet\sdk\10.0.101\NuGet.Build.Tasks.dll".
       Task "GetRestorePrunePackageReferencesTask"
       Done executing task "GetRestorePrunePackageReferencesTask".
   1:6>Done building target "_GenerateProjectRestoreGraphPerFramework" in project "InternalExamScrutinySystem.Api.csproj".
   1:6>Target "_GenerateProjectRestoreGraphCurrentProject" in file "C:\Program Files\dotnet\sdk\10.0.101\NuGet.targets" from project "c:\krishna mini project\backend\InternalExamScrutinySystem.Api\InternalExamScrutinySystem.Api.csproj" (target "_GenerateRestoreDependencies" depends on it):
   1:6>Done building target "_GenerateProjectRestoreGraphCurrentProject" in project "InternalExamScrutinySystem.Api.csproj".
   1:6>Target "_GenerateRestoreDependencies" in file "C:\Program Files\dotnet\sdk\10.0.101\NuGet.targets" from project "c:\krishna mini project\backend\InternalExamScrutinySystem.Api\InternalExamScrutinySystem.Api.csproj" (target "_GenerateProjectRestoreGraph" depends on it):
   1:6>Done building target "_GenerateRestoreDependencies" in project "InternalExamScrutinySystem.Api.csproj".
   1:6>Target "_GenerateProjectRestoreGraph" in file "C:\Program Files\dotnet\sdk\10.0.101\NuGet.targets" from project "c:\krishna mini project\backend\InternalExamScrutinySystem.Api\InternalExamScrutinySystem.Api.csproj" (entry point):
   1:6>Done building target "_GenerateProjectRestoreGraph" in project "InternalExamScrutinySystem.Api.csproj".
   1:6>Done Building Project "c:\krishna mini project\backend\InternalExamScrutinySystem.Api\InternalExamScrutinySystem.Api.csproj" (_GenerateProjectRestoreGraph target(s)).
     1>Done executing task "MSBuild".
     1>Done building target "_GenerateRestoreGraph" in project "InternalExamScrutinySystem.Api.csproj".
     1>Target "_CollectTargetFrameworkForTelemetry" in file "C:\Program Files\dotnet\sdk\10.0.101\Sdks\Microsoft.NET.Sdk\targets\Microsoft.NET.TargetFrameworkInference.targets" from project "c:\krishna mini project\backend\InternalExamScrutinySystem.Api\InternalExamScrutinySystem.Api.csproj" (target "Restore" depends on it):
       Using "AllowEmptyTelemetry" task from assembly "C:\Program Files\dotnet\sdk\10.0.101\Sdks\Microsoft.NET.Sdk\targets\..\tools\net10.0\Microsoft.NET.Build.Tasks.dll".
       Task "AllowEmptyTelemetry"
       Done executing task "AllowEmptyTelemetry".
     1>Done building target "_CollectTargetFrameworkForTelemetry" in project "InternalExamScrutinySystem.Api.csproj".
     1>Target "_CheckForUnsupportedNETCoreVersion" in file "C:\Program Files\dotnet\sdk\10.0.101\Sdks\Microsoft.NET.Sdk\targets\Microsoft.NET.TargetFrameworkInference.targets" from project "c:\krishna mini project\backend\InternalExamScrutinySystem.Api\InternalExamScrutinySystem.Api.csproj" (target "Restore" depends on it):
     1>Done building target "_CheckForUnsupportedNETCoreVersion" in project "InternalExamScrutinySystem.Api.csproj".
     1>Target "_CheckForUnsupportedCppNETCoreVersion" in file "C:\Program Files\dotnet\sdk\10.0.101\Sdks\Microsoft.NET.Sdk\targets\Microsoft.NET.TargetFrameworkInference.targets" from project "c:\krishna mini project\backend\InternalExamScrutinySystem.Api\InternalExamScrutinySystem.Api.csproj" (target "Restore" depends on it):
     1>Done building target "_CheckForUnsupportedCppNETCoreVersion" in project "InternalExamScrutinySystem.Api.csproj".
     1>Target "Restore" in file "C:\Program Files\dotnet\sdk\10.0.101\NuGet.targets" from project "c:\krishna mini project\backend\InternalExamScrutinySystem.Api\InternalExamScrutinySystem.Api.csproj" (entry point):
       Task "RemoveDuplicates"
       Done executing task "RemoveDuplicates".
       Using "RestoreTask" task from assembly "C:\Program Files\dotnet\sdk\10.0.101\NuGet.Build.Tasks.dll".
       Task "RestoreTask"
         Assembly loaded during TaskRun (NuGet.Build.Tasks.RestoreTask): NuGet.Packaging, Version=7.0.0.0, Culture=neutral, PublicKeyToken=31bf3856ad364e35 (location: C:\Program Files\dotnet\sdk\10.0.101\NuGet.Packaging.dll, MVID: cbfc9ed0-7866-469b-9c1f-f25d50faee97, AssemblyLoadContext: MSBuild plugin C:\Program Files\dotnet\sdk\10.0.101\NuGet.Build.Tasks.dll)
         Assembly loaded during TaskRun (NuGet.Build.Tasks.RestoreTask): NuGet.LibraryModel, Version=7.0.0.0, Culture=neutral, PublicKeyToken=31bf3856ad364e35 (location: C:\Program Files\dotnet\sdk\10.0.101\NuGet.LibraryModel.dll, MVID: 68a4d051-6665-4b74-809a-7f38ce15fd8b, AssemblyLoadContext: MSBuild plugin C:\Program Files\dotnet\sdk\10.0.101\NuGet.Build.Tasks.dll)
         Assembly loaded during TaskRun (NuGet.Build.Tasks.RestoreTask): NuGet.Versioning, Version=7.0.0.0, Culture=neutral, PublicKeyToken=31bf3856ad364e35 (location: C:\Program Files\dotnet\sdk\10.0.101\NuGet.Versioning.dll, MVID: db6fa9f4-313d-4c04-8b3b-dcde2ca3467c, AssemblyLoadContext: MSBuild plugin C:\Program Files\dotnet\sdk\10.0.101\NuGet.Build.Tasks.dll)
         Assembly loaded during TaskRun (NuGet.Build.Tasks.RestoreTask): NuGet.Frameworks, Version=7.0.0.0, Culture=neutral, PublicKeyToken=31bf3856ad364e35 (location: C:\Program Files\dotnet\sdk\10.0.101\NuGet.Frameworks.dll, MVID: e913a35d-983d-474c-b844-7b99e57f87c3, AssemblyLoadContext: MSBuild plugin C:\Program Files\dotnet\sdk\10.0.101\NuGet.Build.Tasks.dll)
         Assembly loaded during TaskRun (NuGet.Build.Tasks.RestoreTask): NuGet.Protocol, Version=7.0.0.0, Culture=neutral, PublicKeyToken=31bf3856ad364e35 (location: C:\Program Files\dotnet\sdk\10.0.101\NuGet.Protocol.dll, MVID: b29fe50d-16a8-4275-9f03-4c61a549b3e9, AssemblyLoadContext: MSBuild plugin C:\Program Files\dotnet\sdk\10.0.101\NuGet.Build.Tasks.dll)
         Assembly loaded during TaskRun (NuGet.Build.Tasks.RestoreTask): NuGet.Credentials, Version=7.0.0.0, Culture=neutral, PublicKeyToken=31bf3856ad364e35 (location: C:\Program Files\dotnet\sdk\10.0.101\NuGet.Credentials.dll, MVID: a9f47e63-9cf1-4e3d-a1ac-19ffa2efaf93, AssemblyLoadContext: MSBuild plugin C:\Program Files\dotnet\sdk\10.0.101\NuGet.Build.Tasks.dll)
         X.509 certificate chain validation will use the default trust store selected by .NET for code signing.
         X.509 certificate chain validation will use the default trust store selected by .NET for timestamping.
         Assembly loaded during TaskRun (NuGet.Build.Tasks.RestoreTask): NuGet.DependencyResolver.Core, Version=7.0.0.0, Culture=neutral, PublicKeyToken=31bf3856ad364e35 (location: C:\Program Files\dotnet\sdk\10.0.101\NuGet.DependencyResolver.Core.dll, MVID: 56b6dee4-cc63-4485-beb0-97d06d74b4ea, AssemblyLoadContext: MSBuild plugin C:\Program Files\dotnet\sdk\10.0.101\NuGet.Build.Tasks.dll)
         Running restore with 12 concurrent jobs.
         Reading project file c:\krishna mini project\backend\InternalExamScrutinySystem.Api\InternalExamScrutinySystem.Api.csproj.
         Assembly loaded during TaskRun (NuGet.Build.Tasks.RestoreTask): Newtonsoft.Json, Version=13.0.0.0, Culture=neutral, PublicKeyToken=30ad4fe6b2a6aeed (location: C:\Program Files\dotnet\sdk\10.0.101\Newtonsoft.Json.dll, MVID: 7e62198b-eab2-4380-bbac-29171862d1d8, AssemblyLoadContext: MSBuild plugin C:\Program Files\dotnet\sdk\10.0.101\NuGet.Build.Tasks.dll)
         Assembly loaded during TaskRun (NuGet.Build.Tasks.RestoreTask): System.Runtime.Serialization.Primitives, Version=10.0.0.0, Culture=neutral, PublicKeyToken=b03f5f7f11d50a3a (location: C:\Program Files\dotnet\shared\Microsoft.NETCore.App\10.0.1\System.Runtime.Serialization.Primitives.dll, MVID: ecfab76f-cf3b-4dfa-bd5a-f89982539174, AssemblyLoadContext: Default)
         Assembly loaded during TaskRun (NuGet.Build.Tasks.RestoreTask): System.Runtime.Numerics, Version=10.0.0.0, Culture=neutral, PublicKeyToken=b03f5f7f11d50a3a (location: C:\Program Files\dotnet\shared\Microsoft.NETCore.App\10.0.1\System.Runtime.Numerics.dll, MVID: 2efebce6-89c0-4a73-8fdb-4ca4d03b91e8, AssemblyLoadContext: Default)
         Assembly loaded during TaskRun (NuGet.Build.Tasks.RestoreTask): System.Text.Encodings.Web, Version=10.0.0.0, Culture=neutral, PublicKeyToken=cc7b13ffcd2ddd51 (location: C:\Program Files\dotnet\shared\Microsoft.NETCore.App\10.0.1\System.Text.Encodings.Web.dll, MVID: 989cf696-308d-45ef-a7d8-f629ee2e0d57, AssemblyLoadContext: Default)
         Assembly loaded during TaskRun (NuGet.Build.Tasks.RestoreTask): System.Reflection.Emit.Lightweight, Version=10.0.0.0, Culture=neutral, PublicKeyToken=b03f5f7f11d50a3a (location: C:\Program Files\dotnet\shared\Microsoft.NETCore.App\10.0.1\System.Reflection.Emit.Lightweight.dll, MVID: 54ccc9db-0db2-483c-9249-13f28812d0da, AssemblyLoadContext: Default)
         Assembly loaded during TaskRun (NuGet.Build.Tasks.RestoreTask): System.Reflection.Primitives, Version=10.0.0.0, Culture=neutral, PublicKeyToken=b03f5f7f11d50a3a (location: C:\Program Files\dotnet\shared\Microsoft.NETCore.App\10.0.1\System.Reflection.Primitives.dll, MVID: eabd85f7-9632-491e-a34a-adfb84d9810e, AssemblyLoadContext: Default)
         Assembly loaded during TaskRun (NuGet.Build.Tasks.RestoreTask): System.Reflection.Emit.ILGeneration, Version=10.0.0.0, Culture=neutral, PublicKeyToken=b03f5f7f11d50a3a (location: C:\Program Files\dotnet\shared\Microsoft.NETCore.App\10.0.1\System.Reflection.Emit.ILGeneration.dll, MVID: 89cc0fb1-7534-4cbe-bb6f-05a7e2856a66, AssemblyLoadContext: Default)
         The restore inputs for 'InternalExamScrutinySystem.Api' have not changed. No further actions are required to complete the restore.
     1>c:\krishna mini project\backend\InternalExamScrutinySystem.Api\InternalExamScrutinySystem.Api.csproj : warning NU1903: Package 'AutoMapper' 13.0.0 has a known high severity vulnerability, https://github.com/advisories/GHSA-rvv3-g6hj-g44x
         Committing restore...
         Assets file has not changed. Skipping assets file writing. Path: c:\krishna mini project\backend\InternalExamScrutinySystem.Api\obj\project.assets.json
         No-Op restore. The cache will not be updated. Path: c:\krishna mini project\backend\InternalExamScrutinySystem.Api\obj\project.nuget.cache
         Restored c:\krishna mini project\backend\InternalExamScrutinySystem.Api\InternalExamScrutinySystem.Api.csproj (in 82 ms).
         
         NuGet Config files used:
             C:\Users\MUKHIL\AppData\Roaming\NuGet\NuGet.Config
             C:\Program Files (x86)\NuGet\Config\Microsoft.VisualStudio.Offline.config
         
         Feeds used:
             https://api.nuget.org/v3/index.json
             C:\Program Files (x86)\Microsoft SDKs\NuGetPackages\
             C:\Program Files\dotnet\library-packs
         All projects are up-to-date for restore.
       Done executing task "RestoreTask".
     1>Done building target "Restore" in project "InternalExamScrutinySystem.Api.csproj".
     1>Done Building Project "c:\krishna mini project\backend\InternalExamScrutinySystem.Api\InternalExamScrutinySystem.Api.csproj" (Restore target(s)).
     0>The SDK "Microsoft.NET.Sdk.Web" was successfully resolved by the "DefaultSdkResolver" resolver to location "C:\Program Files\dotnet\sdk\10.0.101\Sdks\Microsoft.NET.Sdk.Web\Sdk" and version "".
       The SDK "Microsoft.NET.Sdk" was successfully resolved by the "DefaultSdkResolver" resolver to location "C:\Program Files\dotnet\sdk\10.0.101\Sdks\Microsoft.NET.Sdk\Sdk" and version "".
       C:\Program Files\dotnet\sdk\10.0.101\Sdks\Microsoft.NET.Sdk\Sdk\Sdk.props(49,11): message : Property 'MSBuildExtensionsPath' with value 'C:\Program Files\dotnet\sdk\10.0.101\' expanded from the environment.
       C:\Program Files\dotnet\sdk\10.0.101\Current\Microsoft.Common.props(60,5): message : Property reassignment: $(MSBuildProjectExtensionsPath)="c:\krishna mini project\backend\InternalExamScrutinySystem.Api\obj\" (previous value: "obj\") at C:\Program Files\dotnet\sdk\10.0.101\Current\Microsoft.Common.props (60,5)
       c:\krishna mini project\backend\InternalExamScrutinySystem.Api\obj\InternalExamScrutinySystem.Api.csproj.nuget.g.props(7,5): message : Property 'USERPROFILE' with value 'C:\Users\MUKHIL' expanded from the environment.
       C:\Users\MUKHIL\.nuget\packages\swashbuckle.aspnetcore\6.6.2\build\Swashbuckle.AspNetCore.props(3,5): message : Property reassignment: $(OpenApiGenerateDocumentsOnBuild)="false" (previous value: "") at C:\Users\MUKHIL\.nuget\packages\swashbuckle.aspnetcore\6.6.2\build\Swashbuckle.AspNetCore.props (3,5)
       C:\Program Files\dotnet\sdk\10.0.101\Current\Microsoft.Common.props(84,119): message : Property 'MSBuildUserExtensionsPath' with value 'C:\Users\MUKHIL\AppData\Local\Microsoft\MSBuild' expanded from the environment.
       C:\Program Files\dotnet\sdk\10.0.101\Sdks\Microsoft.NET.Sdk\targets\Microsoft.NET.Sdk.props(90,5): message : Property reassignment: $(AssemblySearchPaths)="{CandidateAssemblyFiles};{HintPathFromItem}" (previous value: "{CandidateAssemblyFiles}") at C:\Program Files\dotnet\sdk\10.0.101\Sdks\Microsoft.NET.Sdk\targets\Microsoft.NET.Sdk.props (90,5)
       C:\Program Files\dotnet\sdk\10.0.101\Sdks\Microsoft.NET.Sdk\targets\Microsoft.NET.Sdk.props(91,5): message : Property reassignment: $(AssemblySearchPaths)="{CandidateAssemblyFiles};{HintPathFromItem};{TargetFrameworkDirectory}" (previous value: "{CandidateAssemblyFiles};{HintPathFromItem}") at C:\Program Files\dotnet\sdk\10.0.101\Sdks\Microsoft.NET.Sdk\targets\Microsoft.NET.Sdk.props (91,5)
       C:\Program Files\dotnet\sdk\10.0.101\Sdks\Microsoft.NET.Sdk\targets\Microsoft.NET.Sdk.props(92,5): message : Property reassignment: $(AssemblySearchPaths)="{CandidateAssemblyFiles};{HintPathFromItem};{TargetFrameworkDirectory};{RawFileName}" (previous value: "{CandidateAssemblyFiles};{HintPathFromItem};{TargetFrameworkDirectory}") at C:\Program Files\dotnet\sdk\10.0.101\Sdks\Microsoft.NET.Sdk\targets\Microsoft.NET.Sdk.props (92,5)
       The "DefaultSdkResolver" resolver attempted to resolve the SDK "Microsoft.NET.SDK.WorkloadAutoImportPropsLocator".
       Warnings: null
       Errors: MSB4276: The default SDK resolver failed to resolve SDK "Microsoft.NET.SDK.WorkloadAutoImportPropsLocator" because directory "C:\Program Files\dotnet\sdk\10.0.101\Sdks\Microsoft.NET.SDK.WorkloadAutoImportPropsLocator\Sdk" did not exist.
       The SDK "Microsoft.NET.SDK.WorkloadAutoImportPropsLocator" was successfully resolved by the "Microsoft.DotNet.MSBuildWorkloadSdkResolver" resolver to location "null" and version "null".
       The SDK "Microsoft.NET.Sdk.Razor" was successfully resolved by the "DefaultSdkResolver" resolver to location "C:\Program Files\dotnet\sdk\10.0.101\Sdks\Microsoft.NET.Sdk.Razor\Sdk" and version "".
       The SDK "Microsoft.NET.Sdk.StaticWebAssets" was successfully resolved by the "DefaultSdkResolver" resolver to location "C:\Program Files\dotnet\sdk\10.0.101\Sdks\Microsoft.NET.Sdk.StaticWebAssets\Sdk" and version "".
       C:\Program Files\dotnet\sdk\10.0.101\Sdks\Microsoft.NET.Sdk.StaticWebAssets\Sdk\Sdk.StaticWebAssets.StaticAssets.ProjectSystem.props(23,5): message : Property reassignment: $(DefaultItemExcludes)=";**\node_modules\**;node_modules\**;**\jspm_packages\**;jspm_packages\**" (previous value: ";**\node_modules\**;node_modules\**") at C:\Program Files\dotnet\sdk\10.0.101\Sdks\Microsoft.NET.Sdk.StaticWebAssets\Sdk\Sdk.StaticWebAssets.StaticAssets.ProjectSystem.props (23,5)
       C:\Program Files\dotnet\sdk\10.0.101\Sdks\Microsoft.NET.Sdk.StaticWebAssets\Sdk\Sdk.StaticWebAssets.StaticAssets.ProjectSystem.props(24,5): message : Property reassignment: $(DefaultItemExcludes)=";**\node_modules\**;node_modules\**;**\jspm_packages\**;jspm_packages\**;**\bower_components\**;bower_components\**" (previous value: ";**\node_modules\**;node_modules\**;**\jspm_packages\**;jspm_packages\**") at C:\Program Files\dotnet\sdk\10.0.101\Sdks\Microsoft.NET.Sdk.StaticWebAssets\Sdk\Sdk.StaticWebAssets.StaticAssets.ProjectSystem.props (24,5)
       C:\Program Files\dotnet\sdk\10.0.101\Sdks\Microsoft.NET.Sdk.StaticWebAssets\Sdk\Sdk.StaticWebAssets.StaticAssets.ProjectSystem.props(25,5): message : Property reassignment: $(DefaultItemExcludes)=";**\node_modules\**;node_modules\**;**\jspm_packages\**;jspm_packages\**;**\bower_components\**;bower_components\**;**\packages.lock.json" (previous value: ";**\node_modules\**;node_modules\**;**\jspm_packages\**;jspm_packages\**;**\bower_components\**;bower_components\**") at C:\Program Files\dotnet\sdk\10.0.101\Sdks\Microsoft.NET.Sdk.StaticWebAssets\Sdk\Sdk.StaticWebAssets.StaticAssets.ProjectSystem.props (25,5)
       The SDK "Microsoft.NET.Sdk.Web.ProjectSystem" was successfully resolved by the "DefaultSdkResolver" resolver to location "C:\Program Files\dotnet\sdk\10.0.101\Sdks\Microsoft.NET.Sdk.Web.ProjectSystem\Sdk" and version "".
       C:\Program Files\dotnet\sdk\10.0.101\Sdks\Microsoft.NET.Sdk.Web.ProjectSystem\targets\Microsoft.NET.Sdk.Web.ProjectSystem.props(16,5): message : Property reassignment: $(OutputType)="Exe" (previous value: "Library") at C:\Program Files\dotnet\sdk\10.0.101\Sdks\Microsoft.NET.Sdk.Web.ProjectSystem\targets\Microsoft.NET.Sdk.Web.ProjectSystem.props (16,5)
       The SDK "Microsoft.NET.Sdk.Publish" was successfully resolved by the "DefaultSdkResolver" resolver to location "C:\Program Files\dotnet\sdk\10.0.101\Sdks\Microsoft.NET.Sdk.Publish\Sdk" and version "".
       C:\Program Files\dotnet\sdk\10.0.101\Sdks\Microsoft.NET.Sdk\targets\Microsoft.NET.Sdk.ImportPublishProfile.targets(28,5): message : Property reassignment: $(PublishProfileImported)="false" (previous value: "true") at C:\Program Files\dotnet\sdk\10.0.101\Sdks\Microsoft.NET.Sdk\targets\Microsoft.NET.Sdk.ImportPublishProfile.targets (28,5)
       C:\Program Files\dotnet\sdk\10.0.101\Sdks\Microsoft.NET.Sdk\targets\Microsoft.NET.TargetFrameworkInference.targets(81,5): message : Property reassignment: $(TargetPlatformVersion)="" (previous value: "0.0") at C:\Program Files\dotnet\sdk\10.0.101\Sdks\Microsoft.NET.Sdk\targets\Microsoft.NET.TargetFrameworkInference.targets (81,5)
       C:\Program Files\dotnet\sdk\10.0.101\Sdks\Microsoft.NET.Sdk\targets\Microsoft.NET.DefaultOutputPaths.targets(126,5): message : Property reassignment: $(DefaultItemExcludes)=";**\node_modules\**;node_modules\**;**\jspm_packages\**;jspm_packages\**;**\bower_components\**;bower_components\**;**\packages.lock.json;bin\Debug\/**" (previous value: ";**\node_modules\**;node_modules\**;**\jspm_packages\**;jspm_packages\**;**\bower_components\**;bower_components\**;**\packages.lock.json") at C:\Program Files\dotnet\sdk\10.0.101\Sdks\Microsoft.NET.Sdk\targets\Microsoft.NET.DefaultOutputPaths.targets (126,5)
       C:\Program Files\dotnet\sdk\10.0.101\Sdks\Microsoft.NET.Sdk\targets\Microsoft.NET.DefaultOutputPaths.targets(127,5): message : Property reassignment: $(DefaultItemExcludes)=";**\node_modules\**;node_modules\**;**\jspm_packages\**;jspm_packages\**;**\bower_components\**;bower_components\**;**\packages.lock.json;bin\Debug\/**;obj\Debug\/**" (previous value: ";**\node_modules\**;node_modules\**;**\jspm_packages\**;jspm_packages\**;**\bower_components\**;bower_components\**;**\packages.lock.json;bin\Debug\/**") at C:\Program Files\dotnet\sdk\10.0.101\Sdks\Microsoft.NET.Sdk\targets\Microsoft.NET.DefaultOutputPaths.targets (127,5)
       C:\Program Files\dotnet\sdk\10.0.101\Sdks\Microsoft.NET.Sdk\targets\Microsoft.NET.DefaultOutputPaths.targets(142,5): message : Property reassignment: $(OutputPath)="bin\Debug\net8.0\" (previous value: "bin\Debug\") at C:\Program Files\dotnet\sdk\10.0.101\Sdks\Microsoft.NET.Sdk\targets\Microsoft.NET.DefaultOutputPaths.targets (142,5)
       C:\Program Files\dotnet\sdk\10.0.101\Sdks\Microsoft.NET.Sdk\targets\Microsoft.NET.DefaultOutputPaths.targets(147,5): message : Property reassignment: $(IntermediateOutputPath)="obj\Debug\net8.0\" (previous value: "obj\Debug\") at C:\Program Files\dotnet\sdk\10.0.101\Sdks\Microsoft.NET.Sdk\targets\Microsoft.NET.DefaultOutputPaths.targets (147,5)
       The "DefaultSdkResolver" resolver attempted to resolve the SDK "Microsoft.NET.SDK.WorkloadManifestTargetsLocator".
       Warnings: null
       Errors: MSB4276: The default SDK resolver failed to resolve SDK "Microsoft.NET.SDK.WorkloadManifestTargetsLocator" because directory "C:\Program Files\dotnet\sdk\10.0.101\Sdks\Microsoft.NET.SDK.WorkloadManifestTargetsLocator\Sdk" did not exist.
       The SDK "Microsoft.NET.SDK.WorkloadManifestTargetsLocator" was successfully resolved by the "Microsoft.DotNet.MSBuildWorkloadSdkResolver" resolver to location "C:\Program Files\dotnet\sdk-manifests\10.0.100-rc.2\microsoft.net.sdk.android\36.0.0-rc.2.332" and version "null".
       C:\Program Files\dotnet\sdk\10.0.101\Sdks\Microsoft.NET.Sdk\targets\Microsoft.NET.Sdk.BeforeCommon.targets(371,5): message : Property reassignment: $(RoslynTargetsPath)="C:\Program Files\dotnet\sdk\10.0.101\Sdks\Microsoft.NET.Sdk\targets\..\..\..\Roslyn" (previous value: "C:\Program Files\dotnet\sdk\10.0.101\Roslyn") at C:\Program Files\dotnet\sdk\10.0.101\Sdks\Microsoft.NET.Sdk\targets\Microsoft.NET.Sdk.BeforeCommon.targets (371,5)
       C:\Program Files\dotnet\sdk\10.0.101\Roslyn\Microsoft.Managed.Core.targets(6,5): message : Property reassignment: $(_BuildTasksDirectory)="C:\Program Files\dotnet\sdk\10.0.101\Sdks\Microsoft.NET.Sdk\targets\..\..\..\Roslyn\" (previous value: "C:\Program Files\dotnet\sdk\10.0.101\Roslyn\") at C:\Program Files\dotnet\sdk\10.0.101\Roslyn\Microsoft.Managed.Core.targets (6,5)
       C:\Program Files\dotnet\sdk\10.0.101\Roslyn\Microsoft.CSharp.Core.targets(200,5): message : Property reassignment: $(CommandLineArgsForDesignTimeEvaluation)="-langversion:12.0 -define:TRACE" (previous value: "-langversion:12.0") at C:\Program Files\dotnet\sdk\10.0.101\Roslyn\Microsoft.CSharp.Core.targets (200,5)
       C:\Program Files\dotnet\sdk\10.0.101\Microsoft.Common.CurrentVersion.targets(175,5): message : Property reassignment: $(_DebugSymbolsProduced)="true" (previous value: "false") at C:\Program Files\dotnet\sdk\10.0.101\Microsoft.Common.CurrentVersion.targets (175,5)
       C:\Program Files\dotnet\sdk\10.0.101\Microsoft.Common.CurrentVersion.targets(185,5): message : Property reassignment: $(_DocumentationFileProduced)="false" (previous value: "true") at C:\Program Files\dotnet\sdk\10.0.101\Microsoft.Common.CurrentVersion.targets (185,5)
       C:\Program Files\dotnet\sdk\10.0.101\Microsoft.Common.CurrentVersion.targets(392,5): message : Property reassignment: $(MSBuildCopyMarkerName)="Internal.97ADDD31" (previous value: "InternalExamScrutinySystem.Api.csproj") at C:\Program Files\dotnet\sdk\10.0.101\Microsoft.Common.CurrentVersion.targets (392,5)
       C:\Program Files\dotnet\sdk\10.0.101\Microsoft.Common.CurrentVersion.targets(393,5): message : Property reassignment: $(MSBuildCopyMarkerName)="Internal.97ADDD31.Up2Date" (previous value: "Internal.97ADDD31") at C:\Program Files\dotnet\sdk\10.0.101\Microsoft.Common.CurrentVersion.targets (393,5)
       C:\Program Files\dotnet\sdk\10.0.101\Microsoft.Common.CurrentVersion.targets(541,5): message : Property reassignment: $(ProcessorArchitecture)="msil" (previous value: "") at C:\Program Files\dotnet\sdk\10.0.101\Microsoft.Common.CurrentVersion.targets (541,5)
       C:\Program Files\dotnet\sdk\10.0.101\Microsoft.Common.CurrentVersion.targets(580,5): message : Property reassignment: $(DelaySign)="" (previous value: "false") at C:\Program Files\dotnet\sdk\10.0.101\Microsoft.Common.CurrentVersion.targets (580,5)
       C:\Program Files\dotnet\sdk\10.0.101\Microsoft.Common.CurrentVersion.targets(2606,5): message : Property 'LOCALAPPDATA' with value 'C:\Users\MUKHIL\AppData\Local' expanded from the environment.
       C:\Program Files\dotnet\sdk\10.0.101\Microsoft.Common.CurrentVersion.targets(3934,5): message : Property reassignment: $(_SGenGenerateSerializationAssembliesConfig)="Auto" (previous value: "") at C:\Program Files\dotnet\sdk\10.0.101\Microsoft.Common.CurrentVersion.targets (3934,5)
       C:\Program Files\dotnet\sdk\10.0.101\Microsoft.Common.CurrentVersion.targets(3935,5): message : Property reassignment: $(_SGenGenerateSerializationAssembliesConfig)="Off" (previous value: "Auto") at C:\Program Files\dotnet\sdk\10.0.101\Microsoft.Common.CurrentVersion.targets (3935,5)
       C:\Program Files\dotnet\sdk\10.0.101\Microsoft.Common.CurrentVersion.targets(5146,5): message : Property reassignment: $(_TargetsThatPrepareProjectReferences)="
       C:\Program Files\dotnet\sdk\10.0.101\Microsoft.Common.CurrentVersion.targets(5146,5): message :       AssignProjectConfiguration;
       C:\Program Files\dotnet\sdk\10.0.101\Microsoft.Common.CurrentVersion.targets(5146,5): message :       _SplitProjectReferencesByFileExistence
       C:\Program Files\dotnet\sdk\10.0.101\Microsoft.Common.CurrentVersion.targets(5146,5): message :     " (previous value: "_SplitProjectReferencesByFileExistence") at C:\Program Files\dotnet\sdk\10.0.101\Microsoft.Common.CurrentVersion.targets (5146,5)
       C:\Program Files\dotnet\sdk\10.0.101\Microsoft.Common.CurrentVersion.targets(6959,5): message : Property 'MSBuildExtensionsPath32' with value 'C:\Program Files\dotnet\sdk\10.0.101' expanded from the environment.
       The "NuGetInteractive" property is a global property, and cannot be modified.
       C:\Users\MUKHIL\.nuget\packages\microsoft.extensions.apidescription.server\6.0.5\build\Microsoft.Extensions.ApiDescription.Server.targets(9,5): message : Property reassignment: $(OpenApiGenerateDocuments)="true" (previous value: "") at C:\Users\MUKHIL\.nuget\packages\microsoft.extensions.apidescription.server\6.0.5\build\Microsoft.Extensions.ApiDescription.Server.targets (9,5)
       C:\Program Files\dotnet\sdk\10.0.101\Sdks\Microsoft.NET.Sdk\targets\Microsoft.PackageDependencyResolution.targets(29,5): message : Property reassignment: $(ProjectAssetsCacheFile)="c:\krishna mini project\backend\InternalExamScrutinySystem.Api\obj\Debug\net8.0\InternalExamScrutinySystem.Api.assets.cache" (previous value: "obj\Debug\net8.0\InternalExamScrutinySystem.Api.assets.cache") at C:\Program Files\dotnet\sdk\10.0.101\Sdks\Microsoft.NET.Sdk\targets\Microsoft.PackageDependencyResolution.targets (29,5)
       C:\Program Files\dotnet\sdk\10.0.101\Sdks\Microsoft.NET.Sdk\targets\Microsoft.PackageDependencyResolution.targets(80,5): message : Property reassignment: $(ResolveAssemblyReferencesDependsOn)="
       C:\Program Files\dotnet\sdk\10.0.101\Sdks\Microsoft.NET.Sdk\targets\Microsoft.PackageDependencyResolution.targets(80,5): message :       
       C:\Program Files\dotnet\sdk\10.0.101\Sdks\Microsoft.NET.Sdk\targets\Microsoft.PackageDependencyResolution.targets(80,5): message :       ResolveProjectReferences;
       C:\Program Files\dotnet\sdk\10.0.101\Sdks\Microsoft.NET.Sdk\targets\Microsoft.PackageDependencyResolution.targets(80,5): message :       FindInvalidProjectReferences;
       C:\Program Files\dotnet\sdk\10.0.101\Sdks\Microsoft.NET.Sdk\targets\Microsoft.PackageDependencyResolution.targets(80,5): message :       GetFrameworkPaths;
       C:\Program Files\dotnet\sdk\10.0.101\Sdks\Microsoft.NET.Sdk\targets\Microsoft.PackageDependencyResolution.targets(80,5): message :       GetReferenceAssemblyPaths;
       C:\Program Files\dotnet\sdk\10.0.101\Sdks\Microsoft.NET.Sdk\targets\Microsoft.PackageDependencyResolution.targets(80,5): message :       PrepareForBuild;
       C:\Program Files\dotnet\sdk\10.0.101\Sdks\Microsoft.NET.Sdk\targets\Microsoft.PackageDependencyResolution.targets(80,5): message :       ResolveSDKReferences;
       C:\Program Files\dotnet\sdk\10.0.101\Sdks\Microsoft.NET.Sdk\targets\Microsoft.PackageDependencyResolution.targets(80,5): message :       ExpandSDKReferences;
       C:\Program Files\dotnet\sdk\10.0.101\Sdks\Microsoft.NET.Sdk\targets\Microsoft.PackageDependencyResolution.targets(80,5): message :     ;
       C:\Program Files\dotnet\sdk\10.0.101\Sdks\Microsoft.NET.Sdk\targets\Microsoft.PackageDependencyResolution.targets(80,5): message :       ResolvePackageDependenciesForBuild;
       C:\Program Files\dotnet\sdk\10.0.101\Sdks\Microsoft.NET.Sdk\targets\Microsoft.PackageDependencyResolution.targets(80,5): message :       _HandlePackageFileConflicts;
       C:\Program Files\dotnet\sdk\10.0.101\Sdks\Microsoft.NET.Sdk\targets\Microsoft.PackageDependencyResolution.targets(80,5): message :     " (previous value: "
       C:\Program Files\dotnet\sdk\10.0.101\Sdks\Microsoft.NET.Sdk\targets\Microsoft.PackageDependencyResolution.targets(80,5): message :       ResolveProjectReferences;
       C:\Program Files\dotnet\sdk\10.0.101\Sdks\Microsoft.NET.Sdk\targets\Microsoft.PackageDependencyResolution.targets(80,5): message :       FindInvalidProjectReferences;
       C:\Program Files\dotnet\sdk\10.0.101\Sdks\Microsoft.NET.Sdk\targets\Microsoft.PackageDependencyResolution.targets(80,5): message :       GetFrameworkPaths;
       C:\Program Files\dotnet\sdk\10.0.101\Sdks\Microsoft.NET.Sdk\targets\Microsoft.PackageDependencyResolution.targets(80,5): message :       GetReferenceAssemblyPaths;
       C:\Program Files\dotnet\sdk\10.0.101\Sdks\Microsoft.NET.Sdk\targets\Microsoft.PackageDependencyResolution.targets(80,5): message :       PrepareForBuild;
       C:\Program Files\dotnet\sdk\10.0.101\Sdks\Microsoft.NET.Sdk\targets\Microsoft.PackageDependencyResolution.targets(80,5): message :       ResolveSDKReferences;
       C:\Program Files\dotnet\sdk\10.0.101\Sdks\Microsoft.NET.Sdk\targets\Microsoft.PackageDependencyResolution.targets(80,5): message :       ExpandSDKReferences;
       C:\Program Files\dotnet\sdk\10.0.101\Sdks\Microsoft.NET.Sdk\targets\Microsoft.PackageDependencyResolution.targets(80,5): message :     ") at C:\Program Files\dotnet\sdk\10.0.101\Sdks\Microsoft.NET.Sdk\targets\Microsoft.PackageDependencyResolution.targets (80,5)
       C:\Program Files\dotnet\sdk\10.0.101\Sdks\Microsoft.NET.Sdk\targets\Microsoft.PackageDependencyResolution.targets(86,5): message : Property reassignment: $(PrepareResourcesDependsOn)="
       C:\Program Files\dotnet\sdk\10.0.101\Sdks\Microsoft.NET.Sdk\targets\Microsoft.PackageDependencyResolution.targets(86,5): message :       ResolvePackageDependenciesForBuild;
       C:\Program Files\dotnet\sdk\10.0.101\Sdks\Microsoft.NET.Sdk\targets\Microsoft.PackageDependencyResolution.targets(86,5): message :       _HandlePackageFileConflicts;
       C:\Program Files\dotnet\sdk\10.0.101\Sdks\Microsoft.NET.Sdk\targets\Microsoft.PackageDependencyResolution.targets(86,5): message :       
       C:\Program Files\dotnet\sdk\10.0.101\Sdks\Microsoft.NET.Sdk\targets\Microsoft.PackageDependencyResolution.targets(86,5): message :       ;
       C:\Program Files\dotnet\sdk\10.0.101\Sdks\Microsoft.NET.Sdk\targets\Microsoft.PackageDependencyResolution.targets(86,5): message :       PrepareResourceNames;
       C:\Program Files\dotnet\sdk\10.0.101\Sdks\Microsoft.NET.Sdk\targets\Microsoft.PackageDependencyResolution.targets(86,5): message :       ResGen;
       C:\Program Files\dotnet\sdk\10.0.101\Sdks\Microsoft.NET.Sdk\targets\Microsoft.PackageDependencyResolution.targets(86,5): message :       CompileLicxFiles
       C:\Program Files\dotnet\sdk\10.0.101\Sdks\Microsoft.NET.Sdk\targets\Microsoft.PackageDependencyResolution.targets(86,5): message :     
       C:\Program Files\dotnet\sdk\10.0.101\Sdks\Microsoft.NET.Sdk\targets\Microsoft.PackageDependencyResolution.targets(86,5): message :     " (previous value: "
       C:\Program Files\dotnet\sdk\10.0.101\Sdks\Microsoft.NET.Sdk\targets\Microsoft.PackageDependencyResolution.targets(86,5): message :       ;
       C:\Program Files\dotnet\sdk\10.0.101\Sdks\Microsoft.NET.Sdk\targets\Microsoft.PackageDependencyResolution.targets(86,5): message :       PrepareResourceNames;
       C:\Program Files\dotnet\sdk\10.0.101\Sdks\Microsoft.NET.Sdk\targets\Microsoft.PackageDependencyResolution.targets(86,5): message :       ResGen;
       C:\Program Files\dotnet\sdk\10.0.101\Sdks\Microsoft.NET.Sdk\targets\Microsoft.PackageDependencyResolution.targets(86,5): message :       CompileLicxFiles
       C:\Program Files\dotnet\sdk\10.0.101\Sdks\Microsoft.NET.Sdk\targets\Microsoft.PackageDependencyResolution.targets(86,5): message :     ") at C:\Program Files\dotnet\sdk\10.0.101\Sdks\Microsoft.NET.Sdk\targets\Microsoft.PackageDependencyResolution.targets (86,5)
       C:\Program Files\dotnet\sdk\10.0.101\Sdks\Microsoft.NET.Sdk\targets\Microsoft.NET.Sdk.DefaultItems.targets(35,5): message : Property reassignment: $(DefaultItemExcludes)=";**\node_modules\**;node_modules\**;**\jspm_packages\**;jspm_packages\**;**\bower_components\**;bower_components\**;**\packages.lock.json;bin\Debug\/**;obj\Debug\/**;bin\/**" (previous value: ";**\node_modules\**;node_modules\**;**\jspm_packages\**;jspm_packages\**;**\bower_components\**;bower_components\**;**\packages.lock.json;bin\Debug\/**;obj\Debug\/**") at C:\Program Files\dotnet\sdk\10.0.101\Sdks\Microsoft.NET.Sdk\targets\Microsoft.NET.Sdk.DefaultItems.targets (35,5)
       C:\Program Files\dotnet\sdk\10.0.101\Sdks\Microsoft.NET.Sdk\targets\Microsoft.NET.Sdk.DefaultItems.targets(37,5): message : Property reassignment: $(DefaultItemExcludes)=";**\node_modules\**;node_modules\**;**\jspm_packages\**;jspm_packages\**;**\bower_components\**;bower_components\**;**\packages.lock.json;bin\Debug\/**;obj\Debug\/**;bin\/**;obj\/**" (previous value: ";**\node_modules\**;node_modules\**;**\jspm_packages\**;jspm_packages\**;**\bower_components\**;bower_components\**;**\packages.lock.json;bin\Debug\/**;obj\Debug\/**;bin\/**") at C:\Program Files\dotnet\sdk\10.0.101\Sdks\Microsoft.NET.Sdk\targets\Microsoft.NET.Sdk.DefaultItems.targets (37,5)
       C:\Program Files\dotnet\sdk\10.0.101\Sdks\Microsoft.NET.Sdk\targets\Microsoft.NET.Sdk.DefaultItems.targets(40,5): message : Property reassignment: $(DefaultItemExcludes)=";**\node_modules\**;node_modules\**;**\jspm_packages\**;jspm_packages\**;**\bower_components\**;bower_components\**;**\packages.lock.json;bin\Debug\/**;obj\Debug\/**;bin\/**;obj\/**;**/*.user" (previous value: ";**\node_modules\**;node_modules\**;**\jspm_packages\**;jspm_packages\**;**\bower_components\**;bower_components\**;**\packages.lock.json;bin\Debug\/**;obj\Debug\/**;bin\/**;obj\/**") at C:\Program Files\dotnet\sdk\10.0.101\Sdks\Microsoft.NET.Sdk\targets\Microsoft.NET.Sdk.DefaultItems.targets (40,5)
       C:\Program Files\dotnet\sdk\10.0.101\Sdks\Microsoft.NET.Sdk\targets\Microsoft.NET.Sdk.DefaultItems.targets(41,5): message : Property reassignment: $(DefaultItemExcludes)=";**\node_modules\**;node_modules\**;**\jspm_packages\**;jspm_packages\**;**\bower_components\**;bower_components\**;**\packages.lock.json;bin\Debug\/**;obj\Debug\/**;bin\/**;obj\/**;**/*.user;**/*.*proj" (previous value: ";**\node_modules\**;node_modules\**;**\jspm_packages\**;jspm_packages\**;**\bower_components\**;bower_components\**;**\packages.lock.json;bin\Debug\/**;obj\Debug\/**;bin\/**;obj\/**;**/*.user") at C:\Program Files\dotnet\sdk\10.0.101\Sdks\Microsoft.NET.Sdk\targets\Microsoft.NET.Sdk.DefaultItems.targets (41,5)
       C:\Program Files\dotnet\sdk\10.0.101\Sdks\Microsoft.NET.Sdk\targets\Microsoft.NET.Sdk.DefaultItems.targets(42,5): message : Property reassignment: $(DefaultItemExcludes)=";**\node_modules\**;node_modules\**;**\jspm_packages\**;jspm_packages\**;**\bower_components\**;bower_components\**;**\packages.lock.json;bin\Debug\/**;obj\Debug\/**;bin\/**;obj\/**;**/*.user;**/*.*proj;**/*.sln" (previous value: ";**\node_modules\**;node_modules\**;**\jspm_packages\**;jspm_packages\**;**\bower_components\**;bower_components\**;**\packages.lock.json;bin\Debug\/**;obj\Debug\/**;bin\/**;obj\/**;**/*.user;**/*.*proj") at C:\Program Files\dotnet\sdk\10.0.101\Sdks\Microsoft.NET.Sdk\targets\Microsoft.NET.Sdk.DefaultItems.targets (42,5)
       C:\Program Files\dotnet\sdk\10.0.101\Sdks\Microsoft.NET.Sdk\targets\Microsoft.NET.Sdk.DefaultItems.targets(43,5): message : Property reassignment: $(DefaultItemExcludes)=";**\node_modules\**;node_modules\**;**\jspm_packages\**;jspm_packages\**;**\bower_components\**;bower_components\**;**\packages.lock.json;bin\Debug\/**;obj\Debug\/**;bin\/**;obj\/**;**/*.user;**/*.*proj;**/*.sln;**/*.slnx" (previous value: ";**\node_modules\**;node_modules\**;**\jspm_packages\**;jspm_packages\**;**\bower_components\**;bower_components\**;**\packages.lock.json;bin\Debug\/**;obj\Debug\/**;bin\/**;obj\/**;**/*.user;**/*.*proj;**/*.sln") at C:\Program Files\dotnet\sdk\10.0.101\Sdks\Microsoft.NET.Sdk\targets\Microsoft.NET.Sdk.DefaultItems.targets (43,5)
       C:\Program Files\dotnet\sdk\10.0.101\Sdks\Microsoft.NET.Sdk\targets\Microsoft.NET.Sdk.DefaultItems.targets(44,5): message : Property reassignment: $(DefaultItemExcludes)=";**\node_modules\**;node_modules\**;**\jspm_packages\**;jspm_packages\**;**\bower_components\**;bower_components\**;**\packages.lock.json;bin\Debug\/**;obj\Debug\/**;bin\/**;obj\/**;**/*.user;**/*.*proj;**/*.sln;**/*.slnx;**/*.vssscc" (previous value: ";**\node_modules\**;node_modules\**;**\jspm_packages\**;jspm_packages\**;**\bower_components\**;bower_components\**;**\packages.lock.json;bin\Debug\/**;obj\Debug\/**;bin\/**;obj\/**;**/*.user;**/*.*proj;**/*.sln;**/*.slnx") at C:\Program Files\dotnet\sdk\10.0.101\Sdks\Microsoft.NET.Sdk\targets\Microsoft.NET.Sdk.DefaultItems.targets (44,5)
       C:\Program Files\dotnet\sdk\10.0.101\Sdks\Microsoft.NET.Sdk\targets\Microsoft.NET.Sdk.DefaultItems.targets(45,5): message : Property reassignment: $(DefaultItemExcludes)=";**\node_modules\**;node_modules\**;**\jspm_packages\**;jspm_packages\**;**\bower_components\**;bower_components\**;**\packages.lock.json;bin\Debug\/**;obj\Debug\/**;bin\/**;obj\/**;**/*.user;**/*.*proj;**/*.sln;**/*.slnx;**/*.vssscc;**/.DS_Store" (previous value: ";**\node_modules\**;node_modules\**;**\jspm_packages\**;jspm_packages\**;**\bower_components\**;bower_components\**;**\packages.lock.json;bin\Debug\/**;obj\Debug\/**;bin\/**;obj\/**;**/*.user;**/*.*proj;**/*.sln;**/*.slnx;**/*.vssscc") at C:\Program Files\dotnet\sdk\10.0.101\Sdks\Microsoft.NET.Sdk\targets\Microsoft.NET.Sdk.DefaultItems.targets (45,5)
       C:\Program Files\dotnet\sdk\10.0.101\Sdks\Microsoft.NET.Sdk\targets\Microsoft.NET.Sdk.FrameworkReferenceResolution.targets(14,5): message : Property reassignment: $(ResolveAssemblyReferencesDependsOn)="
       C:\Program Files\dotnet\sdk\10.0.101\Sdks\Microsoft.NET.Sdk\targets\Microsoft.NET.Sdk.FrameworkReferenceResolution.targets(14,5): message :       
       C:\Program Files\dotnet\sdk\10.0.101\Sdks\Microsoft.NET.Sdk\targets\Microsoft.NET.Sdk.FrameworkReferenceResolution.targets(14,5): message :       
       C:\Program Files\dotnet\sdk\10.0.101\Sdks\Microsoft.NET.Sdk\targets\Microsoft.NET.Sdk.FrameworkReferenceResolution.targets(14,5): message :       ResolveProjectReferences;
       C:\Program Files\dotnet\sdk\10.0.101\Sdks\Microsoft.NET.Sdk\targets\Microsoft.NET.Sdk.FrameworkReferenceResolution.targets(14,5): message :       FindInvalidProjectReferences;
       C:\Program Files\dotnet\sdk\10.0.101\Sdks\Microsoft.NET.Sdk\targets\Microsoft.NET.Sdk.FrameworkReferenceResolution.targets(14,5): message :       GetFrameworkPaths;
       C:\Program Files\dotnet\sdk\10.0.101\Sdks\Microsoft.NET.Sdk\targets\Microsoft.NET.Sdk.FrameworkReferenceResolution.targets(14,5): message :       GetReferenceAssemblyPaths;
       C:\Program Files\dotnet\sdk\10.0.101\Sdks\Microsoft.NET.Sdk\targets\Microsoft.NET.Sdk.FrameworkReferenceResolution.targets(14,5): message :       PrepareForBuild;
       C:\Program Files\dotnet\sdk\10.0.101\Sdks\Microsoft.NET.Sdk\targets\Microsoft.NET.Sdk.FrameworkReferenceResolution.targets(14,5): message :       ResolveSDKReferences;
       C:\Program Files\dotnet\sdk\10.0.101\Sdks\Microsoft.NET.Sdk\targets\Microsoft.NET.Sdk.FrameworkReferenceResolution.targets(14,5): message :       ExpandSDKReferences;
       C:\Program Files\dotnet\sdk\10.0.101\Sdks\Microsoft.NET.Sdk\targets\Microsoft.NET.Sdk.FrameworkReferenceResolution.targets(14,5): message :     ;
       C:\Program Files\dotnet\sdk\10.0.101\Sdks\Microsoft.NET.Sdk\targets\Microsoft.NET.Sdk.FrameworkReferenceResolution.targets(14,5): message :       ResolvePackageDependenciesForBuild;
       C:\Program Files\dotnet\sdk\10.0.101\Sdks\Microsoft.NET.Sdk\targets\Microsoft.NET.Sdk.FrameworkReferenceResolution.targets(14,5): message :       _HandlePackageFileConflicts;
       C:\Program Files\dotnet\sdk\10.0.101\Sdks\Microsoft.NET.Sdk\targets\Microsoft.NET.Sdk.FrameworkReferenceResolution.targets(14,5): message :     ;
       C:\Program Files\dotnet\sdk\10.0.101\Sdks\Microsoft.NET.Sdk\targets\Microsoft.NET.Sdk.FrameworkReferenceResolution.targets(14,5): message :       ResolveTargetingPackAssets;
       C:\Program Files\dotnet\sdk\10.0.101\Sdks\Microsoft.NET.Sdk\targets\Microsoft.NET.Sdk.FrameworkReferenceResolution.targets(14,5): message :     " (previous value: "
       C:\Program Files\dotnet\sdk\10.0.101\Sdks\Microsoft.NET.Sdk\targets\Microsoft.NET.Sdk.FrameworkReferenceResolution.targets(14,5): message :       
       C:\Program Files\dotnet\sdk\10.0.101\Sdks\Microsoft.NET.Sdk\targets\Microsoft.NET.Sdk.FrameworkReferenceResolution.targets(14,5): message :       ResolveProjectReferences;
       C:\Program Files\dotnet\sdk\10.0.101\Sdks\Microsoft.NET.Sdk\targets\Microsoft.NET.Sdk.FrameworkReferenceResolution.targets(14,5): message :       FindInvalidProjectReferences;
       C:\Program Files\dotnet\sdk\10.0.101\Sdks\Microsoft.NET.Sdk\targets\Microsoft.NET.Sdk.FrameworkReferenceResolution.targets(14,5): message :       GetFrameworkPaths;
       C:\Program Files\dotnet\sdk\10.0.101\Sdks\Microsoft.NET.Sdk\targets\Microsoft.NET.Sdk.FrameworkReferenceResolution.targets(14,5): message :       GetReferenceAssemblyPaths;
       C:\Program Files\dotnet\sdk\10.0.101\Sdks\Microsoft.NET.Sdk\targets\Microsoft.NET.Sdk.FrameworkReferenceResolution.targets(14,5): message :       PrepareForBuild;
       C:\Program Files\dotnet\sdk\10.0.101\Sdks\Microsoft.NET.Sdk\targets\Microsoft.NET.Sdk.FrameworkReferenceResolution.targets(14,5): message :       ResolveSDKReferences;
       C:\Program Files\dotnet\sdk\10.0.101\Sdks\Microsoft.NET.Sdk\targets\Microsoft.NET.Sdk.FrameworkReferenceResolution.targets(14,5): message :       ExpandSDKReferences;
       C:\Program Files\dotnet\sdk\10.0.101\Sdks\Microsoft.NET.Sdk\targets\Microsoft.NET.Sdk.FrameworkReferenceResolution.targets(14,5): message :     ;
       C:\Program Files\dotnet\sdk\10.0.101\Sdks\Microsoft.NET.Sdk\targets\Microsoft.NET.Sdk.FrameworkReferenceResolution.targets(14,5): message :       ResolvePackageDependenciesForBuild;
       C:\Program Files\dotnet\sdk\10.0.101\Sdks\Microsoft.NET.Sdk\targets\Microsoft.NET.Sdk.FrameworkReferenceResolution.targets(14,5): message :       _HandlePackageFileConflicts;
       C:\Program Files\dotnet\sdk\10.0.101\Sdks\Microsoft.NET.Sdk\targets\Microsoft.NET.Sdk.FrameworkReferenceResolution.targets(14,5): message :     ") at C:\Program Files\dotnet\sdk\10.0.101\Sdks\Microsoft.NET.Sdk\targets\Microsoft.NET.Sdk.FrameworkReferenceResolution.targets (14,5)
       C:\Program Files\dotnet\sdk\10.0.101\Sdks\Microsoft.NET.Sdk\targets\Microsoft.NET.Sdk.targets(44,5): message : Property reassignment: $(_GenerateRuntimeConfigurationPropertyInputsCache)="c:\krishna mini project\backend\InternalExamScrutinySystem.Api\obj\Debug\net8.0\InternalExamScrutinySystem.Api.genruntimeconfig.cache" (previous value: "obj\Debug\net8.0\InternalExamScrutinySystem.Api.genruntimeconfig.cache") at C:\Program Files\dotnet\sdk\10.0.101\Sdks\Microsoft.NET.Sdk\targets\Microsoft.NET.Sdk.targets (44,5)
       C:\Program Files\dotnet\sdk\10.0.101\Sdks\Microsoft.NET.Sdk\targets\Microsoft.NET.Sdk.targets(46,5): message : Property reassignment: $(_GeneratePublishDependencyFilePropertyInputsCache)="c:\krishna mini project\backend\InternalExamScrutinySystem.Api\obj\Debug\net8.0\InternalExamScrutinySystem.Api.genpublishdeps.cache" (previous value: "obj\Debug\net8.0\InternalExamScrutinySystem.Api.genpublishdeps.cache") at C:\Program Files\dotnet\sdk\10.0.101\Sdks\Microsoft.NET.Sdk\targets\Microsoft.NET.Sdk.targets (46,5)
       C:\Program Files\dotnet\sdk\10.0.101\Sdks\Microsoft.NET.Sdk\targets\Microsoft.NET.Sdk.targets(48,5): message : Property reassignment: $(_GenerateSingleFileBundlePropertyInputsCache)="c:\krishna mini project\backend\InternalExamScrutinySystem.Api\obj\Debug\net8.0\InternalExamScrutinySystem.Api.genbundle.cache" (previous value: "obj\Debug\net8.0\InternalExamScrutinySystem.Api.genbundle.cache") at C:\Program Files\dotnet\sdk\10.0.101\Sdks\Microsoft.NET.Sdk\targets\Microsoft.NET.Sdk.targets (48,5)
       C:\Program Files\dotnet\sdk\10.0.101\Sdks\Microsoft.NET.Sdk\targets\Microsoft.NET.Sdk.targets(81,5): message : Property reassignment: $(GenerateRuntimeConfigDevFile)="false" (previous value: "true") at C:\Program Files\dotnet\sdk\10.0.101\Sdks\Microsoft.NET.Sdk\targets\Microsoft.NET.Sdk.targets (81,5)
       C:\Program Files\dotnet\sdk\10.0.101\Sdks\Microsoft.NET.Sdk\targets\Microsoft.NET.Sdk.targets(98,5): message : Property reassignment: $(_DefaultUserProfileRuntimeStorePath)="C:\Users\MUKHIL" (previous value: "") at C:\Program Files\dotnet\sdk\10.0.101\Sdks\Microsoft.NET.Sdk\targets\Microsoft.NET.Sdk.targets (98,5)
       C:\Program Files\dotnet\sdk\10.0.101\Sdks\Microsoft.NET.Sdk\targets\Microsoft.NET.Sdk.targets(99,5): message : Property reassignment: $(_DefaultUserProfileRuntimeStorePath)="C:\Users\MUKHIL\.dotnet\store" (previous value: "C:\Users\MUKHIL") at C:\Program Files\dotnet\sdk\10.0.101\Sdks\Microsoft.NET.Sdk\targets\Microsoft.NET.Sdk.targets (99,5)
       C:\Program Files\dotnet\sdk\10.0.101\Sdks\Microsoft.NET.Sdk\targets\Microsoft.NET.Sdk.targets(144,5): message : Property reassignment: $(AvailablePlatforms)="Any CPU,x86,x64,ARM32" (previous value: "Any CPU,x86,x64") at C:\Program Files\dotnet\sdk\10.0.101\Sdks\Microsoft.NET.Sdk\targets\Microsoft.NET.Sdk.targets (144,5)
       C:\Program Files\dotnet\sdk\10.0.101\Sdks\Microsoft.NET.Sdk\targets\Microsoft.NET.Sdk.targets(148,5): message : Property reassignment: $(AvailablePlatforms)="Any CPU,x86,x64,ARM32,ARM64" (previous value: "Any CPU,x86,x64,ARM32") at C:\Program Files\dotnet\sdk\10.0.101\Sdks\Microsoft.NET.Sdk\targets\Microsoft.NET.Sdk.targets (148,5)
       C:\Program Files\dotnet\sdk\10.0.101\Sdks\Microsoft.NET.Sdk\targets\Microsoft.NET.Sdk.targets(204,5): message : Property reassignment: $(CoreBuildDependsOn)="
       C:\Program Files\dotnet\sdk\10.0.101\Sdks\Microsoft.NET.Sdk\targets\Microsoft.NET.Sdk.targets(204,5): message :       _CheckForBuildWithNoBuild;
       C:\Program Files\dotnet\sdk\10.0.101\Sdks\Microsoft.NET.Sdk\targets\Microsoft.NET.Sdk.targets(204,5): message :       
       C:\Program Files\dotnet\sdk\10.0.101\Sdks\Microsoft.NET.Sdk\targets\Microsoft.NET.Sdk.targets(204,5): message :       BuildOnlySettings;
       C:\Program Files\dotnet\sdk\10.0.101\Sdks\Microsoft.NET.Sdk\targets\Microsoft.NET.Sdk.targets(204,5): message :       PrepareForBuild;
       C:\Program Files\dotnet\sdk\10.0.101\Sdks\Microsoft.NET.Sdk\targets\Microsoft.NET.Sdk.targets(204,5): message :       PreBuildEvent;
       C:\Program Files\dotnet\sdk\10.0.101\Sdks\Microsoft.NET.Sdk\targets\Microsoft.NET.Sdk.targets(204,5): message :       ResolveReferences;
       C:\Program Files\dotnet\sdk\10.0.101\Sdks\Microsoft.NET.Sdk\targets\Microsoft.NET.Sdk.targets(204,5): message :       PrepareResources;
       C:\Program Files\dotnet\sdk\10.0.101\Sdks\Microsoft.NET.Sdk\targets\Microsoft.NET.Sdk.targets(204,5): message :       ResolveKeySource;
       C:\Program Files\dotnet\sdk\10.0.101\Sdks\Microsoft.NET.Sdk\targets\Microsoft.NET.Sdk.targets(204,5): message :       Compile;
       C:\Program Files\dotnet\sdk\10.0.101\Sdks\Microsoft.NET.Sdk\targets\Microsoft.NET.Sdk.targets(204,5): message :       ExportWindowsMDFile;
       C:\Program Files\dotnet\sdk\10.0.101\Sdks\Microsoft.NET.Sdk\targets\Microsoft.NET.Sdk.targets(204,5): message :       UnmanagedUnregistration;
       C:\Program Files\dotnet\sdk\10.0.101\Sdks\Microsoft.NET.Sdk\targets\Microsoft.NET.Sdk.targets(204,5): message :       GenerateSerializationAssemblies;
       C:\Program Files\dotnet\sdk\10.0.101\Sdks\Microsoft.NET.Sdk\targets\Microsoft.NET.Sdk.targets(204,5): message :       CreateSatelliteAssemblies;
       C:\Program Files\dotnet\sdk\10.0.101\Sdks\Microsoft.NET.Sdk\targets\Microsoft.NET.Sdk.targets(204,5): message :       GenerateManifests;
       C:\Program Files\dotnet\sdk\10.0.101\Sdks\Microsoft.NET.Sdk\targets\Microsoft.NET.Sdk.targets(204,5): message :       GetTargetPath;
       C:\Program Files\dotnet\sdk\10.0.101\Sdks\Microsoft.NET.Sdk\targets\Microsoft.NET.Sdk.targets(204,5): message :       PrepareForRun;
       C:\Program Files\dotnet\sdk\10.0.101\Sdks\Microsoft.NET.Sdk\targets\Microsoft.NET.Sdk.targets(204,5): message :       UnmanagedRegistration;
       C:\Program Files\dotnet\sdk\10.0.101\Sdks\Microsoft.NET.Sdk\targets\Microsoft.NET.Sdk.targets(204,5): message :       IncrementalClean;
       C:\Program Files\dotnet\sdk\10.0.101\Sdks\Microsoft.NET.Sdk\targets\Microsoft.NET.Sdk.targets(204,5): message :       PostBuildEvent
       C:\Program Files\dotnet\sdk\10.0.101\Sdks\Microsoft.NET.Sdk\targets\Microsoft.NET.Sdk.targets(204,5): message :     ;
       C:\Program Files\dotnet\sdk\10.0.101\Sdks\Microsoft.NET.Sdk\targets\Microsoft.NET.Sdk.targets(204,5): message :       GenerateBuildDependencyFile;
       C:\Program Files\dotnet\sdk\10.0.101\Sdks\Microsoft.NET.Sdk\targets\Microsoft.NET.Sdk.targets(204,5): message :       GenerateBuildRuntimeConfigurationFiles
       C:\Program Files\dotnet\sdk\10.0.101\Sdks\Microsoft.NET.Sdk\targets\Microsoft.NET.Sdk.targets(204,5): message :     " (previous value: "
       C:\Program Files\dotnet\sdk\10.0.101\Sdks\Microsoft.NET.Sdk\targets\Microsoft.NET.Sdk.targets(204,5): message :       BuildOnlySettings;
       C:\Program Files\dotnet\sdk\10.0.101\Sdks\Microsoft.NET.Sdk\targets\Microsoft.NET.Sdk.targets(204,5): message :       PrepareForBuild;
       C:\Program Files\dotnet\sdk\10.0.101\Sdks\Microsoft.NET.Sdk\targets\Microsoft.NET.Sdk.targets(204,5): message :       PreBuildEvent;
       C:\Program Files\dotnet\sdk\10.0.101\Sdks\Microsoft.NET.Sdk\targets\Microsoft.NET.Sdk.targets(204,5): message :       ResolveReferences;
       C:\Program Files\dotnet\sdk\10.0.101\Sdks\Microsoft.NET.Sdk\targets\Microsoft.NET.Sdk.targets(204,5): message :       PrepareResources;
       C:\Program Files\dotnet\sdk\10.0.101\Sdks\Microsoft.NET.Sdk\targets\Microsoft.NET.Sdk.targets(204,5): message :       ResolveKeySource;
       C:\Program Files\dotnet\sdk\10.0.101\Sdks\Microsoft.NET.Sdk\targets\Microsoft.NET.Sdk.targets(204,5): message :       Compile;
       C:\Program Files\dotnet\sdk\10.0.101\Sdks\Microsoft.NET.Sdk\targets\Microsoft.NET.Sdk.targets(204,5): message :       ExportWindowsMDFile;
       C:\Program Files\dotnet\sdk\10.0.101\Sdks\Microsoft.NET.Sdk\targets\Microsoft.NET.Sdk.targets(204,5): message :       UnmanagedUnregistration;
       C:\Program Files\dotnet\sdk\10.0.101\Sdks\Microsoft.NET.Sdk\targets\Microsoft.NET.Sdk.targets(204,5): message :       GenerateSerializationAssemblies;
       C:\Program Files\dotnet\sdk\10.0.101\Sdks\Microsoft.NET.Sdk\targets\Microsoft.NET.Sdk.targets(204,5): message :       CreateSatelliteAssemblies;
       C:\Program Files\dotnet\sdk\10.0.101\Sdks\Microsoft.NET.Sdk\targets\Microsoft.NET.Sdk.targets(204,5): message :       GenerateManifests;
       C:\Program Files\dotnet\sdk\10.0.101\Sdks\Microsoft.NET.Sdk\targets\Microsoft.NET.Sdk.targets(204,5): message :       GetTargetPath;
       C:\Program Files\dotnet\sdk\10.0.101\Sdks\Microsoft.NET.Sdk\targets\Microsoft.NET.Sdk.targets(204,5): message :       PrepareForRun;
       C:\Program Files\dotnet\sdk\10.0.101\Sdks\Microsoft.NET.Sdk\targets\Microsoft.NET.Sdk.targets(204,5): message :       UnmanagedRegistration;
       C:\Program Files\dotnet\sdk\10.0.101\Sdks\Microsoft.NET.Sdk\targets\Microsoft.NET.Sdk.targets(204,5): message :       IncrementalClean;
       C:\Program Files\dotnet\sdk\10.0.101\Sdks\Microsoft.NET.Sdk\targets\Microsoft.NET.Sdk.targets(204,5): message :       PostBuildEvent
       C:\Program Files\dotnet\sdk\10.0.101\Sdks\Microsoft.NET.Sdk\targets\Microsoft.NET.Sdk.targets(204,5): message :     ") at C:\Program Files\dotnet\sdk\10.0.101\Sdks\Microsoft.NET.Sdk\targets\Microsoft.NET.Sdk.targets (204,5)
       C:\Program Files\dotnet\sdk\10.0.101\Sdks\Microsoft.NET.Sdk\targets\Microsoft.NET.Sdk.targets(213,5): message : Property reassignment: $(CoreCleanDependsOn)="
       C:\Program Files\dotnet\sdk\10.0.101\Sdks\Microsoft.NET.Sdk\targets\Microsoft.NET.Sdk.targets(213,5): message :       _SdkBeforeClean;
       C:\Program Files\dotnet\sdk\10.0.101\Sdks\Microsoft.NET.Sdk\targets\Microsoft.NET.Sdk.targets(213,5): message :       
       C:\Program Files\dotnet\sdk\10.0.101\Sdks\Microsoft.NET.Sdk\targets\Microsoft.NET.Sdk.targets(213,5): message :     " (previous value: "") at C:\Program Files\dotnet\sdk\10.0.101\Sdks\Microsoft.NET.Sdk\targets\Microsoft.NET.Sdk.targets (213,5)
       C:\Program Files\dotnet\sdk\10.0.101\Sdks\Microsoft.NET.Sdk\targets\Microsoft.NET.Sdk.targets(220,5): message : Property reassignment: $(RebuildDependsOn)="
       C:\Program Files\dotnet\sdk\10.0.101\Sdks\Microsoft.NET.Sdk\targets\Microsoft.NET.Sdk.targets(220,5): message :       _SdkBeforeRebuild;
       C:\Program Files\dotnet\sdk\10.0.101\Sdks\Microsoft.NET.Sdk\targets\Microsoft.NET.Sdk.targets(220,5): message :       
       C:\Program Files\dotnet\sdk\10.0.101\Sdks\Microsoft.NET.Sdk\targets\Microsoft.NET.Sdk.targets(220,5): message :       BeforeRebuild;
       C:\Program Files\dotnet\sdk\10.0.101\Sdks\Microsoft.NET.Sdk\targets\Microsoft.NET.Sdk.targets(220,5): message :       Clean;
       C:\Program Files\dotnet\sdk\10.0.101\Sdks\Microsoft.NET.Sdk\targets\Microsoft.NET.Sdk.targets(220,5): message :       Build;
       C:\Program Files\dotnet\sdk\10.0.101\Sdks\Microsoft.NET.Sdk\targets\Microsoft.NET.Sdk.targets(220,5): message :       AfterRebuild;
       C:\Program Files\dotnet\sdk\10.0.101\Sdks\Microsoft.NET.Sdk\targets\Microsoft.NET.Sdk.targets(220,5): message :     
       C:\Program Files\dotnet\sdk\10.0.101\Sdks\Microsoft.NET.Sdk\targets\Microsoft.NET.Sdk.targets(220,5): message :     " (previous value: "
       C:\Program Files\dotnet\sdk\10.0.101\Sdks\Microsoft.NET.Sdk\targets\Microsoft.NET.Sdk.targets(220,5): message :       BeforeRebuild;
       C:\Program Files\dotnet\sdk\10.0.101\Sdks\Microsoft.NET.Sdk\targets\Microsoft.NET.Sdk.targets(220,5): message :       Clean;
       C:\Program Files\dotnet\sdk\10.0.101\Sdks\Microsoft.NET.Sdk\targets\Microsoft.NET.Sdk.targets(220,5): message :       Build;
       C:\Program Files\dotnet\sdk\10.0.101\Sdks\Microsoft.NET.Sdk\targets\Microsoft.NET.Sdk.targets(220,5): message :       AfterRebuild;
       C:\Program Files\dotnet\sdk\10.0.101\Sdks\Microsoft.NET.Sdk\targets\Microsoft.NET.Sdk.targets(220,5): message :     ") at C:\Program Files\dotnet\sdk\10.0.101\Sdks\Microsoft.NET.Sdk\targets\Microsoft.NET.Sdk.targets (220,5)
       C:\Program Files\dotnet\sdk\10.0.101\Sdks\Microsoft.NET.Sdk\targets\Microsoft.NET.Sdk.targets(799,5): message : Property reassignment: $(CompileDependsOn)="
       C:\Program Files\dotnet\sdk\10.0.101\Sdks\Microsoft.NET.Sdk\targets\Microsoft.NET.Sdk.targets(799,5): message :       
       C:\Program Files\dotnet\sdk\10.0.101\Sdks\Microsoft.NET.Sdk\targets\Microsoft.NET.Sdk.targets(799,5): message :       ResolveReferences;
       C:\Program Files\dotnet\sdk\10.0.101\Sdks\Microsoft.NET.Sdk\targets\Microsoft.NET.Sdk.targets(799,5): message :       ResolveKeySource;
       C:\Program Files\dotnet\sdk\10.0.101\Sdks\Microsoft.NET.Sdk\targets\Microsoft.NET.Sdk.targets(799,5): message :       SetWin32ManifestProperties;
       C:\Program Files\dotnet\sdk\10.0.101\Sdks\Microsoft.NET.Sdk\targets\Microsoft.NET.Sdk.targets(799,5): message :       _SetPreferNativeArm64Win32ManifestProperties;
       C:\Program Files\dotnet\sdk\10.0.101\Sdks\Microsoft.NET.Sdk\targets\Microsoft.NET.Sdk.targets(799,5): message :       FindReferenceAssembliesForReferences;
       C:\Program Files\dotnet\sdk\10.0.101\Sdks\Microsoft.NET.Sdk\targets\Microsoft.NET.Sdk.targets(799,5): message :       _GenerateCompileInputs;
       C:\Program Files\dotnet\sdk\10.0.101\Sdks\Microsoft.NET.Sdk\targets\Microsoft.NET.Sdk.targets(799,5): message :       BeforeCompile;
       C:\Program Files\dotnet\sdk\10.0.101\Sdks\Microsoft.NET.Sdk\targets\Microsoft.NET.Sdk.targets(799,5): message :       _TimeStampBeforeCompile;
       C:\Program Files\dotnet\sdk\10.0.101\Sdks\Microsoft.NET.Sdk\targets\Microsoft.NET.Sdk.targets(799,5): message :       _GenerateCompileDependencyCache;
       C:\Program Files\dotnet\sdk\10.0.101\Sdks\Microsoft.NET.Sdk\targets\Microsoft.NET.Sdk.targets(799,5): message :       CoreCompile;
       C:\Program Files\dotnet\sdk\10.0.101\Sdks\Microsoft.NET.Sdk\targets\Microsoft.NET.Sdk.targets(799,5): message :       _TimeStampAfterCompile;
       C:\Program Files\dotnet\sdk\10.0.101\Sdks\Microsoft.NET.Sdk\targets\Microsoft.NET.Sdk.targets(799,5): message :       AfterCompile;
       C:\Program Files\dotnet\sdk\10.0.101\Sdks\Microsoft.NET.Sdk\targets\Microsoft.NET.Sdk.targets(799,5): message :     ;
       C:\Program Files\dotnet\sdk\10.0.101\Sdks\Microsoft.NET.Sdk\targets\Microsoft.NET.Sdk.targets(799,5): message :       _CreateAppHost;
       C:\Program Files\dotnet\sdk\10.0.101\Sdks\Microsoft.NET.Sdk\targets\Microsoft.NET.Sdk.targets(799,5): message :       _CreateComHost;
       C:\Program Files\dotnet\sdk\10.0.101\Sdks\Microsoft.NET.Sdk\targets\Microsoft.NET.Sdk.targets(799,5): message :       _GetIjwHostPaths;
       C:\Program Files\dotnet\sdk\10.0.101\Sdks\Microsoft.NET.Sdk\targets\Microsoft.NET.Sdk.targets(799,5): message :     " (previous value: "
       C:\Program Files\dotnet\sdk\10.0.101\Sdks\Microsoft.NET.Sdk\targets\Microsoft.NET.Sdk.targets(799,5): message :       ResolveReferences;
       C:\Program Files\dotnet\sdk\10.0.101\Sdks\Microsoft.NET.Sdk\targets\Microsoft.NET.Sdk.targets(799,5): message :       ResolveKeySource;
       C:\Program Files\dotnet\sdk\10.0.101\Sdks\Microsoft.NET.Sdk\targets\Microsoft.NET.Sdk.targets(799,5): message :       SetWin32ManifestProperties;
       C:\Program Files\dotnet\sdk\10.0.101\Sdks\Microsoft.NET.Sdk\targets\Microsoft.NET.Sdk.targets(799,5): message :       _SetPreferNativeArm64Win32ManifestProperties;
       C:\Program Files\dotnet\sdk\10.0.101\Sdks\Microsoft.NET.Sdk\targets\Microsoft.NET.Sdk.targets(799,5): message :       FindReferenceAssembliesForReferences;
       C:\Program Files\dotnet\sdk\10.0.101\Sdks\Microsoft.NET.Sdk\targets\Microsoft.NET.Sdk.targets(799,5): message :       _GenerateCompileInputs;
       C:\Program Files\dotnet\sdk\10.0.101\Sdks\Microsoft.NET.Sdk\targets\Microsoft.NET.Sdk.targets(799,5): message :       BeforeCompile;
       C:\Program Files\dotnet\sdk\10.0.101\Sdks\Microsoft.NET.Sdk\targets\Microsoft.NET.Sdk.targets(799,5): message :       _TimeStampBeforeCompile;
       C:\Program Files\dotnet\sdk\10.0.101\Sdks\Microsoft.NET.Sdk\targets\Microsoft.NET.Sdk.targets(799,5): message :       _GenerateCompileDependencyCache;
       C:\Program Files\dotnet\sdk\10.0.101\Sdks\Microsoft.NET.Sdk\targets\Microsoft.NET.Sdk.targets(799,5): message :       CoreCompile;
       C:\Program Files\dotnet\sdk\10.0.101\Sdks\Microsoft.NET.Sdk\targets\Microsoft.NET.Sdk.targets(799,5): message :       _TimeStampAfterCompile;
       C:\Program Files\dotnet\sdk\10.0.101\Sdks\Microsoft.NET.Sdk\targets\Microsoft.NET.Sdk.targets(799,5): message :       AfterCompile;
       C:\Program Files\dotnet\sdk\10.0.101\Sdks\Microsoft.NET.Sdk\targets\Microsoft.NET.Sdk.targets(799,5): message :     ") at C:\Program Files\dotnet\sdk\10.0.101\Sdks\Microsoft.NET.Sdk\targets\Microsoft.NET.Sdk.targets (799,5)
       C:\Program Files\dotnet\sdk\10.0.101\Sdks\Microsoft.NET.Sdk\targets\Microsoft.NET.Sdk.targets(1131,5): message : Property reassignment: $(CreateSatelliteAssembliesDependsOn)="
       C:\Program Files\dotnet\sdk\10.0.101\Sdks\Microsoft.NET.Sdk\targets\Microsoft.NET.Sdk.targets(1131,5): message :       
       C:\Program Files\dotnet\sdk\10.0.101\Sdks\Microsoft.NET.Sdk\targets\Microsoft.NET.Sdk.targets(1131,5): message :       ;
       C:\Program Files\dotnet\sdk\10.0.101\Sdks\Microsoft.NET.Sdk\targets\Microsoft.NET.Sdk.targets(1131,5): message :       _GenerateSatelliteAssemblyInputs;
       C:\Program Files\dotnet\sdk\10.0.101\Sdks\Microsoft.NET.Sdk\targets\Microsoft.NET.Sdk.targets(1131,5): message :       ComputeIntermediateSatelliteAssemblies;
       C:\Program Files\dotnet\sdk\10.0.101\Sdks\Microsoft.NET.Sdk\targets\Microsoft.NET.Sdk.targets(1131,5): message :       GenerateSatelliteAssemblies
       C:\Program Files\dotnet\sdk\10.0.101\Sdks\Microsoft.NET.Sdk\targets\Microsoft.NET.Sdk.targets(1131,5): message :     ;
       C:\Program Files\dotnet\sdk\10.0.101\Sdks\Microsoft.NET.Sdk\targets\Microsoft.NET.Sdk.targets(1131,5): message :       CoreGenerateSatelliteAssemblies
       C:\Program Files\dotnet\sdk\10.0.101\Sdks\Microsoft.NET.Sdk\targets\Microsoft.NET.Sdk.targets(1131,5): message :     " (previous value: "
       C:\Program Files\dotnet\sdk\10.0.101\Sdks\Microsoft.NET.Sdk\targets\Microsoft.NET.Sdk.targets(1131,5): message :       ;
       C:\Program Files\dotnet\sdk\10.0.101\Sdks\Microsoft.NET.Sdk\targets\Microsoft.NET.Sdk.targets(1131,5): message :       _GenerateSatelliteAssemblyInputs;
       C:\Program Files\dotnet\sdk\10.0.101\Sdks\Microsoft.NET.Sdk\targets\Microsoft.NET.Sdk.targets(1131,5): message :       ComputeIntermediateSatelliteAssemblies;
       C:\Program Files\dotnet\sdk\10.0.101\Sdks\Microsoft.NET.Sdk\targets\Microsoft.NET.Sdk.targets(1131,5): message :       GenerateSatelliteAssemblies
       C:\Program Files\dotnet\sdk\10.0.101\Sdks\Microsoft.NET.Sdk\targets\Microsoft.NET.Sdk.targets(1131,5): message :     ") at C:\Program Files\dotnet\sdk\10.0.101\Sdks\Microsoft.NET.Sdk\targets\Microsoft.NET.Sdk.targets (1131,5)
       C:\Program Files\dotnet\sdk\10.0.101\Sdks\Microsoft.SourceLink.GitLab\build\Microsoft.SourceLink.GitLab.targets(12,5): message : Property reassignment: $(SourceLinkUrlInitializerTargets)=";_InitializeGitHubSourceLinkUrl;_InitializeGitLabSourceLinkUrl" (previous value: ";_InitializeGitHubSourceLinkUrl") at C:\Program Files\dotnet\sdk\10.0.101\Sdks\Microsoft.SourceLink.GitLab\build\Microsoft.SourceLink.GitLab.targets (12,5)
       C:\Program Files\dotnet\sdk\10.0.101\Sdks\Microsoft.SourceLink.GitLab\build\Microsoft.SourceLink.GitLab.targets(13,5): message : Property reassignment: $(SourceControlManagerUrlTranslationTargets)=";TranslateGitHubUrlsInSourceControlInformation;TranslateGitLabUrlsInSourceControlInformation" (previous value: ";TranslateGitHubUrlsInSourceControlInformation") at C:\Program Files\dotnet\sdk\10.0.101\Sdks\Microsoft.SourceLink.GitLab\build\Microsoft.SourceLink.GitLab.targets (13,5)
       C:\Program Files\dotnet\sdk\10.0.101\Sdks\Microsoft.SourceLink.AzureRepos.Git\build\Microsoft.SourceLink.AzureRepos.Git.targets(12,5): message : Property reassignment: $(SourceLinkUrlInitializerTargets)=";_InitializeGitHubSourceLinkUrl;_InitializeGitLabSourceLinkUrl;_InitializeAzureReposGitSourceLinkUrl" (previous value: ";_InitializeGitHubSourceLinkUrl;_InitializeGitLabSourceLinkUrl") at C:\Program Files\dotnet\sdk\10.0.101\Sdks\Microsoft.SourceLink.AzureRepos.Git\build\Microsoft.SourceLink.AzureRepos.Git.targets (12,5)
       C:\Program Files\dotnet\sdk\10.0.101\Sdks\Microsoft.SourceLink.AzureRepos.Git\build\Microsoft.SourceLink.AzureRepos.Git.targets(13,5): message : Property reassignment: $(SourceControlManagerUrlTranslationTargets)=";TranslateGitHubUrlsInSourceControlInformation;TranslateGitLabUrlsInSourceControlInformation;TranslateAzureReposGitUrlsInSourceControlInformation" (previous value: ";TranslateGitHubUrlsInSourceControlInformation;TranslateGitLabUrlsInSourceControlInformation") at C:\Program Files\dotnet\sdk\10.0.101\Sdks\Microsoft.SourceLink.AzureRepos.Git\build\Microsoft.SourceLink.AzureRepos.Git.targets (13,5)
       C:\Program Files\dotnet\sdk\10.0.101\Sdks\Microsoft.SourceLink.Bitbucket.Git\build\Microsoft.SourceLink.Bitbucket.Git.targets(12,5): message : Property reassignment: $(SourceLinkUrlInitializerTargets)=";_InitializeGitHubSourceLinkUrl;_InitializeGitLabSourceLinkUrl;_InitializeAzureReposGitSourceLinkUrl;_InitializeBitbucketGitSourceLinkUrl" (previous value: ";_InitializeGitHubSourceLinkUrl;_InitializeGitLabSourceLinkUrl;_InitializeAzureReposGitSourceLinkUrl") at C:\Program Files\dotnet\sdk\10.0.101\Sdks\Microsoft.SourceLink.Bitbucket.Git\build\Microsoft.SourceLink.Bitbucket.Git.targets (12,5)
       C:\Program Files\dotnet\sdk\10.0.101\Sdks\Microsoft.SourceLink.Bitbucket.Git\build\Microsoft.SourceLink.Bitbucket.Git.targets(13,5): message : Property reassignment: $(SourceControlManagerUrlTranslationTargets)=";TranslateGitHubUrlsInSourceControlInformation;TranslateGitLabUrlsInSourceControlInformation;TranslateAzureReposGitUrlsInSourceControlInformation;TranslateBitbucketGitUrlsInSourceControlInformation" (previous value: ";TranslateGitHubUrlsInSourceControlInformation;TranslateGitLabUrlsInSourceControlInformation;TranslateAzureReposGitUrlsInSourceControlInformation") at C:\Program Files\dotnet\sdk\10.0.101\Sdks\Microsoft.SourceLink.Bitbucket.Git\build\Microsoft.SourceLink.Bitbucket.Git.targets (13,5)
       C:\Program Files\dotnet\sdk\10.0.101\Sdks\Microsoft.NET.Sdk\targets\Microsoft.NET.DesignerSupport.targets(21,5): message : Property reassignment: $(DesignerRuntimeImplementationProjectOutputGroupDependsOn)="
       C:\Program Files\dotnet\sdk\10.0.101\Sdks\Microsoft.NET.Sdk\targets\Microsoft.NET.DesignerSupport.targets(21,5): message :       
       C:\Program Files\dotnet\sdk\10.0.101\Sdks\Microsoft.NET.Sdk\targets\Microsoft.NET.DesignerSupport.targets(21,5): message :       ;
       C:\Program Files\dotnet\sdk\10.0.101\Sdks\Microsoft.NET.Sdk\targets\Microsoft.NET.DesignerSupport.targets(21,5): message :       
       C:\Program Files\dotnet\sdk\10.0.101\Sdks\Microsoft.NET.Sdk\targets\Microsoft.NET.DesignerSupport.targets(21,5): message :       ;
       C:\Program Files\dotnet\sdk\10.0.101\Sdks\Microsoft.NET.Sdk\targets\Microsoft.NET.DesignerSupport.targets(21,5): message :       BuildOnlySettings;
       C:\Program Files\dotnet\sdk\10.0.101\Sdks\Microsoft.NET.Sdk\targets\Microsoft.NET.DesignerSupport.targets(21,5): message :       PrepareForBuild;
       C:\Program Files\dotnet\sdk\10.0.101\Sdks\Microsoft.NET.Sdk\targets\Microsoft.NET.DesignerSupport.targets(21,5): message :       AssignTargetPaths;
       C:\Program Files\dotnet\sdk\10.0.101\Sdks\Microsoft.NET.Sdk\targets\Microsoft.NET.DesignerSupport.targets(21,5): message :       ResolveReferences
       C:\Program Files\dotnet\sdk\10.0.101\Sdks\Microsoft.NET.Sdk\targets\Microsoft.NET.DesignerSupport.targets(21,5): message :     
       C:\Program Files\dotnet\sdk\10.0.101\Sdks\Microsoft.NET.Sdk\targets\Microsoft.NET.DesignerSupport.targets(21,5): message :     ;
       C:\Program Files\dotnet\sdk\10.0.101\Sdks\Microsoft.NET.Sdk\targets\Microsoft.NET.DesignerSupport.targets(21,5): message :       _GenerateDesignerDepsFile;
       C:\Program Files\dotnet\sdk\10.0.101\Sdks\Microsoft.NET.Sdk\targets\Microsoft.NET.DesignerSupport.targets(21,5): message :       _GenerateDesignerRuntimeConfigFile;
       C:\Program Files\dotnet\sdk\10.0.101\Sdks\Microsoft.NET.Sdk\targets\Microsoft.NET.DesignerSupport.targets(21,5): message :       GetCopyToOutputDirectoryItems;
       C:\Program Files\dotnet\sdk\10.0.101\Sdks\Microsoft.NET.Sdk\targets\Microsoft.NET.DesignerSupport.targets(21,5): message :       _GatherDesignerShadowCopyFiles;
       C:\Program Files\dotnet\sdk\10.0.101\Sdks\Microsoft.NET.Sdk\targets\Microsoft.NET.DesignerSupport.targets(21,5): message :     " (previous value: "
       C:\Program Files\dotnet\sdk\10.0.101\Sdks\Microsoft.NET.Sdk\targets\Microsoft.NET.DesignerSupport.targets(21,5): message :       ;
       C:\Program Files\dotnet\sdk\10.0.101\Sdks\Microsoft.NET.Sdk\targets\Microsoft.NET.DesignerSupport.targets(21,5): message :       
       C:\Program Files\dotnet\sdk\10.0.101\Sdks\Microsoft.NET.Sdk\targets\Microsoft.NET.DesignerSupport.targets(21,5): message :       ;
       C:\Program Files\dotnet\sdk\10.0.101\Sdks\Microsoft.NET.Sdk\targets\Microsoft.NET.DesignerSupport.targets(21,5): message :       BuildOnlySettings;
       C:\Program Files\dotnet\sdk\10.0.101\Sdks\Microsoft.NET.Sdk\targets\Microsoft.NET.DesignerSupport.targets(21,5): message :       PrepareForBuild;
       C:\Program Files\dotnet\sdk\10.0.101\Sdks\Microsoft.NET.Sdk\targets\Microsoft.NET.DesignerSupport.targets(21,5): message :       AssignTargetPaths;
       C:\Program Files\dotnet\sdk\10.0.101\Sdks\Microsoft.NET.Sdk\targets\Microsoft.NET.DesignerSupport.targets(21,5): message :       ResolveReferences
       C:\Program Files\dotnet\sdk\10.0.101\Sdks\Microsoft.NET.Sdk\targets\Microsoft.NET.DesignerSupport.targets(21,5): message :     
       C:\Program Files\dotnet\sdk\10.0.101\Sdks\Microsoft.NET.Sdk\targets\Microsoft.NET.DesignerSupport.targets(21,5): message :     ") at C:\Program Files\dotnet\sdk\10.0.101\Sdks\Microsoft.NET.Sdk\targets\Microsoft.NET.DesignerSupport.targets (21,5)
       C:\Program Files\dotnet\sdk\10.0.101\Sdks\Microsoft.NET.Sdk\targets\Microsoft.NET.Sdk.CSharp.targets(31,5): message : Property reassignment: $(DefineConstants)="TRACE;DEBUG" (previous value: "TRACE") at C:\Program Files\dotnet\sdk\10.0.101\Sdks\Microsoft.NET.Sdk\targets\Microsoft.NET.Sdk.CSharp.targets (31,5)
       C:\Program Files\dotnet\sdk\10.0.101\Sdks\Microsoft.NET.Sdk\targets\Microsoft.NET.Sdk.CSharp.targets(45,5): message : Property reassignment: $(WarningsAsErrors)=";NU1605;SYSLIB0011" (previous value: ";NU1605") at C:\Program Files\dotnet\sdk\10.0.101\Sdks\Microsoft.NET.Sdk\targets\Microsoft.NET.Sdk.CSharp.targets (45,5)
       C:\Program Files\dotnet\sdk\10.0.101\NuGet.Build.Tasks.Pack.targets(34,5): message : Property reassignment: $(PackageDescription)="Package Description" (previous value: "") at C:\Program Files\dotnet\sdk\10.0.101\NuGet.Build.Tasks.Pack.targets (34,5)
       C:\Program Files\dotnet\sdk\10.0.101\NuGet.Build.Tasks.Pack.targets(59,5): message : Property reassignment: $(GenerateNuspecDependsOn)="Build;_LoadPackInputItems; _GetTargetFrameworksOutput; _WalkEachTargetPerFramework; _GetPackageFiles; " (previous value: "_LoadPackInputItems; _GetTargetFrameworksOutput; _WalkEachTargetPerFramework; _GetPackageFiles; ") at C:\Program Files\dotnet\sdk\10.0.101\NuGet.Build.Tasks.Pack.targets (59,5)
       C:\Program Files\dotnet\sdk\10.0.101\Sdks\Microsoft.NET.Sdk\Sdk\Sdk.targets(59,5): message : Property reassignment: $(_IsNotSetContainersTargetsDir)="true" (previous value: "false") at C:\Program Files\dotnet\sdk\10.0.101\Sdks\Microsoft.NET.Sdk\Sdk\Sdk.targets (59,5)
       C:\Program Files\dotnet\sdk\10.0.101\Containers\build\Microsoft.NET.Build.Containers.targets(5,5): message : Property reassignment: $(_IsSDKContainerAllowedVersion)="true" (previous value: "false") at C:\Program Files\dotnet\sdk\10.0.101\Containers\build\Microsoft.NET.Build.Containers.targets (5,5)
       C:\Program Files\dotnet\sdk\10.0.101\Containers\build\Microsoft.NET.Build.Containers.targets(15,5): message : Property reassignment: $(_ContainerIsTargetingNet8TFM)="true" (previous value: "false") at C:\Program Files\dotnet\sdk\10.0.101\Containers\build\Microsoft.NET.Build.Containers.targets (15,5)
       C:\Program Files\dotnet\sdk\10.0.101\Sdks\Microsoft.NET.Sdk.StaticWebAssets\targets\Sdk.StaticWebAssets.CurrentVersion.targets(37,18): message : Property 'DOTNET_HOST_PATH' with value 'C:\Program Files\dotnet\dotnet.exe' expanded from the environment.
       C:\Program Files\dotnet\sdk\10.0.101\Sdks\Microsoft.NET.Sdk.StaticWebAssets\targets\Microsoft.NET.Sdk.StaticWebAssets.targets(286,5): message : Property reassignment: $(PrepareForRunDependsOn)="StaticWebAssetsPrepareForRun;
       C:\Program Files\dotnet\sdk\10.0.101\Sdks\Microsoft.NET.Sdk.StaticWebAssets\targets\Microsoft.NET.Sdk.StaticWebAssets.targets(286,5): message :       CopyFilesToOutputDirectory
       C:\Program Files\dotnet\sdk\10.0.101\Sdks\Microsoft.NET.Sdk.StaticWebAssets\targets\Microsoft.NET.Sdk.StaticWebAssets.targets(286,5): message :     " (previous value: "
       C:\Program Files\dotnet\sdk\10.0.101\Sdks\Microsoft.NET.Sdk.StaticWebAssets\targets\Microsoft.NET.Sdk.StaticWebAssets.targets(286,5): message :       CopyFilesToOutputDirectory
       C:\Program Files\dotnet\sdk\10.0.101\Sdks\Microsoft.NET.Sdk.StaticWebAssets\targets\Microsoft.NET.Sdk.StaticWebAssets.targets(286,5): message :     ") at C:\Program Files\dotnet\sdk\10.0.101\Sdks\Microsoft.NET.Sdk.StaticWebAssets\targets\Microsoft.NET.Sdk.StaticWebAssets.targets (286,5)
       C:\Program Files\dotnet\sdk\10.0.101\Sdks\Microsoft.NET.Sdk.StaticWebAssets\targets\Microsoft.NET.Sdk.StaticWebAssets.targets(323,5): message : Property reassignment: $(GetCopyToOutputDirectoryItemsDependsOn)="
       C:\Program Files\dotnet\sdk\10.0.101\Sdks\Microsoft.NET.Sdk.StaticWebAssets\targets\Microsoft.NET.Sdk.StaticWebAssets.targets(323,5): message :       AssignTargetPaths;
       C:\Program Files\dotnet\sdk\10.0.101\Sdks\Microsoft.NET.Sdk.StaticWebAssets\targets\Microsoft.NET.Sdk.StaticWebAssets.targets(323,5): message :       
       C:\Program Files\dotnet\sdk\10.0.101\Sdks\Microsoft.NET.Sdk.StaticWebAssets\targets\Microsoft.NET.Sdk.StaticWebAssets.targets(323,5): message :       AssignProjectConfiguration;
       C:\Program Files\dotnet\sdk\10.0.101\Sdks\Microsoft.NET.Sdk.StaticWebAssets\targets\Microsoft.NET.Sdk.StaticWebAssets.targets(323,5): message :       _SplitProjectReferencesByFileExistence
       C:\Program Files\dotnet\sdk\10.0.101\Sdks\Microsoft.NET.Sdk.StaticWebAssets\targets\Microsoft.NET.Sdk.StaticWebAssets.targets(323,5): message :     ;
       C:\Program Files\dotnet\sdk\10.0.101\Sdks\Microsoft.NET.Sdk.StaticWebAssets\targets\Microsoft.NET.Sdk.StaticWebAssets.targets(323,5): message :       _GetProjectReferenceTargetFrameworkProperties;
       C:\Program Files\dotnet\sdk\10.0.101\Sdks\Microsoft.NET.Sdk.StaticWebAssets\targets\Microsoft.NET.Sdk.StaticWebAssets.targets(323,5): message :       _PopulateCommonStateForGetCopyToOutputDirectoryItems
       C:\Program Files\dotnet\sdk\10.0.101\Sdks\Microsoft.NET.Sdk.StaticWebAssets\targets\Microsoft.NET.Sdk.StaticWebAssets.targets(323,5): message :     ;AddStaticWebAssetsManifest;AddStaticWebAssetEndpointsBuildManifest" (previous value: "
       C:\Program Files\dotnet\sdk\10.0.101\Sdks\Microsoft.NET.Sdk.StaticWebAssets\targets\Microsoft.NET.Sdk.StaticWebAssets.targets(323,5): message :       AssignTargetPaths;
       C:\Program Files\dotnet\sdk\10.0.101\Sdks\Microsoft.NET.Sdk.StaticWebAssets\targets\Microsoft.NET.Sdk.StaticWebAssets.targets(323,5): message :       
       C:\Program Files\dotnet\sdk\10.0.101\Sdks\Microsoft.NET.Sdk.StaticWebAssets\targets\Microsoft.NET.Sdk.StaticWebAssets.targets(323,5): message :       AssignProjectConfiguration;
       C:\Program Files\dotnet\sdk\10.0.101\Sdks\Microsoft.NET.Sdk.StaticWebAssets\targets\Microsoft.NET.Sdk.StaticWebAssets.targets(323,5): message :       _SplitProjectReferencesByFileExistence
       C:\Program Files\dotnet\sdk\10.0.101\Sdks\Microsoft.NET.Sdk.StaticWebAssets\targets\Microsoft.NET.Sdk.StaticWebAssets.targets(323,5): message :     ;
       C:\Program Files\dotnet\sdk\10.0.101\Sdks\Microsoft.NET.Sdk.StaticWebAssets\targets\Microsoft.NET.Sdk.StaticWebAssets.targets(323,5): message :       _GetProjectReferenceTargetFrameworkProperties;
       C:\Program Files\dotnet\sdk\10.0.101\Sdks\Microsoft.NET.Sdk.StaticWebAssets\targets\Microsoft.NET.Sdk.StaticWebAssets.targets(323,5): message :       _PopulateCommonStateForGetCopyToOutputDirectoryItems
       C:\Program Files\dotnet\sdk\10.0.101\Sdks\Microsoft.NET.Sdk.StaticWebAssets\targets\Microsoft.NET.Sdk.StaticWebAssets.targets(323,5): message :     ") at C:\Program Files\dotnet\sdk\10.0.101\Sdks\Microsoft.NET.Sdk.StaticWebAssets\targets\Microsoft.NET.Sdk.StaticWebAssets.targets (323,5)
       C:\Program Files\dotnet\sdk\10.0.101\Sdks\Microsoft.NET.Sdk.StaticWebAssets\targets\Microsoft.NET.Sdk.StaticWebAssets.Pack.targets(46,5): message : Property reassignment: $(GenerateNuspecDependsOn)="
       C:\Program Files\dotnet\sdk\10.0.101\Sdks\Microsoft.NET.Sdk.StaticWebAssets\targets\Microsoft.NET.Sdk.StaticWebAssets.Pack.targets(46,5): message :       IncludeStaticWebAssetsPackItems;
       C:\Program Files\dotnet\sdk\10.0.101\Sdks\Microsoft.NET.Sdk.StaticWebAssets\targets\Microsoft.NET.Sdk.StaticWebAssets.Pack.targets(46,5): message :       Build;_LoadPackInputItems; _GetTargetFrameworksOutput; _WalkEachTargetPerFramework; _GetPackageFiles; ;
       C:\Program Files\dotnet\sdk\10.0.101\Sdks\Microsoft.NET.Sdk.StaticWebAssets\targets\Microsoft.NET.Sdk.StaticWebAssets.Pack.targets(46,5): message :     " (previous value: "Build;_LoadPackInputItems; _GetTargetFrameworksOutput; _WalkEachTargetPerFramework; _GetPackageFiles; ") at C:\Program Files\dotnet\sdk\10.0.101\Sdks\Microsoft.NET.Sdk.StaticWebAssets\targets\Microsoft.NET.Sdk.StaticWebAssets.Pack.targets (46,5)
       C:\Program Files\dotnet\sdk\10.0.101\Sdks\Microsoft.NET.Sdk.StaticWebAssets\targets\Microsoft.NET.Sdk.StaticWebAssets.Pack.targets(55,5): message : Property reassignment: $(IncludeStaticWebAssetsPackItemsDependsOn)="
       C:\Program Files\dotnet\sdk\10.0.101\Sdks\Microsoft.NET.Sdk.StaticWebAssets\targets\Microsoft.NET.Sdk.StaticWebAssets.Pack.targets(55,5): message :       Build;
       C:\Program Files\dotnet\sdk\10.0.101\Sdks\Microsoft.NET.Sdk.StaticWebAssets\targets\Microsoft.NET.Sdk.StaticWebAssets.Pack.targets(55,5): message :       ResolveStaticWebAssetsConfiguration;LoadStaticWebAssetsBuildManifest
       C:\Program Files\dotnet\sdk\10.0.101\Sdks\Microsoft.NET.Sdk.StaticWebAssets\targets\Microsoft.NET.Sdk.StaticWebAssets.Pack.targets(55,5): message :     ;
       C:\Program Files\dotnet\sdk\10.0.101\Sdks\Microsoft.NET.Sdk.StaticWebAssets\targets\Microsoft.NET.Sdk.StaticWebAssets.Pack.targets(55,5): message :     " (previous value: "
       C:\Program Files\dotnet\sdk\10.0.101\Sdks\Microsoft.NET.Sdk.StaticWebAssets\targets\Microsoft.NET.Sdk.StaticWebAssets.Pack.targets(55,5): message :       ResolveStaticWebAssetsConfiguration;LoadStaticWebAssetsBuildManifest
       C:\Program Files\dotnet\sdk\10.0.101\Sdks\Microsoft.NET.Sdk.StaticWebAssets\targets\Microsoft.NET.Sdk.StaticWebAssets.Pack.targets(55,5): message :     ") at C:\Program Files\dotnet\sdk\10.0.101\Sdks\Microsoft.NET.Sdk.StaticWebAssets\targets\Microsoft.NET.Sdk.StaticWebAssets.Pack.targets (55,5)
       C:\Program Files\dotnet\sdk\10.0.101\Sdks\Microsoft.NET.Sdk.StaticWebAssets\targets\Microsoft.NET.Sdk.StaticWebAssets.ScopedCss.targets(55,3): message : Property reassignment: $(ResolveStaticWebAssetsInputsDependsOn)="
       C:\Program Files\dotnet\sdk\10.0.101\Sdks\Microsoft.NET.Sdk.StaticWebAssets\targets\Microsoft.NET.Sdk.StaticWebAssets.ScopedCss.targets(55,3): message :     
       C:\Program Files\dotnet\sdk\10.0.101\Sdks\Microsoft.NET.Sdk.StaticWebAssets\targets\Microsoft.NET.Sdk.StaticWebAssets.ScopedCss.targets(55,3): message :       ResolveCoreStaticWebAssets;
       C:\Program Files\dotnet\sdk\10.0.101\Sdks\Microsoft.NET.Sdk.StaticWebAssets\targets\Microsoft.NET.Sdk.StaticWebAssets.ScopedCss.targets(55,3): message :       GenerateComputedBuildStaticWebAssets;
       C:\Program Files\dotnet\sdk\10.0.101\Sdks\Microsoft.NET.Sdk.StaticWebAssets\targets\Microsoft.NET.Sdk.StaticWebAssets.ScopedCss.targets(55,3): message :       
       C:\Program Files\dotnet\sdk\10.0.101\Sdks\Microsoft.NET.Sdk.StaticWebAssets\targets\Microsoft.NET.Sdk.StaticWebAssets.ScopedCss.targets(55,3): message :     ;
       C:\Program Files\dotnet\sdk\10.0.101\Sdks\Microsoft.NET.Sdk.StaticWebAssets\targets\Microsoft.NET.Sdk.StaticWebAssets.ScopedCss.targets(55,3): message :     ResolveScopedCssAssets;
       C:\Program Files\dotnet\sdk\10.0.101\Sdks\Microsoft.NET.Sdk.StaticWebAssets\targets\Microsoft.NET.Sdk.StaticWebAssets.ScopedCss.targets(55,3): message :   " (previous value: "
       C:\Program Files\dotnet\sdk\10.0.101\Sdks\Microsoft.NET.Sdk.StaticWebAssets\targets\Microsoft.NET.Sdk.StaticWebAssets.ScopedCss.targets(55,3): message :       ResolveCoreStaticWebAssets;
       C:\Program Files\dotnet\sdk\10.0.101\Sdks\Microsoft.NET.Sdk.StaticWebAssets\targets\Microsoft.NET.Sdk.StaticWebAssets.ScopedCss.targets(55,3): message :       GenerateComputedBuildStaticWebAssets;
       C:\Program Files\dotnet\sdk\10.0.101\Sdks\Microsoft.NET.Sdk.StaticWebAssets\targets\Microsoft.NET.Sdk.StaticWebAssets.ScopedCss.targets(55,3): message :       
       C:\Program Files\dotnet\sdk\10.0.101\Sdks\Microsoft.NET.Sdk.StaticWebAssets\targets\Microsoft.NET.Sdk.StaticWebAssets.ScopedCss.targets(55,3): message :     ") at C:\Program Files\dotnet\sdk\10.0.101\Sdks\Microsoft.NET.Sdk.StaticWebAssets\targets\Microsoft.NET.Sdk.StaticWebAssets.ScopedCss.targets (55,3)
       C:\Program Files\dotnet\sdk\10.0.101\Sdks\Microsoft.NET.Sdk.StaticWebAssets\targets\Microsoft.NET.Sdk.StaticWebAssets.ScopedCss.targets(88,3): message : Property reassignment: $(GenerateComputedBuildStaticWebAssetsDependsOn)="
       C:\Program Files\dotnet\sdk\10.0.101\Sdks\Microsoft.NET.Sdk.StaticWebAssets\targets\Microsoft.NET.Sdk.StaticWebAssets.ScopedCss.targets(88,3): message :     ResolveCoreStaticWebAssets;;
       C:\Program Files\dotnet\sdk\10.0.101\Sdks\Microsoft.NET.Sdk.StaticWebAssets\targets\Microsoft.NET.Sdk.StaticWebAssets.ScopedCss.targets(88,3): message :     BundleScopedCssFiles;
       C:\Program Files\dotnet\sdk\10.0.101\Sdks\Microsoft.NET.Sdk.StaticWebAssets\targets\Microsoft.NET.Sdk.StaticWebAssets.ScopedCss.targets(88,3): message :   " (previous value: "ResolveCoreStaticWebAssets;") at C:\Program Files\dotnet\sdk\10.0.101\Sdks\Microsoft.NET.Sdk.StaticWebAssets\targets\Microsoft.NET.Sdk.StaticWebAssets.ScopedCss.targets (88,3)
       C:\Program Files\dotnet\sdk\10.0.101\Sdks\Microsoft.NET.Sdk.StaticWebAssets\targets\Microsoft.NET.Sdk.StaticWebAssets.JSModules.targets(37,5): message : Property reassignment: $(ResolveCoreStaticWebAssetsDependsOn)="
       C:\Program Files\dotnet\sdk\10.0.101\Sdks\Microsoft.NET.Sdk.StaticWebAssets\targets\Microsoft.NET.Sdk.StaticWebAssets.JSModules.targets(37,5): message :       
       C:\Program Files\dotnet\sdk\10.0.101\Sdks\Microsoft.NET.Sdk.StaticWebAssets\targets\Microsoft.NET.Sdk.StaticWebAssets.JSModules.targets(37,5): message :       UpdateExistingPackageStaticWebAssets;
       C:\Program Files\dotnet\sdk\10.0.101\Sdks\Microsoft.NET.Sdk.StaticWebAssets\targets\Microsoft.NET.Sdk.StaticWebAssets.JSModules.targets(37,5): message :       ResolveProjectStaticWebAssets;
       C:\Program Files\dotnet\sdk\10.0.101\Sdks\Microsoft.NET.Sdk.StaticWebAssets\targets\Microsoft.NET.Sdk.StaticWebAssets.JSModules.targets(37,5): message :       ResolveEmbeddedProjectsStaticWebAssets;
       C:\Program Files\dotnet\sdk\10.0.101\Sdks\Microsoft.NET.Sdk.StaticWebAssets\targets\Microsoft.NET.Sdk.StaticWebAssets.JSModules.targets(37,5): message :       ResolveReferencedProjectsStaticWebAssets;
       C:\Program Files\dotnet\sdk\10.0.101\Sdks\Microsoft.NET.Sdk.StaticWebAssets\targets\Microsoft.NET.Sdk.StaticWebAssets.JSModules.targets(37,5): message :       ;
       C:\Program Files\dotnet\sdk\10.0.101\Sdks\Microsoft.NET.Sdk.StaticWebAssets\targets\Microsoft.NET.Sdk.StaticWebAssets.JSModules.targets(37,5): message :     ;
       C:\Program Files\dotnet\sdk\10.0.101\Sdks\Microsoft.NET.Sdk.StaticWebAssets\targets\Microsoft.NET.Sdk.StaticWebAssets.JSModules.targets(37,5): message :       ResolveJsInitializerModuleStaticWebAssets;
       C:\Program Files\dotnet\sdk\10.0.101\Sdks\Microsoft.NET.Sdk.StaticWebAssets\targets\Microsoft.NET.Sdk.StaticWebAssets.JSModules.targets(37,5): message :     " (previous value: "
       C:\Program Files\dotnet\sdk\10.0.101\Sdks\Microsoft.NET.Sdk.StaticWebAssets\targets\Microsoft.NET.Sdk.StaticWebAssets.JSModules.targets(37,5): message :       UpdateExistingPackageStaticWebAssets;
       C:\Program Files\dotnet\sdk\10.0.101\Sdks\Microsoft.NET.Sdk.StaticWebAssets\targets\Microsoft.NET.Sdk.StaticWebAssets.JSModules.targets(37,5): message :       ResolveProjectStaticWebAssets;
       C:\Program Files\dotnet\sdk\10.0.101\Sdks\Microsoft.NET.Sdk.StaticWebAssets\targets\Microsoft.NET.Sdk.StaticWebAssets.JSModules.targets(37,5): message :       ResolveEmbeddedProjectsStaticWebAssets;
       C:\Program Files\dotnet\sdk\10.0.101\Sdks\Microsoft.NET.Sdk.StaticWebAssets\targets\Microsoft.NET.Sdk.StaticWebAssets.JSModules.targets(37,5): message :       ResolveReferencedProjectsStaticWebAssets;
       C:\Program Files\dotnet\sdk\10.0.101\Sdks\Microsoft.NET.Sdk.StaticWebAssets\targets\Microsoft.NET.Sdk.StaticWebAssets.JSModules.targets(37,5): message :       ;
       C:\Program Files\dotnet\sdk\10.0.101\Sdks\Microsoft.NET.Sdk.StaticWebAssets\targets\Microsoft.NET.Sdk.StaticWebAssets.JSModules.targets(37,5): message :     ") at C:\Program Files\dotnet\sdk\10.0.101\Sdks\Microsoft.NET.Sdk.StaticWebAssets\targets\Microsoft.NET.Sdk.StaticWebAssets.JSModules.targets (37,5)
       C:\Program Files\dotnet\sdk\10.0.101\Sdks\Microsoft.NET.Sdk.StaticWebAssets\targets\Microsoft.NET.Sdk.StaticWebAssets.JSModules.targets(42,5): message : Property reassignment: $(ResolveCoreStaticWebAssetsDependsOn)="
       C:\Program Files\dotnet\sdk\10.0.101\Sdks\Microsoft.NET.Sdk.StaticWebAssets\targets\Microsoft.NET.Sdk.StaticWebAssets.JSModules.targets(42,5): message :       
       C:\Program Files\dotnet\sdk\10.0.101\Sdks\Microsoft.NET.Sdk.StaticWebAssets\targets\Microsoft.NET.Sdk.StaticWebAssets.JSModules.targets(42,5): message :       
       C:\Program Files\dotnet\sdk\10.0.101\Sdks\Microsoft.NET.Sdk.StaticWebAssets\targets\Microsoft.NET.Sdk.StaticWebAssets.JSModules.targets(42,5): message :       UpdateExistingPackageStaticWebAssets;
       C:\Program Files\dotnet\sdk\10.0.101\Sdks\Microsoft.NET.Sdk.StaticWebAssets\targets\Microsoft.NET.Sdk.StaticWebAssets.JSModules.targets(42,5): message :       ResolveProjectStaticWebAssets;
       C:\Program Files\dotnet\sdk\10.0.101\Sdks\Microsoft.NET.Sdk.StaticWebAssets\targets\Microsoft.NET.Sdk.StaticWebAssets.JSModules.targets(42,5): message :       ResolveEmbeddedProjectsStaticWebAssets;
       C:\Program Files\dotnet\sdk\10.0.101\Sdks\Microsoft.NET.Sdk.StaticWebAssets\targets\Microsoft.NET.Sdk.StaticWebAssets.JSModules.targets(42,5): message :       ResolveReferencedProjectsStaticWebAssets;
       C:\Program Files\dotnet\sdk\10.0.101\Sdks\Microsoft.NET.Sdk.StaticWebAssets\targets\Microsoft.NET.Sdk.StaticWebAssets.JSModules.targets(42,5): message :       ;
       C:\Program Files\dotnet\sdk\10.0.101\Sdks\Microsoft.NET.Sdk.StaticWebAssets\targets\Microsoft.NET.Sdk.StaticWebAssets.JSModules.targets(42,5): message :     ;
       C:\Program Files\dotnet\sdk\10.0.101\Sdks\Microsoft.NET.Sdk.StaticWebAssets\targets\Microsoft.NET.Sdk.StaticWebAssets.JSModules.targets(42,5): message :       ResolveJsInitializerModuleStaticWebAssets;
       C:\Program Files\dotnet\sdk\10.0.101\Sdks\Microsoft.NET.Sdk.StaticWebAssets\targets\Microsoft.NET.Sdk.StaticWebAssets.JSModules.targets(42,5): message :     ;
       C:\Program Files\dotnet\sdk\10.0.101\Sdks\Microsoft.NET.Sdk.StaticWebAssets\targets\Microsoft.NET.Sdk.StaticWebAssets.JSModules.targets(42,5): message :       ResolveJSModuleStaticWebAssets;
       C:\Program Files\dotnet\sdk\10.0.101\Sdks\Microsoft.NET.Sdk.StaticWebAssets\targets\Microsoft.NET.Sdk.StaticWebAssets.JSModules.targets(42,5): message :     " (previous value: "
       C:\Program Files\dotnet\sdk\10.0.101\Sdks\Microsoft.NET.Sdk.StaticWebAssets\targets\Microsoft.NET.Sdk.StaticWebAssets.JSModules.targets(42,5): message :       
       C:\Program Files\dotnet\sdk\10.0.101\Sdks\Microsoft.NET.Sdk.StaticWebAssets\targets\Microsoft.NET.Sdk.StaticWebAssets.JSModules.targets(42,5): message :       UpdateExistingPackageStaticWebAssets;
       C:\Program Files\dotnet\sdk\10.0.101\Sdks\Microsoft.NET.Sdk.StaticWebAssets\targets\Microsoft.NET.Sdk.StaticWebAssets.JSModules.targets(42,5): message :       ResolveProjectStaticWebAssets;
       C:\Program Files\dotnet\sdk\10.0.101\Sdks\Microsoft.NET.Sdk.StaticWebAssets\targets\Microsoft.NET.Sdk.StaticWebAssets.JSModules.targets(42,5): message :       ResolveEmbeddedProjectsStaticWebAssets;
       C:\Program Files\dotnet\sdk\10.0.101\Sdks\Microsoft.NET.Sdk.StaticWebAssets\targets\Microsoft.NET.Sdk.StaticWebAssets.JSModules.targets(42,5): message :       ResolveReferencedProjectsStaticWebAssets;
       C:\Program Files\dotnet\sdk\10.0.101\Sdks\Microsoft.NET.Sdk.StaticWebAssets\targets\Microsoft.NET.Sdk.StaticWebAssets.JSModules.targets(42,5): message :       ;
       C:\Program Files\dotnet\sdk\10.0.101\Sdks\Microsoft.NET.Sdk.StaticWebAssets\targets\Microsoft.NET.Sdk.StaticWebAssets.JSModules.targets(42,5): message :     ;
       C:\Program Files\dotnet\sdk\10.0.101\Sdks\Microsoft.NET.Sdk.StaticWebAssets\targets\Microsoft.NET.Sdk.StaticWebAssets.JSModules.targets(42,5): message :       ResolveJsInitializerModuleStaticWebAssets;
       C:\Program Files\dotnet\sdk\10.0.101\Sdks\Microsoft.NET.Sdk.StaticWebAssets\targets\Microsoft.NET.Sdk.StaticWebAssets.JSModules.targets(42,5): message :     ") at C:\Program Files\dotnet\sdk\10.0.101\Sdks\Microsoft.NET.Sdk.StaticWebAssets\targets\Microsoft.NET.Sdk.StaticWebAssets.JSModules.targets (42,5)
       C:\Program Files\dotnet\sdk\10.0.101\Sdks\Microsoft.NET.Sdk.StaticWebAssets\targets\Microsoft.NET.Sdk.StaticWebAssets.JSModules.targets(57,5): message : Property reassignment: $(ResolveStaticWebAssetsInputsDependsOn)="
       C:\Program Files\dotnet\sdk\10.0.101\Sdks\Microsoft.NET.Sdk.StaticWebAssets\targets\Microsoft.NET.Sdk.StaticWebAssets.JSModules.targets(57,5): message :       ResolveJSModuleManifestBuildStaticWebAssets;
       C:\Program Files\dotnet\sdk\10.0.101\Sdks\Microsoft.NET.Sdk.StaticWebAssets\targets\Microsoft.NET.Sdk.StaticWebAssets.JSModules.targets(57,5): message :       
       C:\Program Files\dotnet\sdk\10.0.101\Sdks\Microsoft.NET.Sdk.StaticWebAssets\targets\Microsoft.NET.Sdk.StaticWebAssets.JSModules.targets(57,5): message :     
       C:\Program Files\dotnet\sdk\10.0.101\Sdks\Microsoft.NET.Sdk.StaticWebAssets\targets\Microsoft.NET.Sdk.StaticWebAssets.JSModules.targets(57,5): message :       ResolveCoreStaticWebAssets;
       C:\Program Files\dotnet\sdk\10.0.101\Sdks\Microsoft.NET.Sdk.StaticWebAssets\targets\Microsoft.NET.Sdk.StaticWebAssets.JSModules.targets(57,5): message :       GenerateComputedBuildStaticWebAssets;
       C:\Program Files\dotnet\sdk\10.0.101\Sdks\Microsoft.NET.Sdk.StaticWebAssets\targets\Microsoft.NET.Sdk.StaticWebAssets.JSModules.targets(57,5): message :       
       C:\Program Files\dotnet\sdk\10.0.101\Sdks\Microsoft.NET.Sdk.StaticWebAssets\targets\Microsoft.NET.Sdk.StaticWebAssets.JSModules.targets(57,5): message :     ;
       C:\Program Files\dotnet\sdk\10.0.101\Sdks\Microsoft.NET.Sdk.StaticWebAssets\targets\Microsoft.NET.Sdk.StaticWebAssets.JSModules.targets(57,5): message :     ResolveScopedCssAssets;
       C:\Program Files\dotnet\sdk\10.0.101\Sdks\Microsoft.NET.Sdk.StaticWebAssets\targets\Microsoft.NET.Sdk.StaticWebAssets.JSModules.targets(57,5): message :   
       C:\Program Files\dotnet\sdk\10.0.101\Sdks\Microsoft.NET.Sdk.StaticWebAssets\targets\Microsoft.NET.Sdk.StaticWebAssets.JSModules.targets(57,5): message :     " (previous value: "
       C:\Program Files\dotnet\sdk\10.0.101\Sdks\Microsoft.NET.Sdk.StaticWebAssets\targets\Microsoft.NET.Sdk.StaticWebAssets.JSModules.targets(57,5): message :     
       C:\Program Files\dotnet\sdk\10.0.101\Sdks\Microsoft.NET.Sdk.StaticWebAssets\targets\Microsoft.NET.Sdk.StaticWebAssets.JSModules.targets(57,5): message :       ResolveCoreStaticWebAssets;
       C:\Program Files\dotnet\sdk\10.0.101\Sdks\Microsoft.NET.Sdk.StaticWebAssets\targets\Microsoft.NET.Sdk.StaticWebAssets.JSModules.targets(57,5): message :       GenerateComputedBuildStaticWebAssets;
       C:\Program Files\dotnet\sdk\10.0.101\Sdks\Microsoft.NET.Sdk.StaticWebAssets\targets\Microsoft.NET.Sdk.StaticWebAssets.JSModules.targets(57,5): message :       
       C:\Program Files\dotnet\sdk\10.0.101\Sdks\Microsoft.NET.Sdk.StaticWebAssets\targets\Microsoft.NET.Sdk.StaticWebAssets.JSModules.targets(57,5): message :     ;
       C:\Program Files\dotnet\sdk\10.0.101\Sdks\Microsoft.NET.Sdk.StaticWebAssets\targets\Microsoft.NET.Sdk.StaticWebAssets.JSModules.targets(57,5): message :     ResolveScopedCssAssets;
       C:\Program Files\dotnet\sdk\10.0.101\Sdks\Microsoft.NET.Sdk.StaticWebAssets\targets\Microsoft.NET.Sdk.StaticWebAssets.JSModules.targets(57,5): message :   ") at C:\Program Files\dotnet\sdk\10.0.101\Sdks\Microsoft.NET.Sdk.StaticWebAssets\targets\Microsoft.NET.Sdk.StaticWebAssets.JSModules.targets (57,5)
       C:\Program Files\dotnet\sdk\10.0.101\Sdks\Microsoft.NET.Sdk.StaticWebAssets\targets\Microsoft.NET.Sdk.StaticWebAssets.JSModules.targets(76,5): message : Property reassignment: $(ResolvePublishStaticWebAssetsDependsOn)="
       C:\Program Files\dotnet\sdk\10.0.101\Sdks\Microsoft.NET.Sdk.StaticWebAssets\targets\Microsoft.NET.Sdk.StaticWebAssets.JSModules.targets(76,5): message :       ResolveJSModuleManifestPublishStaticWebAssets;
       C:\Program Files\dotnet\sdk\10.0.101\Sdks\Microsoft.NET.Sdk.StaticWebAssets\targets\Microsoft.NET.Sdk.StaticWebAssets.JSModules.targets(76,5): message :       
       C:\Program Files\dotnet\sdk\10.0.101\Sdks\Microsoft.NET.Sdk.StaticWebAssets\targets\Microsoft.NET.Sdk.StaticWebAssets.JSModules.targets(76,5): message :       ResolveCorePublishStaticWebAssets;
       C:\Program Files\dotnet\sdk\10.0.101\Sdks\Microsoft.NET.Sdk.StaticWebAssets\targets\Microsoft.NET.Sdk.StaticWebAssets.JSModules.targets(76,5): message :       GenerateComputedPublishStaticWebAssets;
       C:\Program Files\dotnet\sdk\10.0.101\Sdks\Microsoft.NET.Sdk.StaticWebAssets\targets\Microsoft.NET.Sdk.StaticWebAssets.JSModules.targets(76,5): message :       ;
       C:\Program Files\dotnet\sdk\10.0.101\Sdks\Microsoft.NET.Sdk.StaticWebAssets\targets\Microsoft.NET.Sdk.StaticWebAssets.JSModules.targets(76,5): message :     
       C:\Program Files\dotnet\sdk\10.0.101\Sdks\Microsoft.NET.Sdk.StaticWebAssets\targets\Microsoft.NET.Sdk.StaticWebAssets.JSModules.targets(76,5): message :     " (previous value: "
       C:\Program Files\dotnet\sdk\10.0.101\Sdks\Microsoft.NET.Sdk.StaticWebAssets\targets\Microsoft.NET.Sdk.StaticWebAssets.JSModules.targets(76,5): message :       ResolveCorePublishStaticWebAssets;
       C:\Program Files\dotnet\sdk\10.0.101\Sdks\Microsoft.NET.Sdk.StaticWebAssets\targets\Microsoft.NET.Sdk.StaticWebAssets.JSModules.targets(76,5): message :       GenerateComputedPublishStaticWebAssets;
       C:\Program Files\dotnet\sdk\10.0.101\Sdks\Microsoft.NET.Sdk.StaticWebAssets\targets\Microsoft.NET.Sdk.StaticWebAssets.JSModules.targets(76,5): message :       ;
       C:\Program Files\dotnet\sdk\10.0.101\Sdks\Microsoft.NET.Sdk.StaticWebAssets\targets\Microsoft.NET.Sdk.StaticWebAssets.JSModules.targets(76,5): message :     ") at C:\Program Files\dotnet\sdk\10.0.101\Sdks\Microsoft.NET.Sdk.StaticWebAssets\targets\Microsoft.NET.Sdk.StaticWebAssets.JSModules.targets (76,5)
       C:\Program Files\dotnet\sdk\10.0.101\Sdks\Microsoft.NET.Sdk.StaticWebAssets\targets\Microsoft.NET.Sdk.StaticWebAssets.Compression.targets(185,5): message : Property reassignment: $(ResolveBuildRelatedStaticWebAssetsDependsOn)="
       C:\Program Files\dotnet\sdk\10.0.101\Sdks\Microsoft.NET.Sdk.StaticWebAssets\targets\Microsoft.NET.Sdk.StaticWebAssets.Compression.targets(185,5): message :       ResolveBuildCompressedStaticWebAssets;
       C:\Program Files\dotnet\sdk\10.0.101\Sdks\Microsoft.NET.Sdk.StaticWebAssets\targets\Microsoft.NET.Sdk.StaticWebAssets.Compression.targets(185,5): message :       
       C:\Program Files\dotnet\sdk\10.0.101\Sdks\Microsoft.NET.Sdk.StaticWebAssets\targets\Microsoft.NET.Sdk.StaticWebAssets.Compression.targets(185,5): message :       ResolveStaticWebAssetsInputs;
       C:\Program Files\dotnet\sdk\10.0.101\Sdks\Microsoft.NET.Sdk.StaticWebAssets\targets\Microsoft.NET.Sdk.StaticWebAssets.Compression.targets(185,5): message :       
       C:\Program Files\dotnet\sdk\10.0.101\Sdks\Microsoft.NET.Sdk.StaticWebAssets\targets\Microsoft.NET.Sdk.StaticWebAssets.Compression.targets(185,5): message :     
       C:\Program Files\dotnet\sdk\10.0.101\Sdks\Microsoft.NET.Sdk.StaticWebAssets\targets\Microsoft.NET.Sdk.StaticWebAssets.Compression.targets(185,5): message :     " (previous value: "
       C:\Program Files\dotnet\sdk\10.0.101\Sdks\Microsoft.NET.Sdk.StaticWebAssets\targets\Microsoft.NET.Sdk.StaticWebAssets.Compression.targets(185,5): message :       ResolveStaticWebAssetsInputs;
       C:\Program Files\dotnet\sdk\10.0.101\Sdks\Microsoft.NET.Sdk.StaticWebAssets\targets\Microsoft.NET.Sdk.StaticWebAssets.Compression.targets(185,5): message :       
       C:\Program Files\dotnet\sdk\10.0.101\Sdks\Microsoft.NET.Sdk.StaticWebAssets\targets\Microsoft.NET.Sdk.StaticWebAssets.Compression.targets(185,5): message :     ") at C:\Program Files\dotnet\sdk\10.0.101\Sdks\Microsoft.NET.Sdk.StaticWebAssets\targets\Microsoft.NET.Sdk.StaticWebAssets.Compression.targets (185,5)
       C:\Program Files\dotnet\sdk\10.0.101\Sdks\Microsoft.NET.Sdk.StaticWebAssets\targets\Microsoft.NET.Sdk.StaticWebAssets.Compression.targets(204,5): message : Property reassignment: $(ResolvePublishRelatedStaticWebAssetsDependsOn)="
       C:\Program Files\dotnet\sdk\10.0.101\Sdks\Microsoft.NET.Sdk.StaticWebAssets\targets\Microsoft.NET.Sdk.StaticWebAssets.Compression.targets(204,5): message :       ResolvePublishCompressedStaticWebAssets;
       C:\Program Files\dotnet\sdk\10.0.101\Sdks\Microsoft.NET.Sdk.StaticWebAssets\targets\Microsoft.NET.Sdk.StaticWebAssets.Compression.targets(204,5): message :       
       C:\Program Files\dotnet\sdk\10.0.101\Sdks\Microsoft.NET.Sdk.StaticWebAssets\targets\Microsoft.NET.Sdk.StaticWebAssets.Compression.targets(204,5): message :     " (previous value: "") at C:\Program Files\dotnet\sdk\10.0.101\Sdks\Microsoft.NET.Sdk.StaticWebAssets\targets\Microsoft.NET.Sdk.StaticWebAssets.Compression.targets (204,5)
       C:\Program Files\dotnet\sdk\10.0.101\Sdks\Microsoft.NET.Sdk.Razor\targets\Sdk.Razor.CurrentVersion.targets(220,5): message : Property reassignment: $(DebugSymbolsProjectOutputGroupDependsOn)="
       C:\Program Files\dotnet\sdk\10.0.101\Sdks\Microsoft.NET.Sdk.Razor\targets\Sdk.Razor.CurrentVersion.targets(220,5): message :       ;
       C:\Program Files\dotnet\sdk\10.0.101\Sdks\Microsoft.NET.Sdk.Razor\targets\Sdk.Razor.CurrentVersion.targets(220,5): message :       _RazorAddDebugSymbolsProjectOutputGroupOutput
       C:\Program Files\dotnet\sdk\10.0.101\Sdks\Microsoft.NET.Sdk.Razor\targets\Sdk.Razor.CurrentVersion.targets(220,5): message :     " (previous value: "") at C:\Program Files\dotnet\sdk\10.0.101\Sdks\Microsoft.NET.Sdk.Razor\targets\Sdk.Razor.CurrentVersion.targets (220,5)
       C:\Program Files\dotnet\sdk\10.0.101\Sdks\Microsoft.NET.Sdk.Razor\targets\Sdk.Razor.CurrentVersion.targets(225,5): message : Property reassignment: $(PrepareForBuildDependsOn)="
       C:\Program Files\dotnet\sdk\10.0.101\Sdks\Microsoft.NET.Sdk.Razor\targets\Sdk.Razor.CurrentVersion.targets(225,5): message :       ;GetFrameworkPaths;GetReferenceAssemblyPaths;AssignLinkMetadata;
       C:\Program Files\dotnet\sdk\10.0.101\Sdks\Microsoft.NET.Sdk.Razor\targets\Sdk.Razor.CurrentVersion.targets(225,5): message :       ResolveRazorGenerateInputs
       C:\Program Files\dotnet\sdk\10.0.101\Sdks\Microsoft.NET.Sdk.Razor\targets\Sdk.Razor.CurrentVersion.targets(225,5): message :     " (previous value: ";GetFrameworkPaths;GetReferenceAssemblyPaths;AssignLinkMetadata") at C:\Program Files\dotnet\sdk\10.0.101\Sdks\Microsoft.NET.Sdk.Razor\targets\Sdk.Razor.CurrentVersion.targets (225,5)
       C:\Program Files\dotnet\sdk\10.0.101\Sdks\Microsoft.NET.Sdk.Razor\targets\Sdk.Razor.CurrentVersion.targets(230,5): message : Property reassignment: $(GenerateNuspecDependsOn)="
       C:\Program Files\dotnet\sdk\10.0.101\Sdks\Microsoft.NET.Sdk.Razor\targets\Sdk.Razor.CurrentVersion.targets(230,5): message :       ResolveRazorGenerateInputs;
       C:\Program Files\dotnet\sdk\10.0.101\Sdks\Microsoft.NET.Sdk.Razor\targets\Sdk.Razor.CurrentVersion.targets(230,5): message :       
       C:\Program Files\dotnet\sdk\10.0.101\Sdks\Microsoft.NET.Sdk.Razor\targets\Sdk.Razor.CurrentVersion.targets(230,5): message :       IncludeStaticWebAssetsPackItems;
       C:\Program Files\dotnet\sdk\10.0.101\Sdks\Microsoft.NET.Sdk.Razor\targets\Sdk.Razor.CurrentVersion.targets(230,5): message :       Build;_LoadPackInputItems; _GetTargetFrameworksOutput; _WalkEachTargetPerFramework; _GetPackageFiles; ;
       C:\Program Files\dotnet\sdk\10.0.101\Sdks\Microsoft.NET.Sdk.Razor\targets\Sdk.Razor.CurrentVersion.targets(230,5): message :     
       C:\Program Files\dotnet\sdk\10.0.101\Sdks\Microsoft.NET.Sdk.Razor\targets\Sdk.Razor.CurrentVersion.targets(230,5): message :     " (previous value: "
       C:\Program Files\dotnet\sdk\10.0.101\Sdks\Microsoft.NET.Sdk.Razor\targets\Sdk.Razor.CurrentVersion.targets(230,5): message :       IncludeStaticWebAssetsPackItems;
       C:\Program Files\dotnet\sdk\10.0.101\Sdks\Microsoft.NET.Sdk.Razor\targets\Sdk.Razor.CurrentVersion.targets(230,5): message :       Build;_LoadPackInputItems; _GetTargetFrameworksOutput; _WalkEachTargetPerFramework; _GetPackageFiles; ;
       C:\Program Files\dotnet\sdk\10.0.101\Sdks\Microsoft.NET.Sdk.Razor\targets\Sdk.Razor.CurrentVersion.targets(230,5): message :     ") at C:\Program Files\dotnet\sdk\10.0.101\Sdks\Microsoft.NET.Sdk.Razor\targets\Sdk.Razor.CurrentVersion.targets (230,5)
       C:\Program Files\dotnet\sdk\10.0.101\Sdks\Microsoft.NET.Sdk.Razor\targets\Sdk.Razor.CurrentVersion.targets(235,5): message : Property reassignment: $(PrepareForRunDependsOn)="
       C:\Program Files\dotnet\sdk\10.0.101\Sdks\Microsoft.NET.Sdk.Razor\targets\Sdk.Razor.CurrentVersion.targets(235,5): message :       _RazorPrepareForRun;
       C:\Program Files\dotnet\sdk\10.0.101\Sdks\Microsoft.NET.Sdk.Razor\targets\Sdk.Razor.CurrentVersion.targets(235,5): message :       StaticWebAssetsPrepareForRun;
       C:\Program Files\dotnet\sdk\10.0.101\Sdks\Microsoft.NET.Sdk.Razor\targets\Sdk.Razor.CurrentVersion.targets(235,5): message :       CopyFilesToOutputDirectory
       C:\Program Files\dotnet\sdk\10.0.101\Sdks\Microsoft.NET.Sdk.Razor\targets\Sdk.Razor.CurrentVersion.targets(235,5): message :     
       C:\Program Files\dotnet\sdk\10.0.101\Sdks\Microsoft.NET.Sdk.Razor\targets\Sdk.Razor.CurrentVersion.targets(235,5): message :     " (previous value: "StaticWebAssetsPrepareForRun;
       C:\Program Files\dotnet\sdk\10.0.101\Sdks\Microsoft.NET.Sdk.Razor\targets\Sdk.Razor.CurrentVersion.targets(235,5): message :       CopyFilesToOutputDirectory
       C:\Program Files\dotnet\sdk\10.0.101\Sdks\Microsoft.NET.Sdk.Razor\targets\Sdk.Razor.CurrentVersion.targets(235,5): message :     ") at C:\Program Files\dotnet\sdk\10.0.101\Sdks\Microsoft.NET.Sdk.Razor\targets\Sdk.Razor.CurrentVersion.targets (235,5)
       C:\Program Files\dotnet\sdk\10.0.101\Sdks\Microsoft.NET.Sdk.Razor\targets\Sdk.Razor.CurrentVersion.targets(326,5): message : Property reassignment: $(UseRazorBuildServer)="true" (previous value: "") at C:\Program Files\dotnet\sdk\10.0.101\Sdks\Microsoft.NET.Sdk.Razor\targets\Sdk.Razor.CurrentVersion.targets (326,5)
       C:\Program Files\dotnet\sdk\10.0.101\Sdks\Microsoft.NET.Sdk.Razor\targets\Sdk.Razor.CurrentVersion.targets(332,5): message : Property reassignment: $(_RazorDebugSymbolsProduced)="true" (previous value: "false") at C:\Program Files\dotnet\sdk\10.0.101\Sdks\Microsoft.NET.Sdk.Razor\targets\Sdk.Razor.CurrentVersion.targets (332,5)
       C:\Program Files\dotnet\sdk\10.0.101\Sdks\Microsoft.NET.Sdk.Razor\targets\Microsoft.NET.Sdk.Razor.GenerateAssemblyInfo.targets(36,5): message : Property reassignment: $(GenerateRazorTargetAssemblyInfoDependsOn)="
       C:\Program Files\dotnet\sdk\10.0.101\Sdks\Microsoft.NET.Sdk.Razor\targets\Microsoft.NET.Sdk.Razor.GenerateAssemblyInfo.targets(36,5): message :       _ResolveMvcAssemblyAttributes;
       C:\Program Files\dotnet\sdk\10.0.101\Sdks\Microsoft.NET.Sdk.Razor\targets\Microsoft.NET.Sdk.Razor.GenerateAssemblyInfo.targets(36,5): message :       
       C:\Program Files\dotnet\sdk\10.0.101\Sdks\Microsoft.NET.Sdk.Razor\targets\Microsoft.NET.Sdk.Razor.GenerateAssemblyInfo.targets(36,5): message :       GetRazorTargetAssemblyAttributes;
       C:\Program Files\dotnet\sdk\10.0.101\Sdks\Microsoft.NET.Sdk.Razor\targets\Microsoft.NET.Sdk.Razor.GenerateAssemblyInfo.targets(36,5): message :       _CreateRazorTargetAssemblyInfoInputsCacheFile;
       C:\Program Files\dotnet\sdk\10.0.101\Sdks\Microsoft.NET.Sdk.Razor\targets\Microsoft.NET.Sdk.Razor.GenerateAssemblyInfo.targets(36,5): message :       CoreGenerateRazorTargetAssemblyInfo
       C:\Program Files\dotnet\sdk\10.0.101\Sdks\Microsoft.NET.Sdk.Razor\targets\Microsoft.NET.Sdk.Razor.GenerateAssemblyInfo.targets(36,5): message :     
       C:\Program Files\dotnet\sdk\10.0.101\Sdks\Microsoft.NET.Sdk.Razor\targets\Microsoft.NET.Sdk.Razor.GenerateAssemblyInfo.targets(36,5): message :     " (previous value: "
       C:\Program Files\dotnet\sdk\10.0.101\Sdks\Microsoft.NET.Sdk.Razor\targets\Microsoft.NET.Sdk.Razor.GenerateAssemblyInfo.targets(36,5): message :       GetRazorTargetAssemblyAttributes;
       C:\Program Files\dotnet\sdk\10.0.101\Sdks\Microsoft.NET.Sdk.Razor\targets\Microsoft.NET.Sdk.Razor.GenerateAssemblyInfo.targets(36,5): message :       _CreateRazorTargetAssemblyInfoInputsCacheFile;
       C:\Program Files\dotnet\sdk\10.0.101\Sdks\Microsoft.NET.Sdk.Razor\targets\Microsoft.NET.Sdk.Razor.GenerateAssemblyInfo.targets(36,5): message :       CoreGenerateRazorTargetAssemblyInfo
       C:\Program Files\dotnet\sdk\10.0.101\Sdks\Microsoft.NET.Sdk.Razor\targets\Microsoft.NET.Sdk.Razor.GenerateAssemblyInfo.targets(36,5): message :     ") at C:\Program Files\dotnet\sdk\10.0.101\Sdks\Microsoft.NET.Sdk.Razor\targets\Microsoft.NET.Sdk.Razor.GenerateAssemblyInfo.targets (36,5)
       C:\Program Files\dotnet\sdk\10.0.101\Sdks\Microsoft.NET.Sdk.Razor\targets\Microsoft.NET.Sdk.Razor.GenerateAssemblyInfo.targets(181,5): message : Property reassignment: $(CoreCompileDependsOn)="
       C:\Program Files\dotnet\sdk\10.0.101\Sdks\Microsoft.NET.Sdk.Razor\targets\Microsoft.NET.Sdk.Razor.GenerateAssemblyInfo.targets(181,5): message :       ;_ComputeNonExistentFileProperty;ResolveCodeAnalysisRuleSet;
       C:\Program Files\dotnet\sdk\10.0.101\Sdks\Microsoft.NET.Sdk.Razor\targets\Microsoft.NET.Sdk.Razor.GenerateAssemblyInfo.targets(181,5): message :       _GenerateRazorAssemblyInfo
       C:\Program Files\dotnet\sdk\10.0.101\Sdks\Microsoft.NET.Sdk.Razor\targets\Microsoft.NET.Sdk.Razor.GenerateAssemblyInfo.targets(181,5): message :     " (previous value: ";_ComputeNonExistentFileProperty;ResolveCodeAnalysisRuleSet") at C:\Program Files\dotnet\sdk\10.0.101\Sdks\Microsoft.NET.Sdk.Razor\targets\Microsoft.NET.Sdk.Razor.GenerateAssemblyInfo.targets (181,5)
       C:\Program Files\dotnet\sdk\10.0.101\Sdks\Microsoft.NET.Sdk.Razor\targets\Microsoft.NET.Sdk.Razor.GenerateAssemblyInfo.targets(189,5): message : Property reassignment: $(_GenerateRazorAssemblyInfoDependsOn)="
       C:\Program Files\dotnet\sdk\10.0.101\Sdks\Microsoft.NET.Sdk.Razor\targets\Microsoft.NET.Sdk.Razor.GenerateAssemblyInfo.targets(189,5): message :       _ResolveMvcAssemblyAttributes;
       C:\Program Files\dotnet\sdk\10.0.101\Sdks\Microsoft.NET.Sdk.Razor\targets\Microsoft.NET.Sdk.Razor.GenerateAssemblyInfo.targets(189,5): message :       RazorGetAssemblyAttributes;PrepareForBuild;_CoreGenerateRazorAssemblyInfo;
       C:\Program Files\dotnet\sdk\10.0.101\Sdks\Microsoft.NET.Sdk.Razor\targets\Microsoft.NET.Sdk.Razor.GenerateAssemblyInfo.targets(189,5): message :     " (previous value: "RazorGetAssemblyAttributes;PrepareForBuild;_CoreGenerateRazorAssemblyInfo") at C:\Program Files\dotnet\sdk\10.0.101\Sdks\Microsoft.NET.Sdk.Razor\targets\Microsoft.NET.Sdk.Razor.GenerateAssemblyInfo.targets (189,5)
       C:\Program Files\dotnet\sdk\10.0.101\Sdks\Microsoft.NET.Sdk.Razor\targets\Microsoft.NET.Sdk.Razor.MvcApplicationPartsDiscovery.targets(22,5): message : Property reassignment: $(CoreCompileDependsOn)="
       C:\Program Files\dotnet\sdk\10.0.101\Sdks\Microsoft.NET.Sdk.Razor\targets\Microsoft.NET.Sdk.Razor.MvcApplicationPartsDiscovery.targets(22,5): message :       _DiscoverMvcApplicationParts;
       C:\Program Files\dotnet\sdk\10.0.101\Sdks\Microsoft.NET.Sdk.Razor\targets\Microsoft.NET.Sdk.Razor.MvcApplicationPartsDiscovery.targets(22,5): message :       
       C:\Program Files\dotnet\sdk\10.0.101\Sdks\Microsoft.NET.Sdk.Razor\targets\Microsoft.NET.Sdk.Razor.MvcApplicationPartsDiscovery.targets(22,5): message :       ;_ComputeNonExistentFileProperty;ResolveCodeAnalysisRuleSet;
       C:\Program Files\dotnet\sdk\10.0.101\Sdks\Microsoft.NET.Sdk.Razor\targets\Microsoft.NET.Sdk.Razor.MvcApplicationPartsDiscovery.targets(22,5): message :       _GenerateRazorAssemblyInfo
       C:\Program Files\dotnet\sdk\10.0.101\Sdks\Microsoft.NET.Sdk.Razor\targets\Microsoft.NET.Sdk.Razor.MvcApplicationPartsDiscovery.targets(22,5): message :     ;
       C:\Program Files\dotnet\sdk\10.0.101\Sdks\Microsoft.NET.Sdk.Razor\targets\Microsoft.NET.Sdk.Razor.MvcApplicationPartsDiscovery.targets(22,5): message :     " (previous value: "
       C:\Program Files\dotnet\sdk\10.0.101\Sdks\Microsoft.NET.Sdk.Razor\targets\Microsoft.NET.Sdk.Razor.MvcApplicationPartsDiscovery.targets(22,5): message :       ;_ComputeNonExistentFileProperty;ResolveCodeAnalysisRuleSet;
       C:\Program Files\dotnet\sdk\10.0.101\Sdks\Microsoft.NET.Sdk.Razor\targets\Microsoft.NET.Sdk.Razor.MvcApplicationPartsDiscovery.targets(22,5): message :       _GenerateRazorAssemblyInfo
       C:\Program Files\dotnet\sdk\10.0.101\Sdks\Microsoft.NET.Sdk.Razor\targets\Microsoft.NET.Sdk.Razor.MvcApplicationPartsDiscovery.targets(22,5): message :     ") at C:\Program Files\dotnet\sdk\10.0.101\Sdks\Microsoft.NET.Sdk.Razor\targets\Microsoft.NET.Sdk.Razor.MvcApplicationPartsDiscovery.targets (22,5)
       C:\Program Files\dotnet\sdk\10.0.101\Sdks\Microsoft.NET.Sdk.Razor\targets\Sdk.Razor.CurrentVersion.targets(884,5): message : Property reassignment: $(RazorDesignTimeTargets)="C:\Program Files\dotnet\sdk\10.0.101\Sdks\Microsoft.NET.Sdk.Razor\targets\Microsoft.NET.Sdk.Razor.DesignTime.targets" (previous value: "C:\Program Files\dotnet\sdk\10.0.101\\Microsoft\VisualStudio\Razor\Microsoft.NET.Sdk.Razor.DesignTime.targets") at C:\Program Files\dotnet\sdk\10.0.101\Sdks\Microsoft.NET.Sdk.Razor\targets\Sdk.Razor.CurrentVersion.targets (884,5)
       C:\Program Files\dotnet\sdk\10.0.101\Sdks\Microsoft.NET.Sdk.Web.ProjectSystem\targets\Microsoft.NET.Sdk.Web.ProjectSystem.targets(21,5): message : Property reassignment: $(RunWorkingDirectory)="c:\krishna mini project\backend\InternalExamScrutinySystem.Api" (previous value: "") at C:\Program Files\dotnet\sdk\10.0.101\Sdks\Microsoft.NET.Sdk.Web.ProjectSystem\targets\Microsoft.NET.Sdk.Web.ProjectSystem.targets (21,5)
       C:\Program Files\dotnet\sdk\10.0.101\Sdks\Microsoft.NET.Sdk.Publish\targets\Microsoft.NET.Sdk.Publish.targets(60,5): message : Property reassignment: $(PublishProfileImported)="true" (previous value: "false") at C:\Program Files\dotnet\sdk\10.0.101\Sdks\Microsoft.NET.Sdk.Publish\targets\Microsoft.NET.Sdk.Publish.targets (60,5)
       C:\Program Files\dotnet\sdk\10.0.101\Sdks\Microsoft.NET.Sdk.Publish\targets\Microsoft.NET.Sdk.Publish.targets(81,5): message : Property reassignment: $(PublishConfiguration)="Debug" (previous value: "") at C:\Program Files\dotnet\sdk\10.0.101\Sdks\Microsoft.NET.Sdk.Publish\targets\Microsoft.NET.Sdk.Publish.targets (81,5)
       C:\Program Files\dotnet\sdk\10.0.101\Sdks\Microsoft.NET.Sdk.Publish\targets\Microsoft.NET.Sdk.Publish.targets(87,5): message : Property reassignment: $(BaseIntermediateOutputPath)="c:\krishna mini project\backend\InternalExamScrutinySystem.Api\obj\" (previous value: "obj\") at C:\Program Files\dotnet\sdk\10.0.101\Sdks\Microsoft.NET.Sdk.Publish\targets\Microsoft.NET.Sdk.Publish.targets (87,5)
       Overriding target "ResolveFrameworkReferences" in project "C:\Program Files\dotnet\sdk\10.0.101\Microsoft.Common.CurrentVersion.targets" with target "ResolveFrameworkReferences" from project "C:\Program Files\dotnet\sdk\10.0.101\Sdks\Microsoft.NET.Sdk\targets\Microsoft.NET.Sdk.FrameworkReferenceResolution.targets".
       Overriding target "GenerateSupportedTargetFrameworkAlias" in project "C:\Program Files\dotnet\sdk\10.0.101\Microsoft.Common.CurrentVersion.targets" with target "GenerateSupportedTargetFrameworkAlias" from project "C:\Program Files\dotnet\sdk\10.0.101\Sdks\Microsoft.NET.Sdk\targets\Microsoft.NET.Sdk.targets".
       Overriding target "GetReferenceAssemblyPaths" in project "C:\Program Files\dotnet\sdk\10.0.101\Microsoft.Common.CurrentVersion.targets" with target "GetReferenceAssemblyPaths" from project "C:\Program Files\dotnet\sdk\10.0.101\Sdks\Microsoft.NET.Sdk\targets\Microsoft.NET.DisableStandardFrameworkResolution.targets".
       Overriding target "GetFrameworkPaths" in project "C:\Program Files\dotnet\sdk\10.0.101\Microsoft.Common.CurrentVersion.targets" with target "GetFrameworkPaths" from project "C:\Program Files\dotnet\sdk\10.0.101\Sdks\Microsoft.NET.Sdk\targets\Microsoft.NET.DisableStandardFrameworkResolution.targets".
       Overriding target "DesignerRuntimeImplementationProjectOutputGroup" in project "C:\Program Files\dotnet\sdk\10.0.101\Microsoft.Common.CurrentVersion.targets" with target "DesignerRuntimeImplementationProjectOutputGroup" from project "C:\Program Files\dotnet\sdk\10.0.101\Sdks\Microsoft.NET.Sdk\targets\Microsoft.NET.DesignerSupport.targets".
       Overriding target "Publish" in project "C:\Program Files\dotnet\sdk\10.0.101\Microsoft.Common.CurrentVersion.targets" with target "Publish" from project "C:\Program Files\dotnet\sdk\10.0.101\Sdks\Microsoft.NET.Sdk\targets\Microsoft.NET.Publish.targets".
       Overriding target "ResolveReadyToRunCompilers" in project "C:\Program Files\dotnet\sdk\10.0.101\Sdks\Microsoft.NET.Sdk\targets\Microsoft.NET.CrossGen.targets" with target "ResolveReadyToRunCompilers" from project "C:\Program Files\dotnet\sdk\10.0.101\Sdks\Microsoft.NET.Sdk\targets\Microsoft.NET.Publish.targets".
       Overriding target "GetCopyToPublishDirectoryItems" in project "C:\Program Files\dotnet\sdk\10.0.101\Microsoft.Common.CurrentVersion.targets" with target "GetCopyToPublishDirectoryItems" from project "C:\Program Files\dotnet\sdk\10.0.101\Sdks\Microsoft.NET.Sdk\targets\Microsoft.NET.Publish.targets".
       Overriding target "Run" in project "C:\Program Files\dotnet\sdk\10.0.101\Microsoft.Common.CurrentVersion.targets" with target "Run" from project "C:\Program Files\dotnet\sdk\10.0.101\Sdks\Microsoft.NET.Sdk\targets\Microsoft.NET.Sdk.targets".
       Overriding target "BeforePublish" in project "C:\Program Files\dotnet\sdk\10.0.101\Microsoft.Common.CurrentVersion.targets" with target "BeforePublish" from project "C:\Program Files\dotnet\sdk\10.0.101\Sdks\Microsoft.NET.Sdk.Publish\targets\Microsoft.NET.Sdk.Publish.targets".
       Overriding target "AfterPublish" in project "C:\Program Files\dotnet\sdk\10.0.101\Microsoft.Common.CurrentVersion.targets" with target "AfterPublish" from project "C:\Program Files\dotnet\sdk\10.0.101\Sdks\Microsoft.NET.Sdk.Publish\targets\Microsoft.NET.Sdk.Publish.targets".
       The target "ResolveNuGetPackageAssets" listed in an AfterTargets attribute at "C:\Users\MUKHIL\.nuget\packages\microsoft.extensions.options\8.0.2\buildTransitive\net6.0\Microsoft.Extensions.Options.targets (11,11)" does not exist in the project, and will be ignored.
       The target "ResolveNuGetPackageAssets" listed in an AfterTargets attribute at "C:\Users\MUKHIL\.nuget\packages\microsoft.extensions.options\8.0.2\buildTransitive\net6.0\Microsoft.Extensions.Options.targets (23,11)" does not exist in the project, and will be ignored.
       The target "ResolveNuGetPackageAssets" listed in an AfterTargets attribute at "C:\Users\MUKHIL\.nuget\packages\microsoft.extensions.logging.abstractions\8.0.2\buildTransitive\net6.0\Microsoft.Extensions.Logging.Abstractions.targets (11,11)" does not exist in the project, and will be ignored.
       The target "ResolveNuGetPackageAssets" listed in an AfterTargets attribute at "C:\Users\MUKHIL\.nuget\packages\microsoft.extensions.logging.abstractions\8.0.2\buildTransitive\net6.0\Microsoft.Extensions.Logging.Abstractions.targets (23,11)" does not exist in the project, and will be ignored.
       The target "CollectUpToDateCheckInputDesignTime" listed in a BeforeTargets attribute at "C:\Program Files\dotnet\sdk\10.0.101\Sdks\Microsoft.NET.Sdk.StaticWebAssets\targets\Microsoft.NET.Sdk.StaticWebAssets.ScopedCss.targets (171,5)" does not exist in the project, and will be ignored.
       The target "CollectUpToDateCheckBuiltDesignTime" listed in a BeforeTargets attribute at "C:\Program Files\dotnet\sdk\10.0.101\Sdks\Microsoft.NET.Sdk.StaticWebAssets\targets\Microsoft.NET.Sdk.StaticWebAssets.ScopedCss.targets (171,5)" does not exist in the project, and will be ignored.
       The target "RazorGenerateComponentDeclaration" listed in an AfterTargets attribute at "C:\Program Files\dotnet\sdk\10.0.101\Sdks\Microsoft.NET.Sdk.Razor\targets\Microsoft.NET.Sdk.Razor.DesignTime.targets (55,53)" does not exist in the project, and will be ignored.
   1:7>Project "c:\krishna mini project\backend\InternalExamScrutinySystem.Api\InternalExamScrutinySystem.Api.csproj" on node 1 (default targets).
   1:7>Target "_CollectTargetFrameworkForTelemetry" in file "C:\Program Files\dotnet\sdk\10.0.101\Sdks\Microsoft.NET.Sdk\targets\Microsoft.NET.TargetFrameworkInference.targets" from project "c:\krishna mini project\backend\InternalExamScrutinySystem.Api\InternalExamScrutinySystem.Api.csproj" (target "_CheckForInvalidConfigurationAndPlatform" depends on it):
   1:7>Using "AllowEmptyTelemetry" task from assembly "C:\Program Files\dotnet\sdk\10.0.101\Sdks\Microsoft.NET.Sdk\targets\..\tools\net10.0\Microsoft.NET.Build.Tasks.dll".
       Task "AllowEmptyTelemetry"
       Done executing task "AllowEmptyTelemetry".
   1:7>Done building target "_CollectTargetFrameworkForTelemetry" in project "InternalExamScrutinySystem.Api.csproj".
   1:7>Target "_CheckForUnsupportedNETCoreVersion" in file "C:\Program Files\dotnet\sdk\10.0.101\Sdks\Microsoft.NET.Sdk\targets\Microsoft.NET.TargetFrameworkInference.targets" from project "c:\krishna mini project\backend\InternalExamScrutinySystem.Api\InternalExamScrutinySystem.Api.csproj" (target "_CheckForInvalidConfigurationAndPlatform" depends on it):
   1:7>Done building target "_CheckForUnsupportedNETCoreVersion" in project "InternalExamScrutinySystem.Api.csproj".
   1:7>Target "_CheckForUnsupportedCppNETCoreVersion" in file "C:\Program Files\dotnet\sdk\10.0.101\Sdks\Microsoft.NET.Sdk\targets\Microsoft.NET.TargetFrameworkInference.targets" from project "c:\krishna mini project\backend\InternalExamScrutinySystem.Api\InternalExamScrutinySystem.Api.csproj" (target "_CheckForInvalidConfigurationAndPlatform" depends on it):
   1:7>Done building target "_CheckForUnsupportedCppNETCoreVersion" in project "InternalExamScrutinySystem.Api.csproj".
   1:7>Target "_CheckForUnsupportedArtifactsPath" in file "C:\Program Files\dotnet\sdk\10.0.101\Sdks\Microsoft.NET.Sdk\targets\Microsoft.NET.DefaultOutputPaths.targets" from project "c:\krishna mini project\backend\InternalExamScrutinySystem.Api\InternalExamScrutinySystem.Api.csproj" (target "_CheckForInvalidConfigurationAndPlatform" depends on it):
   1:7>Done building target "_CheckForUnsupportedArtifactsPath" in project "InternalExamScrutinySystem.Api.csproj".
   1:7>Target "_CheckRIDAsserts" in file "C:\Program Files\dotnet\sdk\10.0.101\Sdks\Microsoft.NET.Sdk\targets\Microsoft.NET.RuntimeIdentifierInference.targets" from project "c:\krishna mini project\backend\InternalExamScrutinySystem.Api\InternalExamScrutinySystem.Api.csproj" (target "_CheckForUnsupportedAppHostUsage" depends on it):
   1:7>Done building target "_CheckRIDAsserts" in project "InternalExamScrutinySystem.Api.csproj".
   1:7>Target "_CheckForUnsupportedAppHostUsage" in file "C:\Program Files\dotnet\sdk\10.0.101\Sdks\Microsoft.NET.Sdk\targets\Microsoft.NET.RuntimeIdentifierInference.targets" from project "c:\krishna mini project\backend\InternalExamScrutinySystem.Api\InternalExamScrutinySystem.Api.csproj" (target "_CheckForInvalidConfigurationAndPlatform" depends on it):
   1:7>Done building target "_CheckForUnsupportedAppHostUsage" in project "InternalExamScrutinySystem.Api.csproj".
   1:7>Target "_CheckForUnsupportedHostingUsage" in file "C:\Program Files\dotnet\sdk\10.0.101\Sdks\Microsoft.NET.Sdk\targets\Microsoft.NET.RuntimeIdentifierInference.targets" from project "c:\krishna mini project\backend\InternalExamScrutinySystem.Api\InternalExamScrutinySystem.Api.csproj" (target "_CheckForInvalidConfigurationAndPlatform" depends on it):
   1:7>Done building target "_CheckForUnsupportedHostingUsage" in project "InternalExamScrutinySystem.Api.csproj".
   1:7>Target "_CheckAndUnsetUnsupportedPrefer32Bit" in file "C:\Program Files\dotnet\sdk\10.0.101\Sdks\Microsoft.NET.Sdk\targets\Microsoft.NET.RuntimeIdentifierInference.targets" from project "c:\krishna mini project\backend\InternalExamScrutinySystem.Api\InternalExamScrutinySystem.Api.csproj" (target "_CheckForInvalidConfigurationAndPlatform" depends on it):
   1:7>Done building target "_CheckAndUnsetUnsupportedPrefer32Bit" in project "InternalExamScrutinySystem.Api.csproj".
   1:7>Target "_CheckForLanguageAndFeatureCombinationSupport" in file "C:\Program Files\dotnet\sdk\10.0.101\Sdks\Microsoft.NET.Sdk\targets\Microsoft.NET.RuntimeIdentifierInference.targets" from project "c:\krishna mini project\backend\InternalExamScrutinySystem.Api\InternalExamScrutinySystem.Api.csproj" (target "_CheckForInvalidConfigurationAndPlatform" depends on it):
   1:7>Done building target "_CheckForLanguageAndFeatureCombinationSupport" in project "InternalExamScrutinySystem.Api.csproj".
   1:7>Target "UpdateAspNetToFrameworkReference" in file "C:\Program Files\dotnet\sdk\10.0.101\Sdks\Microsoft.NET.Sdk\targets\Microsoft.NET.Sdk.DefaultItems.Shared.targets" from project "c:\krishna mini project\backend\InternalExamScrutinySystem.Api\InternalExamScrutinySystem.Api.csproj" (target "ApplyImplicitVersions" depends on it):
       Using "CheckIfPackageReferenceShouldBeFrameworkReference" task from assembly "C:\Program Files\dotnet\sdk\10.0.101\Sdks\Microsoft.NET.Sdk\targets\..\tools\net10.0\Microsoft.NET.Build.Tasks.dll".
       Task "CheckIfPackageReferenceShouldBeFrameworkReference"
       Done executing task "CheckIfPackageReferenceShouldBeFrameworkReference".
       Task "CheckIfPackageReferenceShouldBeFrameworkReference"
       Done executing task "CheckIfPackageReferenceShouldBeFrameworkReference".
   1:7>Done building target "UpdateAspNetToFrameworkReference" in project "InternalExamScrutinySystem.Api.csproj".
   1:7>Target "CheckForImplicitPackageReferenceOverrides" in file "C:\Program Files\dotnet\sdk\10.0.101\Sdks\Microsoft.NET.Sdk\targets\Microsoft.NET.Sdk.DefaultItems.Shared.targets" from project "c:\krishna mini project\backend\InternalExamScrutinySystem.Api\InternalExamScrutinySystem.Api.csproj" (target "ApplyImplicitVersions" depends on it):
       Using "CheckForImplicitPackageReferenceOverrides" task from assembly "C:\Program Files\dotnet\sdk\10.0.101\Sdks\Microsoft.NET.Sdk\targets\..\tools\net10.0\Microsoft.NET.Build.Tasks.dll".
       Task "CheckForImplicitPackageReferenceOverrides"
       Done executing task "CheckForImplicitPackageReferenceOverrides".
   1:7>Done building target "CheckForImplicitPackageReferenceOverrides" in project "InternalExamScrutinySystem.Api.csproj".
   1:7>Target "ApplyImplicitVersions" in file "C:\Program Files\dotnet\sdk\10.0.101\Sdks\Microsoft.NET.Sdk\targets\Microsoft.NET.Sdk.DefaultItems.Shared.targets" from project "c:\krishna mini project\backend\InternalExamScrutinySystem.Api\InternalExamScrutinySystem.Api.csproj" (target "CollectPackageReferences" depends on it):
       Using "ApplyImplicitVersions" task from assembly "C:\Program Files\dotnet\sdk\10.0.101\Sdks\Microsoft.NET.Sdk\targets\..\tools\net10.0\Microsoft.NET.Build.Tasks.dll".
       Task "ApplyImplicitVersions"
       Done executing task "ApplyImplicitVersions".
   1:7>Done building target "ApplyImplicitVersions" in project "InternalExamScrutinySystem.Api.csproj".
       Target "CheckForImplicitPackageReferenceOverrides" skipped. Previously built successfully.
   1:7>Target "_ComputeToolPackInputsToProcessFrameworkReferences" in file "C:\Program Files\dotnet\sdk\10.0.101\Sdks\Microsoft.NET.Sdk\targets\Microsoft.NET.Publish.targets" from project "c:\krishna mini project\backend\InternalExamScrutinySystem.Api\InternalExamScrutinySystem.Api.csproj" (target "ProcessFrameworkReferences" depends on it):
   1:7>Done building target "_ComputeToolPackInputsToProcessFrameworkReferences" in project "InternalExamScrutinySystem.Api.csproj".
   1:7>Target "ResolveRequiredWebAssets" in file "C:\Program Files\dotnet\sdk\10.0.101\Sdks\Microsoft.NET.Sdk.Web.ProjectSystem\targets\Microsoft.NET.Sdk.Web.ProjectSystem.targets" from project "c:\krishna mini project\backend\InternalExamScrutinySystem.Api\InternalExamScrutinySystem.Api.csproj" (target "ProcessFrameworkReferences" depends on it):
   1:7>Done building target "ResolveRequiredWebAssets" in project "InternalExamScrutinySystem.Api.csproj".
   1:7>Target "ProcessFrameworkReferences" in file "C:\Program Files\dotnet\sdk\10.0.101\Sdks\Microsoft.NET.Sdk\targets\Microsoft.NET.Sdk.FrameworkReferenceResolution.targets" from project "c:\krishna mini project\backend\InternalExamScrutinySystem.Api\InternalExamScrutinySystem.Api.csproj" (target "CollectPackageReferences" depends on it):
       Using "CheckForDuplicateFrameworkReferences" task from assembly "C:\Program Files\dotnet\sdk\10.0.101\Sdks\Microsoft.NET.Sdk\targets\..\tools\net10.0\Microsoft.NET.Build.Tasks.dll".
       Task "CheckForDuplicateFrameworkReferences"
       Done executing task "CheckForDuplicateFrameworkReferences".
       Using "ProcessFrameworkReferences" task from assembly "C:\Program Files\dotnet\sdk\10.0.101\Sdks\Microsoft.NET.Sdk\targets\..\tools\net10.0\Microsoft.NET.Build.Tasks.dll".
       Task "ProcessFrameworkReferences"
         Found 2 known framework references for target framework .NETCoreApp
         Found 5 known runtime packs for target framework .NETCoreApp
         Selected Microsoft.NETCore.App with RIDs 'linux-arm;linux-arm64;linux-musl-arm64;linux-musl-x64;linux-x64;osx-x64;tizen.4.0.0-armel;tizen.5.0.0-armel;win-arm64;win-x64;win-x86;linux-musl-arm;osx-arm64;linux-s390x;linux-loongarch64;linux-bionic-arm;linux-bionic-arm64;linux-bionic-x64;linux-bionic-x86;linux-ppc64le;freebsd-x64;freebsd-arm64'
         Selected targeting pack 'Microsoft.NETCore.App@8.0.22'
         Added runtime framework 'Microsoft.NETCore.App@8.0.0'
         Selected Microsoft.WindowsDesktop.App with RIDs 'win-x64;win-x86;win-arm64'
         Selected targeting pack 'Microsoft.WindowsDesktop.App@8.0.22'
         Added runtime framework 'Microsoft.WindowsDesktop.App@8.0.0'
         Selected Microsoft.WindowsDesktop.App with RIDs 'win-x64;win-x86;win-arm64'
         Selected targeting pack 'Microsoft.WindowsDesktop.App.WPF@8.0.22'
         Added runtime framework 'Microsoft.WindowsDesktop.App@8.0.0'
         Selected Microsoft.WindowsDesktop.App with RIDs 'win-x64;win-x86;win-arm64'
         Selected targeting pack 'Microsoft.WindowsDesktop.App.WindowsForms@8.0.22'
         Added runtime framework 'Microsoft.WindowsDesktop.App@8.0.0'
         Selected Microsoft.AspNetCore.App with RIDs 'win-x64;win-x86;osx-x64;linux-musl-x64;linux-musl-arm64;linux-x64;linux-arm;linux-arm64;linux-musl-arm;win-arm64;osx-arm64;linux-s390x;linux-loongarch64;linux-ppc64le;freebsd-x64;freebsd-arm64'
         Selected targeting pack 'Microsoft.AspNetCore.App@8.0.22'
         Added runtime framework 'Microsoft.AspNetCore.App@8.0.0'
       Done executing task "ProcessFrameworkReferences".
       Using "ResolveAppHosts" task from assembly "C:\Program Files\dotnet\sdk\10.0.101\Sdks\Microsoft.NET.Sdk\targets\..\tools\net10.0\Microsoft.NET.Build.Tasks.dll".
       Task "ResolveAppHosts"
       Done executing task "ResolveAppHosts".
   1:7>Done building target "ProcessFrameworkReferences" in project "InternalExamScrutinySystem.Api.csproj".
   1:7>Target "_CheckForObsoleteDotNetCliToolReferences" in file "C:\Program Files\dotnet\sdk\10.0.101\Sdks\Microsoft.NET.Sdk\targets\Microsoft.NET.ObsoleteReferences.targets" from project "c:\krishna mini project\backend\InternalExamScrutinySystem.Api\InternalExamScrutinySystem.Api.csproj" (target "CollectPackageReferences" depends on it):
   1:7>Done building target "_CheckForObsoleteDotNetCliToolReferences" in project "InternalExamScrutinySystem.Api.csproj".
   1:7>Target "CollectPackageReferences" in file "C:\Program Files\dotnet\sdk\10.0.101\NuGet.targets" from project "c:\krishna mini project\backend\InternalExamScrutinySystem.Api\InternalExamScrutinySystem.Api.csproj" (target "_GetRestoreProjectStyle" depends on it):
       Using "CheckForDuplicateNuGetItemsTask" task from assembly "C:\Program Files\dotnet\sdk\10.0.101\NuGet.Build.Tasks.dll".
       Task "CheckForDuplicateNuGetItemsTask"
       Done executing task "CheckForDuplicateNuGetItemsTask".
   1:7>Done building target "CollectPackageReferences" in project "InternalExamScrutinySystem.Api.csproj".
   1:7>Target "_GetRestoreProjectStyle" in file "C:\Program Files\dotnet\sdk\10.0.101\NuGet.targets" from project "c:\krishna mini project\backend\InternalExamScrutinySystem.Api\InternalExamScrutinySystem.Api.csproj" (target "EnableIntermediateOutputPathMismatchWarning" depends on it):
       Using "GetRestoreProjectStyleTask" task from assembly "C:\Program Files\dotnet\sdk\10.0.101\NuGet.Build.Tasks.dll".
       Task "GetRestoreProjectStyleTask"
       Done executing task "GetRestoreProjectStyleTask".
   1:7>Done building target "_GetRestoreProjectStyle" in project "InternalExamScrutinySystem.Api.csproj".
   1:7>Target "EnableIntermediateOutputPathMismatchWarning" in file "C:\Program Files\dotnet\sdk\10.0.101\NuGet.targets" from project "c:\krishna mini project\backend\InternalExamScrutinySystem.Api\InternalExamScrutinySystem.Api.csproj" (target "_CheckForInvalidConfigurationAndPlatform" depends on it):
   1:7>Done building target "EnableIntermediateOutputPathMismatchWarning" in project "InternalExamScrutinySystem.Api.csproj".
       Target "ApplyImplicitVersions" skipped. Previously built successfully.
       Target "CheckForImplicitPackageReferenceOverrides" skipped. Previously built successfully.
   1:7>Target "CheckForDuplicateItems" in file "C:\Program Files\dotnet\sdk\10.0.101\Sdks\Microsoft.NET.Sdk\targets\Microsoft.NET.Sdk.DefaultItems.Shared.targets" from project "c:\krishna mini project\backend\InternalExamScrutinySystem.Api\InternalExamScrutinySystem.Api.csproj" (target "_CheckForInvalidConfigurationAndPlatform" depends on it):
       Using "CheckForDuplicateItems" task from assembly "C:\Program Files\dotnet\sdk\10.0.101\Sdks\Microsoft.NET.Sdk\targets\..\tools\net10.0\Microsoft.NET.Build.Tasks.dll".
       Task "CheckForDuplicateItems"
       Done executing task "CheckForDuplicateItems".
       Task "CheckForDuplicateItems"
       Done executing task "CheckForDuplicateItems".
       Task "CheckForDuplicateItems"
       Done executing task "CheckForDuplicateItems".
   1:7>Done building target "CheckForDuplicateItems" in project "InternalExamScrutinySystem.Api.csproj".
       Target "ProcessFrameworkReferences" skipped. Previously built successfully.
   1:7>Target "_CheckForInvalidConfigurationAndPlatform" in file "C:\Program Files\dotnet\sdk\10.0.101\Microsoft.Common.CurrentVersion.targets" from project "c:\krishna mini project\backend\InternalExamScrutinySystem.Api\InternalExamScrutinySystem.Api.csproj" (target "BeforeBuild" depends on it):
       Task "Message"
         Configuration=Debug
       Done executing task "Message".
       Task "Message"
         Platform=AnyCPU
       Done executing task "Message".
   1:7>Done building target "_CheckForInvalidConfigurationAndPlatform" in project "InternalExamScrutinySystem.Api.csproj".
   1:7>Target "ValidateCommandLineProperties" in file "C:\Program Files\dotnet\sdk\10.0.101\Sdks\Microsoft.NET.Sdk\targets\Microsoft.NET.Sdk.targets" from project "c:\krishna mini project\backend\InternalExamScrutinySystem.Api\InternalExamScrutinySystem.Api.csproj" (target "BeforeBuild" depends on it):
   1:7>Done building target "ValidateCommandLineProperties" in project "InternalExamScrutinySystem.Api.csproj".
   1:7>Target "BeforeBuild" in file "C:\Program Files\dotnet\sdk\10.0.101\Microsoft.Common.CurrentVersion.targets" from project "c:\krishna mini project\backend\InternalExamScrutinySystem.Api\InternalExamScrutinySystem.Api.csproj" (target "Build" depends on it):
   1:7>Done building target "BeforeBuild" in project "InternalExamScrutinySystem.Api.csproj".
   1:7>Target "BuildOnlySettings" in file "C:\Program Files\dotnet\sdk\10.0.101\Microsoft.Common.CurrentVersion.targets" from project "c:\krishna mini project\backend\InternalExamScrutinySystem.Api\InternalExamScrutinySystem.Api.csproj" (target "CoreBuild" depends on it):
       C:\Program Files\dotnet\sdk\10.0.101\Microsoft.Common.CurrentVersion.targets(1168,7): message : Property reassignment: $(BuildingProject)="true" (previous value: "false") at C:\Program Files\dotnet\sdk\10.0.101\Microsoft.Common.CurrentVersion.targets (1168,7) [c:\krishna mini project\backend\InternalExamScrutinySystem.Api\InternalExamScrutinySystem.Api.csproj]
   1:7>Done building target "BuildOnlySettings" in project "InternalExamScrutinySystem.Api.csproj".
   1:7>Target "GetFrameworkPaths" in file "C:\Program Files\dotnet\sdk\10.0.101\Sdks\Microsoft.NET.Sdk\targets\Microsoft.NET.DisableStandardFrameworkResolution.targets" from project "c:\krishna mini project\backend\InternalExamScrutinySystem.Api\InternalExamScrutinySystem.Api.csproj" (target "PrepareForBuild" depends on it):
   1:7>Done building target "GetFrameworkPaths" in project "InternalExamScrutinySystem.Api.csproj".
   1:7>Target "GetReferenceAssemblyPaths" in file "C:\Program Files\dotnet\sdk\10.0.101\Sdks\Microsoft.NET.Sdk\targets\Microsoft.NET.DisableStandardFrameworkResolution.targets" from project "c:\krishna mini project\backend\InternalExamScrutinySystem.Api\InternalExamScrutinySystem.Api.csproj" (target "PrepareForBuild" depends on it):
   1:7>Done building target "GetReferenceAssemblyPaths" in project "InternalExamScrutinySystem.Api.csproj".
   1:7>Target "ResolveRazorGenerateInputs" in file "C:\Program Files\dotnet\sdk\10.0.101\Sdks\Microsoft.NET.Sdk.Razor\targets\Sdk.Razor.CurrentVersion.targets" from project "c:\krishna mini project\backend\InternalExamScrutinySystem.Api\InternalExamScrutinySystem.Api.csproj" (target "PrepareForBuild" depends on it):
   1:7>Done building target "ResolveRazorGenerateInputs" in project "InternalExamScrutinySystem.Api.csproj".
   1:7>Target "PrepareForBuild" in file "C:\Program Files\dotnet\sdk\10.0.101\Microsoft.Common.CurrentVersion.targets" from project "c:\krishna mini project\backend\InternalExamScrutinySystem.Api\InternalExamScrutinySystem.Api.csproj" (target "CoreBuild" depends on it):
       Using "FindAppConfigFile" task from assembly "Microsoft.Build.Tasks.Core, Version=15.1.0.0, Culture=neutral, PublicKeyToken=b03f5f7f11d50a3a".
       Task "FindAppConfigFile"
       Done executing task "FindAppConfigFile".
       Using "MakeDir" task from assembly "Microsoft.Build.Tasks.Core, Version=15.1.0.0, Culture=neutral, PublicKeyToken=b03f5f7f11d50a3a".
       Task "MakeDir"
       Done executing task "MakeDir".
   1:7>Done building target "PrepareForBuild" in project "InternalExamScrutinySystem.Api.csproj".
   1:7>Target "GenerateTargetFrameworkDefineConstants" in file "C:\Program Files\dotnet\sdk\10.0.101\Sdks\Microsoft.NET.Sdk\targets\Microsoft.NET.Sdk.BeforeCommon.targets" from project "c:\krishna mini project\backend\InternalExamScrutinySystem.Api\InternalExamScrutinySystem.Api.csproj" (target "AddImplicitDefineConstants" depends on it):
   1:7>Done building target "GenerateTargetFrameworkDefineConstants" in project "InternalExamScrutinySystem.Api.csproj".
   1:7>Target "GenerateNETCompatibleDefineConstants" in file "C:\Program Files\dotnet\sdk\10.0.101\Sdks\Microsoft.NET.Sdk\targets\Microsoft.NET.Sdk.BeforeCommon.targets" from project "c:\krishna mini project\backend\InternalExamScrutinySystem.Api\InternalExamScrutinySystem.Api.csproj" (target "AddImplicitDefineConstants" depends on it):
   1:7>Done building target "GenerateNETCompatibleDefineConstants" in project "InternalExamScrutinySystem.Api.csproj".
   1:7>Target "AddImplicitDefineConstants" in file "C:\Program Files\dotnet\sdk\10.0.101\Sdks\Microsoft.NET.Sdk\targets\Microsoft.NET.Sdk.BeforeCommon.targets" from project "c:\krishna mini project\backend\InternalExamScrutinySystem.Api\InternalExamScrutinySystem.Api.csproj" (target "CoreBuild" depends on it):
       C:\Program Files\dotnet\sdk\10.0.101\Sdks\Microsoft.NET.Sdk\targets\Microsoft.NET.Sdk.BeforeCommon.targets(295,7): message : Property reassignment: $(DefineConstants)="TRACE;DEBUG;NET;NET8_0;NETCOREAPP;NET5_0_OR_GREATER;NET6_0_OR_GREATER;NET7_0_OR_GREATER;NET8_0_OR_GREATER;NETCOREAPP1_0_OR_GREATER;NETCOREAPP1_1_OR_GREATER;NETCOREAPP2_0_OR_GREATER;NETCOREAPP2_1_OR_GREATER;NETCOREAPP2_2_OR_GREATER;NETCOREAPP3_0_OR_GREATER;NETCOREAPP3_1_OR_GREATER" (previous value: "TRACE;DEBUG") at C:\Program Files\dotnet\sdk\10.0.101\Sdks\Microsoft.NET.Sdk\targets\Microsoft.NET.Sdk.BeforeCommon.targets (295,7) [c:\krishna mini project\backend\InternalExamScrutinySystem.Api\InternalExamScrutinySystem.Api.csproj]
   1:7>Done building target "AddImplicitDefineConstants" in project "InternalExamScrutinySystem.Api.csproj".
   1:7>Target "ResolveRazorComponentInputs" in file "C:\Program Files\dotnet\sdk\10.0.101\Sdks\Microsoft.NET.Sdk.Razor\targets\Sdk.Razor.CurrentVersion.targets" from project "c:\krishna mini project\backend\InternalExamScrutinySystem.Api\InternalExamScrutinySystem.Api.csproj" (target "_AddEmbeddedValidationAttribute" depends on it):
   1:7>Done building target "ResolveRazorComponentInputs" in project "InternalExamScrutinySystem.Api.csproj".
       Target "ResolveRazorGenerateInputs" skipped. Previously built successfully.
   1:7>Target "_AddEmbeddedValidationAttribute" in file "C:\Program Files\dotnet\sdk\10.0.101\Sdks\Microsoft.NET.Sdk.Razor\targets\Sdk.Razor.CurrentVersion.targets" from project "c:\krishna mini project\backend\InternalExamScrutinySystem.Api\InternalExamScrutinySystem.Api.csproj" (target "GenerateGlobalUsings" depends on it):
   1:7>Done building target "_AddEmbeddedValidationAttribute" in project "InternalExamScrutinySystem.Api.csproj".
   1:7>Target "GenerateGlobalUsings" in file "C:\Program Files\dotnet\sdk\10.0.101\Sdks\Microsoft.NET.Sdk\targets\Microsoft.NET.GenerateGlobalUsings.targets" from project "c:\krishna mini project\backend\InternalExamScrutinySystem.Api\InternalExamScrutinySystem.Api.csproj" (target "CoreBuild" depends on it):
       Using "GenerateGlobalUsings" task from assembly "C:\Program Files\dotnet\sdk\10.0.101\Sdks\Microsoft.NET.Sdk\targets\..\tools\net10.0\Microsoft.NET.Build.Tasks.dll".
       Task "GenerateGlobalUsings"
       Done executing task "GenerateGlobalUsings".
       Using "WriteLinesToFile" task from assembly "Microsoft.Build.Tasks.Core, Version=15.1.0.0, Culture=neutral, PublicKeyToken=b03f5f7f11d50a3a".
       Task "WriteLinesToFile"
         Skipping write to file "obj\Debug\net8.0\InternalExamScrutinySystem.Api.GlobalUsings.g.cs" because content would not change.
       Done executing task "WriteLinesToFile".
   1:7>Done building target "GenerateGlobalUsings" in project "InternalExamScrutinySystem.Api.csproj".
   1:7>Target "BeforeResolveReferences" in file "C:\Program Files\dotnet\sdk\10.0.101\Microsoft.Common.CurrentVersion.targets" from project "c:\krishna mini project\backend\InternalExamScrutinySystem.Api\InternalExamScrutinySystem.Api.csproj" (target "ResolveReferences" depends on it):
   1:7>Done building target "BeforeResolveReferences" in project "InternalExamScrutinySystem.Api.csproj".
   1:7>Target "IgnoreJavaScriptOutputAssembly" in file "C:\Program Files\dotnet\sdk\10.0.101\Microsoft.Common.CurrentVersion.targets" from project "c:\krishna mini project\backend\InternalExamScrutinySystem.Api\InternalExamScrutinySystem.Api.csproj" (target "AssignProjectConfiguration" depends on it):
   1:7>Done building target "IgnoreJavaScriptOutputAssembly" in project "InternalExamScrutinySystem.Api.csproj".
       Target "ProcessFrameworkReferences" skipped. Previously built successfully.
   1:7>Target "_DefaultMicrosoftNETPlatformLibrary" in file "C:\Program Files\dotnet\sdk\10.0.101\Sdks\Microsoft.NET.Sdk\targets\Microsoft.NET.Sdk.Shared.targets" from project "c:\krishna mini project\backend\InternalExamScrutinySystem.Api\InternalExamScrutinySystem.Api.csproj" (target "ResolvePackageAssets" depends on it):
   1:7>Done building target "_DefaultMicrosoftNETPlatformLibrary" in project "InternalExamScrutinySystem.Api.csproj".
   1:7>Target "_ComputePackageReferencePublish" in file "C:\Program Files\dotnet\sdk\10.0.101\Sdks\Microsoft.NET.Sdk\targets\Microsoft.NET.Sdk.Shared.targets" from project "c:\krishna mini project\backend\InternalExamScrutinySystem.Api\InternalExamScrutinySystem.Api.csproj" (target "ResolvePackageAssets" depends on it):
   1:7>Done building target "_ComputePackageReferencePublish" in project "InternalExamScrutinySystem.Api.csproj".
   1:7>Target "ResolvePackageAssets" in file "C:\Program Files\dotnet\sdk\10.0.101\Sdks\Microsoft.NET.Sdk\targets\Microsoft.PackageDependencyResolution.targets" from project "c:\krishna mini project\backend\InternalExamScrutinySystem.Api\InternalExamScrutinySystem.Api.csproj" (target "ResolveLockFileReferences" depends on it):
       Using "ResolvePackageAssets" task from assembly "C:\Program Files\dotnet\sdk\10.0.101\Sdks\Microsoft.NET.Sdk\targets\..\tools\net10.0\Microsoft.NET.Build.Tasks.dll".
       Task "ResolvePackageAssets"
   1:7>c:\krishna mini project\backend\InternalExamScrutinySystem.Api\InternalExamScrutinySystem.Api.csproj : warning NU1903: Package 'AutoMapper' 13.0.0 has a known high severity vulnerability, https://github.com/advisories/GHSA-rvv3-g6hj-g44x
       Done executing task "ResolvePackageAssets".
   1:7>Done building target "ResolvePackageAssets" in project "InternalExamScrutinySystem.Api.csproj".
   1:7>Target "_CheckForTransitiveWindowsDesktopDependencies" in file "C:\Program Files\dotnet\sdk\10.0.101\Sdks\Microsoft.NET.Sdk\targets\Microsoft.NET.Sdk.DefaultItems.Shared.targets" from project "c:\krishna mini project\backend\InternalExamScrutinySystem.Api\InternalExamScrutinySystem.Api.csproj" (target "ResolveLockFileReferences" depends on it):
   1:7>Done building target "_CheckForTransitiveWindowsDesktopDependencies" in project "InternalExamScrutinySystem.Api.csproj".
   1:7>Target "AddTransitiveFrameworkReferences" in file "C:\Program Files\dotnet\sdk\10.0.101\Sdks\Microsoft.NET.Sdk\targets\Microsoft.NET.Sdk.FrameworkReferenceResolution.targets" from project "c:\krishna mini project\backend\InternalExamScrutinySystem.Api\InternalExamScrutinySystem.Api.csproj" (target "ResolveLockFileReferences" depends on it):
   1:7>Done building target "AddTransitiveFrameworkReferences" in project "InternalExamScrutinySystem.Api.csproj".
   1:7>Target "ResolveLockFileReferences" in file "C:\Program Files\dotnet\sdk\10.0.101\Sdks\Microsoft.NET.Sdk\targets\Microsoft.PackageDependencyResolution.targets" from project "c:\krishna mini project\backend\InternalExamScrutinySystem.Api\InternalExamScrutinySystem.Api.csproj" (target "ResolvePackageDependenciesForBuild" depends on it):
       Using "JoinItems" task from assembly "C:\Program Files\dotnet\sdk\10.0.101\Sdks\Microsoft.NET.Sdk\targets\..\tools\net10.0\Microsoft.NET.Build.Tasks.dll".
       Task "JoinItems"
       Done executing task "JoinItems".
   1:7>Done building target "ResolveLockFileReferences" in project "InternalExamScrutinySystem.Api.csproj".
       Target "ResolvePackageAssets" skipped. Previously built successfully.
   1:7>Target "ResolveLockFileAnalyzers" in file "C:\Program Files\dotnet\sdk\10.0.101\Sdks\Microsoft.NET.Sdk\targets\Microsoft.PackageDependencyResolution.targets" from project "c:\krishna mini project\backend\InternalExamScrutinySystem.Api\InternalExamScrutinySystem.Api.csproj" (target "ResolvePackageDependenciesForBuild" depends on it):
   1:7>Done building target "ResolveLockFileAnalyzers" in project "InternalExamScrutinySystem.Api.csproj".
       Target "ResolvePackageAssets" skipped. Previously built successfully.
   1:7>Target "ResolveLockFileCopyLocalFiles" in file "C:\Program Files\dotnet\sdk\10.0.101\Sdks\Microsoft.NET.Sdk\targets\Microsoft.PackageDependencyResolution.targets" from project "c:\krishna mini project\backend\InternalExamScrutinySystem.Api\InternalExamScrutinySystem.Api.csproj" (target "ResolvePackageDependenciesForBuild" depends on it):
   1:7>Done building target "ResolveLockFileCopyLocalFiles" in project "InternalExamScrutinySystem.Api.csproj".
       Target "ResolvePackageAssets" skipped. Previously built successfully.
   1:7>Target "IncludeTransitiveProjectReferences" in file "C:\Program Files\dotnet\sdk\10.0.101\Sdks\Microsoft.NET.Sdk\targets\Microsoft.PackageDependencyResolution.targets" from project "c:\krishna mini project\backend\InternalExamScrutinySystem.Api\InternalExamScrutinySystem.Api.csproj" (target "ResolvePackageDependenciesForBuild" depends on it):
   1:7>Done building target "IncludeTransitiveProjectReferences" in project "InternalExamScrutinySystem.Api.csproj".
   1:7>Target "ResolvePackageDependenciesForBuild" in file "C:\Program Files\dotnet\sdk\10.0.101\Sdks\Microsoft.NET.Sdk\targets\Microsoft.PackageDependencyResolution.targets" from project "c:\krishna mini project\backend\InternalExamScrutinySystem.Api\InternalExamScrutinySystem.Api.csproj" (target "AssignProjectConfiguration" depends on it):
   1:7>Done building target "ResolvePackageDependenciesForBuild" in project "InternalExamScrutinySystem.Api.csproj".
   1:7>Target "_SplitProjectReferencesByFileExistence" in file "C:\Program Files\dotnet\sdk\10.0.101\Microsoft.Common.CurrentVersion.targets" from project "c:\krishna mini project\backend\InternalExamScrutinySystem.Api\InternalExamScrutinySystem.Api.csproj" (target "PrepareProjectReferences" depends on it):
   1:7>Done building target "_SplitProjectReferencesByFileExistence" in project "InternalExamScrutinySystem.Api.csproj".
   1:7>Target "_AddOutputPathToGlobalPropertiesToRemove" in file "C:\Program Files\dotnet\sdk\10.0.101\Microsoft.Common.CurrentVersion.targets" from project "c:\krishna mini project\backend\InternalExamScrutinySystem.Api\InternalExamScrutinySystem.Api.csproj" (target "_GetProjectReferenceTargetFrameworkProperties" depends on it):
   1:7>Done building target "_AddOutputPathToGlobalPropertiesToRemove" in project "InternalExamScrutinySystem.Api.csproj".
   1:7>Target "_GetProjectReferenceTargetFrameworkProperties" in file "C:\Program Files\dotnet\sdk\10.0.101\Microsoft.Common.CurrentVersion.targets" from project "c:\krishna mini project\backend\InternalExamScrutinySystem.Api\InternalExamScrutinySystem.Api.csproj" (target "PrepareProjectReferences" depends on it):
       Task "MSBuild"
       Done executing task "MSBuild".
       Using "SetRidAgnosticValueForProjects" task from assembly "Microsoft.Build.Tasks.Core, Version=15.1.0.0, Culture=neutral, PublicKeyToken=b03f5f7f11d50a3a".
       Task "SetRidAgnosticValueForProjects"
       Done executing task "SetRidAgnosticValueForProjects".
   1:7>Done building target "_GetProjectReferenceTargetFrameworkProperties" in project "InternalExamScrutinySystem.Api.csproj".
   1:7>Target "_CalculateIsVSTestTestProject" in file "C:\Program Files\dotnet\sdk\10.0.101\Sdks\Microsoft.NET.Sdk\targets\Microsoft.NET.Sdk.targets" from project "c:\krishna mini project\backend\InternalExamScrutinySystem.Api\InternalExamScrutinySystem.Api.csproj" (target "ValidateExecutableReferences" depends on it):
   1:7>Done building target "_CalculateIsVSTestTestProject" in project "InternalExamScrutinySystem.Api.csproj".
   1:7>Target "ValidateExecutableReferences" in file "C:\Program Files\dotnet\sdk\10.0.101\Sdks\Microsoft.NET.Sdk\targets\Microsoft.NET.Sdk.targets" from project "c:\krishna mini project\backend\InternalExamScrutinySystem.Api\InternalExamScrutinySystem.Api.csproj" (target "PrepareProjectReferences" depends on it):
       Using "ValidateExecutableReferences" task from assembly "C:\Program Files\dotnet\sdk\10.0.101\Sdks\Microsoft.NET.Sdk\targets\..\tools\net10.0\Microsoft.NET.Build.Tasks.dll".
       Task "ValidateExecutableReferences"
       Done executing task "ValidateExecutableReferences".
   1:7>Done building target "ValidateExecutableReferences" in project "InternalExamScrutinySystem.Api.csproj".
   1:7>Target "PrepareProjectReferences" in file "C:\Program Files\dotnet\sdk\10.0.101\Microsoft.Common.CurrentVersion.targets" from project "c:\krishna mini project\backend\InternalExamScrutinySystem.Api\InternalExamScrutinySystem.Api.csproj" (target "ResolveProjectReferences" depends on it):
   1:7>Done building target "PrepareProjectReferences" in project "InternalExamScrutinySystem.Api.csproj".
   1:7>Target "ResolveProjectReferences" in file "C:\Program Files\dotnet\sdk\10.0.101\Microsoft.Common.CurrentVersion.targets" from project "c:\krishna mini project\backend\InternalExamScrutinySystem.Api\InternalExamScrutinySystem.Api.csproj" (target "ResolveReferences" depends on it):
   1:7>Done building target "ResolveProjectReferences" in project "InternalExamScrutinySystem.Api.csproj".
       Target "ResolveProjectReferences" skipped. Previously built successfully.
       Target "GetFrameworkPaths" skipped. Previously built successfully.
       Target "GetReferenceAssemblyPaths" skipped. Previously built successfully.
       Target "PrepareForBuild" skipped. Previously built successfully.
   1:7>Target "ResolveSDKReferences" in file "C:\Program Files\dotnet\sdk\10.0.101\Microsoft.Common.CurrentVersion.targets" from project "c:\krishna mini project\backend\InternalExamScrutinySystem.Api\InternalExamScrutinySystem.Api.csproj" (target "ResolveAssemblyReferences" depends on it):
   1:7>Done building target "ResolveSDKReferences" in project "InternalExamScrutinySystem.Api.csproj".
       Target "ResolveSDKReferences" skipped. Previously built successfully.
   1:7>Target "ExpandSDKReferences" in file "C:\Program Files\dotnet\sdk\10.0.101\Microsoft.Common.CurrentVersion.targets" from project "c:\krishna mini project\backend\InternalExamScrutinySystem.Api\InternalExamScrutinySystem.Api.csproj" (target "ResolveAssemblyReferences" depends on it):
   1:7>Done building target "ExpandSDKReferences" in project "InternalExamScrutinySystem.Api.csproj".
       Target "ResolvePackageDependenciesForBuild" skipped. Previously built successfully.
       Target "GetFrameworkPaths" skipped. Previously built successfully.
       Target "GetReferenceAssemblyPaths" skipped. Previously built successfully.
       Target "ProcessFrameworkReferences" skipped. Previously built successfully.
       Target "ResolvePackageAssets" skipped. Previously built successfully.
   1:7>Target "ResolveFrameworkReferences" in file "C:\Program Files\dotnet\sdk\10.0.101\Sdks\Microsoft.NET.Sdk\targets\Microsoft.NET.Sdk.FrameworkReferenceResolution.targets" from project "c:\krishna mini project\backend\InternalExamScrutinySystem.Api\InternalExamScrutinySystem.Api.csproj" (target "ResolveTargetingPackAssets" depends on it):
       Using "GetPackageDirectory" task from assembly "C:\Program Files\dotnet\sdk\10.0.101\Sdks\Microsoft.NET.Sdk\targets\..\tools\net10.0\Microsoft.NET.Build.Tasks.dll".
       Task "GetPackageDirectory"
       Done executing task "GetPackageDirectory".
       Task "GetPackageDirectory"
       Done executing task "GetPackageDirectory".
       Task "GetPackageDirectory"
       Done executing task "GetPackageDirectory".
       Task "GetPackageDirectory"
       Done executing task "GetPackageDirectory".
       Task "GetPackageDirectory"
       Done executing task "GetPackageDirectory".
       Task "GetPackageDirectory"
       Done executing task "GetPackageDirectory".
       Task "GetPackageDirectory"
       Done executing task "GetPackageDirectory".
       Task "GetPackageDirectory"
       Done executing task "GetPackageDirectory".
       Task "GetPackageDirectory"
       Done executing task "GetPackageDirectory".
       Task "GetPackageDirectory"
       Done executing task "GetPackageDirectory".
       Using "ResolveFrameworkReferences" task from assembly "C:\Program Files\dotnet\sdk\10.0.101\Sdks\Microsoft.NET.Sdk\targets\..\tools\net10.0\Microsoft.NET.Build.Tasks.dll".
       Task "ResolveFrameworkReferences"
       Done executing task "ResolveFrameworkReferences".
   1:7>Done building target "ResolveFrameworkReferences" in project "InternalExamScrutinySystem.Api.csproj".
   1:7>Target "ResolveTargetingPackAssets" in file "C:\Program Files\dotnet\sdk\10.0.101\Sdks\Microsoft.NET.Sdk\targets\Microsoft.NET.Sdk.FrameworkReferenceResolution.targets" from project "c:\krishna mini project\backend\InternalExamScrutinySystem.Api\InternalExamScrutinySystem.Api.csproj" (target "_HandlePackageFileConflicts" depends on it):
       Using "ResolveTargetingPackAssets" task from assembly "C:\Program Files\dotnet\sdk\10.0.101\Sdks\Microsoft.NET.Sdk\targets\..\tools\net10.0\Microsoft.NET.Build.Tasks.dll".
       Task "ResolveTargetingPackAssets"
       Done executing task "ResolveTargetingPackAssets".
   1:7>Done building target "ResolveTargetingPackAssets" in project "InternalExamScrutinySystem.Api.csproj".
   1:7>Target "ResolveOffByDefaultAnalyzers" in file "C:\Program Files\dotnet\sdk\10.0.101\Sdks\Microsoft.NET.Sdk\targets\Microsoft.NET.Sdk.FrameworkReferenceResolution.targets" from project "c:\krishna mini project\backend\InternalExamScrutinySystem.Api\InternalExamScrutinySystem.Api.csproj" (target "_HandlePackageFileConflicts" depends on it):
   1:7>Done building target "ResolveOffByDefaultAnalyzers" in project "InternalExamScrutinySystem.Api.csproj".
   1:7>Target "_HandlePackageFileConflicts" in file "C:\Program Files\dotnet\sdk\10.0.101\Sdks\Microsoft.NET.Sdk\targets\Microsoft.NET.ConflictResolution.targets" from project "c:\krishna mini project\backend\InternalExamScrutinySystem.Api\InternalExamScrutinySystem.Api.csproj" (target "ResolveAssemblyReferences" depends on it):
       Using "ResolvePackageFileConflicts" task from assembly "C:\Program Files\dotnet\sdk\10.0.101\Sdks\Microsoft.NET.Sdk\targets\..\tools\net10.0\Microsoft.NET.Build.Tasks.dll".
       Task "ResolvePackageFileConflicts"
         Encountered conflict between 'Reference:C:\Users\MUKHIL\.nuget\packages\microsoft.win32.registry\4.5.0\ref\netstandard2.0\Microsoft.Win32.Registry.dll' and 'Reference:C:\Users\MUKHIL\.nuget\packages\microsoft.netcore.app.ref\8.0.22\ref/net8.0/Microsoft.Win32.Registry.dll'. Choosing 'Reference:C:\Users\MUKHIL\.nuget\packages\microsoft.netcore.app.ref\8.0.22\ref/net8.0/Microsoft.Win32.Registry.dll' because AssemblyVersion '8.0.0.0' is greater than '4.1.1.0'.
         Encountered conflict between 'Reference:C:\Users\MUKHIL\.nuget\packages\system.componentmodel.annotations\5.0.0\ref\netstandard2.1\System.ComponentModel.Annotations.dll' and 'Reference:C:\Users\MUKHIL\.nuget\packages\microsoft.netcore.app.ref\8.0.22\ref/net8.0/System.ComponentModel.Annotations.dll'. Choosing 'Reference:C:\Users\MUKHIL\.nuget\packages\microsoft.netcore.app.ref\8.0.22\ref/net8.0/System.ComponentModel.Annotations.dll' because AssemblyVersion '8.0.0.0' is greater than '5.0.0.0'.
         Encountered conflict between 'Reference:C:\Users\MUKHIL\.nuget\packages\system.diagnostics.diagnosticsource\6.0.1\lib\net6.0\System.Diagnostics.DiagnosticSource.dll' and 'Reference:C:\Users\MUKHIL\.nuget\packages\microsoft.netcore.app.ref\8.0.22\ref/net8.0/System.Diagnostics.DiagnosticSource.dll'. Choosing 'Reference:C:\Users\MUKHIL\.nuget\packages\microsoft.netcore.app.ref\8.0.22\ref/net8.0/System.Diagnostics.DiagnosticSource.dll' because AssemblyVersion '8.0.0.0' is greater than '6.0.0.0'.
         Encountered conflict between 'Reference:C:\Users\MUKHIL\.nuget\packages\system.formats.asn1\8.0.2\lib\net8.0\System.Formats.Asn1.dll' and 'Reference:C:\Users\MUKHIL\.nuget\packages\microsoft.netcore.app.ref\8.0.22\ref/net8.0/System.Formats.Asn1.dll'. Choosing 'Reference:C:\Users\MUKHIL\.nuget\packages\microsoft.netcore.app.ref\8.0.22\ref/net8.0/System.Formats.Asn1.dll' because file version '8.0.2225.52707' is greater than '8.0.1325.6609'.
         Encountered conflict between 'Reference:C:\Users\MUKHIL\.nuget\packages\system.runtime.compilerservices.unsafe\6.0.0\lib\net6.0\System.Runtime.CompilerServices.Unsafe.dll' and 'Reference:C:\Users\MUKHIL\.nuget\packages\microsoft.netcore.app.ref\8.0.22\ref/net8.0/System.Runtime.CompilerServices.Unsafe.dll'. Choosing 'Reference:C:\Users\MUKHIL\.nuget\packages\microsoft.netcore.app.ref\8.0.22\ref/net8.0/System.Runtime.CompilerServices.Unsafe.dll' because AssemblyVersion '8.0.0.0' is greater than '6.0.0.0'.
         Encountered conflict between 'Reference:C:\Users\MUKHIL\.nuget\packages\system.security.accesscontrol\6.0.0\lib\net6.0\System.Security.AccessControl.dll' and 'Reference:C:\Users\MUKHIL\.nuget\packages\microsoft.netcore.app.ref\8.0.22\ref/net8.0/System.Security.AccessControl.dll'. Choosing 'Reference:C:\Users\MUKHIL\.nuget\packages\microsoft.netcore.app.ref\8.0.22\ref/net8.0/System.Security.AccessControl.dll' because AssemblyVersion '8.0.0.0' is greater than '6.0.0.0'.
         Encountered conflict between 'Reference:C:\Users\MUKHIL\.nuget\packages\system.security.cryptography.cng\5.0.0\ref\netcoreapp3.0\System.Security.Cryptography.Cng.dll' and 'Reference:C:\Users\MUKHIL\.nuget\packages\microsoft.netcore.app.ref\8.0.22\ref/net8.0/System.Security.Cryptography.Cng.dll'. Choosing 'Reference:C:\Users\MUKHIL\.nuget\packages\microsoft.netcore.app.ref\8.0.22\ref/net8.0/System.Security.Cryptography.Cng.dll' because AssemblyVersion '8.0.0.0' is greater than '5.0.0.0'.
         Encountered conflict between 'Reference:C:\Users\MUKHIL\.nuget\packages\system.security.principal.windows\5.0.0\ref\netcoreapp3.0\System.Security.Principal.Windows.dll' and 'Reference:C:\Users\MUKHIL\.nuget\packages\microsoft.netcore.app.ref\8.0.22\ref/net8.0/System.Security.Principal.Windows.dll'. Choosing 'Reference:C:\Users\MUKHIL\.nuget\packages\microsoft.netcore.app.ref\8.0.22\ref/net8.0/System.Security.Principal.Windows.dll' because AssemblyVersion '8.0.0.0' is greater than '5.0.0.0'.
         Encountered conflict between 'Reference:C:\Users\MUKHIL\.nuget\packages\system.text.encodings.web\8.0.0\lib\net8.0\System.Text.Encodings.Web.dll' and 'Reference:C:\Users\MUKHIL\.nuget\packages\microsoft.netcore.app.ref\8.0.22\ref/net8.0/System.Text.Encodings.Web.dll'. Choosing 'Reference:C:\Users\MUKHIL\.nuget\packages\microsoft.netcore.app.ref\8.0.22\ref/net8.0/System.Text.Encodings.Web.dll' because file version '8.0.2225.52707' is greater than '8.0.23.53103'.
         Encountered conflict between 'Reference:C:\Users\MUKHIL\.nuget\packages\system.text.json\4.7.2\lib\netcoreapp3.0\System.Text.Json.dll' and 'Reference:C:\Users\MUKHIL\.nuget\packages\microsoft.netcore.app.ref\8.0.22\ref/net8.0/System.Text.Json.dll'. Choosing 'Reference:C:\Users\MUKHIL\.nuget\packages\microsoft.netcore.app.ref\8.0.22\ref/net8.0/System.Text.Json.dll' because AssemblyVersion '8.0.0.0' is greater than '4.0.1.2'.
         Encountered conflict between 'Reference:C:\Users\MUKHIL\.nuget\packages\microsoft.extensions.caching.memory\8.0.1\lib\net8.0\Microsoft.Extensions.Caching.Memory.dll' and 'Reference:C:\Users\MUKHIL\.nuget\packages\microsoft.aspnetcore.app.ref\8.0.22\ref\net8.0\Microsoft.Extensions.Caching.Memory.dll'. Choosing 'Reference:C:\Users\MUKHIL\.nuget\packages\microsoft.aspnetcore.app.ref\8.0.22\ref\net8.0\Microsoft.Extensions.Caching.Memory.dll' because file version '8.0.2225.52707' is greater than '8.0.1024.46610'.
         Encountered conflict between 'Reference:C:\Users\MUKHIL\.nuget\packages\microsoft.extensions.dependencyinjection.abstractions\8.0.2\lib\net8.0\Microsoft.Extensions.DependencyInjection.Abstractions.dll' and 'Reference:C:\Users\MUKHIL\.nuget\packages\microsoft.aspnetcore.app.ref\8.0.22\ref\net8.0\Microsoft.Extensions.DependencyInjection.Abstractions.dll'. Choosing 'Reference:C:\Users\MUKHIL\.nuget\packages\microsoft.aspnetcore.app.ref\8.0.22\ref\net8.0\Microsoft.Extensions.DependencyInjection.Abstractions.dll' because file version '8.0.2225.52707' is greater than '8.0.1024.46610'.
         Encountered conflict between 'Reference:C:\Users\MUKHIL\.nuget\packages\microsoft.extensions.dependencyinjection\8.0.1\lib\net8.0\Microsoft.Extensions.DependencyInjection.dll' and 'Reference:C:\Users\MUKHIL\.nuget\packages\microsoft.aspnetcore.app.ref\8.0.22\ref\net8.0\Microsoft.Extensions.DependencyInjection.dll'. Choosing 'Reference:C:\Users\MUKHIL\.nuget\packages\microsoft.aspnetcore.app.ref\8.0.22\ref\net8.0\Microsoft.Extensions.DependencyInjection.dll' because file version '8.0.2225.52707' is greater than '8.0.1024.46610'.
         Encountered conflict between 'Reference:C:\Users\MUKHIL\.nuget\packages\microsoft.extensions.diagnostics.abstractions\8.0.1\lib\net8.0\Microsoft.Extensions.Diagnostics.Abstractions.dll' and 'Reference:C:\Users\MUKHIL\.nuget\packages\microsoft.aspnetcore.app.ref\8.0.22\ref\net8.0\Microsoft.Extensions.Diagnostics.Abstractions.dll'. Choosing 'Reference:C:\Users\MUKHIL\.nuget\packages\microsoft.aspnetcore.app.ref\8.0.22\ref\net8.0\Microsoft.Extensions.Diagnostics.Abstractions.dll' because file version '8.0.2225.52707' is greater than '8.0.1024.46610'.
         Encountered conflict between 'Reference:C:\Users\MUKHIL\.nuget\packages\microsoft.extensions.hosting.abstractions\8.0.1\lib\net8.0\Microsoft.Extensions.Hosting.Abstractions.dll' and 'Reference:C:\Users\MUKHIL\.nuget\packages\microsoft.aspnetcore.app.ref\8.0.22\ref\net8.0\Microsoft.Extensions.Hosting.Abstractions.dll'. Choosing 'Reference:C:\Users\MUKHIL\.nuget\packages\microsoft.aspnetcore.app.ref\8.0.22\ref\net8.0\Microsoft.Extensions.Hosting.Abstractions.dll' because file version '8.0.2225.52707' is greater than '8.0.1024.46610'.
         Encountered conflict between 'Reference:C:\Users\MUKHIL\.nuget\packages\microsoft.extensions.logging.abstractions\8.0.2\lib\net8.0\Microsoft.Extensions.Logging.Abstractions.dll' and 'Reference:C:\Users\MUKHIL\.nuget\packages\microsoft.aspnetcore.app.ref\8.0.22\ref\net8.0\Microsoft.Extensions.Logging.Abstractions.dll'. Choosing 'Reference:C:\Users\MUKHIL\.nuget\packages\microsoft.aspnetcore.app.ref\8.0.22\ref\net8.0\Microsoft.Extensions.Logging.Abstractions.dll' because file version '8.0.2225.52707' is greater than '8.0.1024.46610'.
         Encountered conflict between 'Reference:C:\Users\MUKHIL\.nuget\packages\microsoft.extensions.logging\8.0.1\lib\net8.0\Microsoft.Extensions.Logging.dll' and 'Reference:C:\Users\MUKHIL\.nuget\packages\microsoft.aspnetcore.app.ref\8.0.22\ref\net8.0\Microsoft.Extensions.Logging.dll'. Choosing 'Reference:C:\Users\MUKHIL\.nuget\packages\microsoft.aspnetcore.app.ref\8.0.22\ref\net8.0\Microsoft.Extensions.Logging.dll' because file version '8.0.2225.52707' is greater than '8.0.1024.46610'.
         Encountered conflict between 'Reference:C:\Users\MUKHIL\.nuget\packages\microsoft.extensions.objectpool\8.0.11\lib\net8.0\Microsoft.Extensions.ObjectPool.dll' and 'Reference:C:\Users\MUKHIL\.nuget\packages\microsoft.aspnetcore.app.ref\8.0.22\ref\net8.0\Microsoft.Extensions.ObjectPool.dll'. Choosing 'Reference:C:\Users\MUKHIL\.nuget\packages\microsoft.aspnetcore.app.ref\8.0.22\ref\net8.0\Microsoft.Extensions.ObjectPool.dll' because file version '8.0.2225.52808' is greater than '8.0.1124.52116'.
         Encountered conflict between 'Reference:C:\Users\MUKHIL\.nuget\packages\microsoft.extensions.options\8.0.2\lib\net8.0\Microsoft.Extensions.Options.dll' and 'Reference:C:\Users\MUKHIL\.nuget\packages\microsoft.aspnetcore.app.ref\8.0.22\ref\net8.0\Microsoft.Extensions.Options.dll'. Choosing 'Reference:C:\Users\MUKHIL\.nuget\packages\microsoft.aspnetcore.app.ref\8.0.22\ref\net8.0\Microsoft.Extensions.Options.dll' because file version '8.0.2225.52707' is greater than '8.0.224.6711'.
         Encountered conflict between 'Reference:C:\Users\MUKHIL\.nuget\packages\microsoft.extensions.webencoders\8.0.11\lib\net8.0\Microsoft.Extensions.WebEncoders.dll' and 'Reference:C:\Users\MUKHIL\.nuget\packages\microsoft.aspnetcore.app.ref\8.0.22\ref\net8.0\Microsoft.Extensions.WebEncoders.dll'. Choosing 'Reference:C:\Users\MUKHIL\.nuget\packages\microsoft.aspnetcore.app.ref\8.0.22\ref\net8.0\Microsoft.Extensions.WebEncoders.dll' because file version '8.0.2225.52808' is greater than '8.0.1124.52116'.
         Encountered conflict between 'Reference:C:\Users\MUKHIL\.nuget\packages\system.security.cryptography.xml\8.0.2\lib\net8.0\System.Security.Cryptography.Xml.dll' and 'Reference:C:\Users\MUKHIL\.nuget\packages\microsoft.aspnetcore.app.ref\8.0.22\ref\net8.0\System.Security.Cryptography.Xml.dll'. Choosing 'Reference:C:\Users\MUKHIL\.nuget\packages\microsoft.aspnetcore.app.ref\8.0.22\ref\net8.0\System.Security.Cryptography.Xml.dll' because file version '8.0.2225.52707' is greater than '8.0.1024.46610'.
         Encountered conflict between 'Analyzer:C:\Users\MUKHIL\.nuget\packages\microsoft.extensions.logging.abstractions\8.0.2\analyzers\dotnet\roslyn4.4\cs\Microsoft.Extensions.Logging.Generators.dll' and 'Analyzer:C:\Users\MUKHIL\.nuget\packages\microsoft.aspnetcore.app.ref\8.0.22\analyzers/dotnet/roslyn4.4/cs/Microsoft.Extensions.Logging.Generators.dll'. Choosing 'Analyzer:C:\Users\MUKHIL\.nuget\packages\microsoft.aspnetcore.app.ref\8.0.22\analyzers/dotnet/roslyn4.4/cs/Microsoft.Extensions.Logging.Generators.dll' because AssemblyVersion '8.0.13.2707' is greater than '8.0.10.46610'.
         Encountered conflict between 'Analyzer:C:\Users\MUKHIL\.nuget\packages\microsoft.extensions.options\8.0.2\analyzers\dotnet\roslyn4.4\cs\Microsoft.Extensions.Options.SourceGeneration.dll' and 'Analyzer:C:\Users\MUKHIL\.nuget\packages\microsoft.aspnetcore.app.ref\8.0.22\analyzers/dotnet/roslyn4.4/cs/Microsoft.Extensions.Options.SourceGeneration.dll'. Choosing 'Analyzer:C:\Users\MUKHIL\.nuget\packages\microsoft.aspnetcore.app.ref\8.0.22\analyzers/dotnet/roslyn4.4/cs/Microsoft.Extensions.Options.SourceGeneration.dll' because AssemblyVersion '8.0.13.2707' is greater than '8.0.10.6711'.
         Encountered conflict between 'Platform:Microsoft.Extensions.Caching.Memory.dll' and 'CopyLocal:C:\Users\MUKHIL\.nuget\packages\microsoft.extensions.caching.memory\8.0.1\lib\net8.0\Microsoft.Extensions.Caching.Memory.dll'. Choosing 'CopyLocal:C:\Users\MUKHIL\.nuget\packages\microsoft.extensions.caching.memory\8.0.1\lib\net8.0\Microsoft.Extensions.Caching.Memory.dll' because file version '8.0.1024.46610' is greater than '8.0.23.53103'.
         Encountered conflict between 'Platform:Microsoft.Extensions.DependencyInjection.dll' and 'CopyLocal:C:\Users\MUKHIL\.nuget\packages\microsoft.extensions.dependencyinjection\8.0.1\lib\net8.0\Microsoft.Extensions.DependencyInjection.dll'. Choosing 'CopyLocal:C:\Users\MUKHIL\.nuget\packages\microsoft.extensions.dependencyinjection\8.0.1\lib\net8.0\Microsoft.Extensions.DependencyInjection.dll' because file version '8.0.1024.46610' is greater than '8.0.23.53103'.
         Encountered conflict between 'Platform:Microsoft.Extensions.DependencyInjection.Abstractions.dll' and 'CopyLocal:C:\Users\MUKHIL\.nuget\packages\microsoft.extensions.dependencyinjection.abstractions\8.0.2\lib\net8.0\Microsoft.Extensions.DependencyInjection.Abstractions.dll'. Choosing 'CopyLocal:C:\Users\MUKHIL\.nuget\packages\microsoft.extensions.dependencyinjection.abstractions\8.0.2\lib\net8.0\Microsoft.Extensions.DependencyInjection.Abstractions.dll' because file version '8.0.1024.46610' is greater than '8.0.23.53103'.
         Encountered conflict between 'Platform:Microsoft.Extensions.Diagnostics.Abstractions.dll' and 'CopyLocal:C:\Users\MUKHIL\.nuget\packages\microsoft.extensions.diagnostics.abstractions\8.0.1\lib\net8.0\Microsoft.Extensions.Diagnostics.Abstractions.dll'. Choosing 'CopyLocal:C:\Users\MUKHIL\.nuget\packages\microsoft.extensions.diagnostics.abstractions\8.0.1\lib\net8.0\Microsoft.Extensions.Diagnostics.Abstractions.dll' because file version '8.0.1024.46610' is greater than '8.0.23.53103'.
         Encountered conflict between 'Platform:Microsoft.Extensions.Hosting.Abstractions.dll' and 'CopyLocal:C:\Users\MUKHIL\.nuget\packages\microsoft.extensions.hosting.abstractions\8.0.1\lib\net8.0\Microsoft.Extensions.Hosting.Abstractions.dll'. Choosing 'CopyLocal:C:\Users\MUKHIL\.nuget\packages\microsoft.extensions.hosting.abstractions\8.0.1\lib\net8.0\Microsoft.Extensions.Hosting.Abstractions.dll' because file version '8.0.1024.46610' is greater than '8.0.23.53103'.
         Encountered conflict between 'Platform:Microsoft.Extensions.Logging.dll' and 'CopyLocal:C:\Users\MUKHIL\.nuget\packages\microsoft.extensions.logging\8.0.1\lib\net8.0\Microsoft.Extensions.Logging.dll'. Choosing 'CopyLocal:C:\Users\MUKHIL\.nuget\packages\microsoft.extensions.logging\8.0.1\lib\net8.0\Microsoft.Extensions.Logging.dll' because file version '8.0.1024.46610' is greater than '8.0.23.53103'.
         Encountered conflict between 'Platform:Microsoft.Extensions.Logging.Abstractions.dll' and 'CopyLocal:C:\Users\MUKHIL\.nuget\packages\microsoft.extensions.logging.abstractions\8.0.2\lib\net8.0\Microsoft.Extensions.Logging.Abstractions.dll'. Choosing 'CopyLocal:C:\Users\MUKHIL\.nuget\packages\microsoft.extensions.logging.abstractions\8.0.2\lib\net8.0\Microsoft.Extensions.Logging.Abstractions.dll' because file version '8.0.1024.46610' is greater than '8.0.23.53103'.
         Encountered conflict between 'Platform:Microsoft.Extensions.ObjectPool.dll' and 'CopyLocal:C:\Users\MUKHIL\.nuget\packages\microsoft.extensions.objectpool\8.0.11\lib\net8.0\Microsoft.Extensions.ObjectPool.dll'. Choosing 'CopyLocal:C:\Users\MUKHIL\.nuget\packages\microsoft.extensions.objectpool\8.0.11\lib\net8.0\Microsoft.Extensions.ObjectPool.dll' because file version '8.0.1124.52116' is greater than '8.0.23.53112'.
         Encountered conflict between 'Platform:Microsoft.Extensions.Options.dll' and 'CopyLocal:C:\Users\MUKHIL\.nuget\packages\microsoft.extensions.options\8.0.2\lib\net8.0\Microsoft.Extensions.Options.dll'. Choosing 'CopyLocal:C:\Users\MUKHIL\.nuget\packages\microsoft.extensions.options\8.0.2\lib\net8.0\Microsoft.Extensions.Options.dll' because file version '8.0.224.6711' is greater than '8.0.23.53103'.
         Encountered conflict between 'Platform:Microsoft.Extensions.WebEncoders.dll' and 'CopyLocal:C:\Users\MUKHIL\.nuget\packages\microsoft.extensions.webencoders\8.0.11\lib\net8.0\Microsoft.Extensions.WebEncoders.dll'. Choosing 'CopyLocal:C:\Users\MUKHIL\.nuget\packages\microsoft.extensions.webencoders\8.0.11\lib\net8.0\Microsoft.Extensions.WebEncoders.dll' because file version '8.0.1124.52116' is greater than '8.0.23.53112'.
         Encountered conflict between 'Platform:Microsoft.Win32.Registry.dll' and 'CopyLocal:C:\Users\MUKHIL\.nuget\packages\microsoft.win32.registry\4.5.0\lib\netstandard2.0\Microsoft.Win32.Registry.dll'. Choosing 'Platform:Microsoft.Win32.Registry.dll' because AssemblyVersion '8.0.0.0' is greater than '4.1.1.0'.
         Encountered conflict between 'Platform:System.Collections.Immutable.dll' and 'CopyLocal:C:\Users\MUKHIL\.nuget\packages\system.collections.immutable\6.0.0\lib\net6.0\System.Collections.Immutable.dll'. Choosing 'Platform:System.Collections.Immutable.dll' because AssemblyVersion '8.0.0.0' is greater than '6.0.0.0'.
         Encountered conflict between 'Platform:System.ComponentModel.Annotations.dll' and 'CopyLocal:C:\Users\MUKHIL\.nuget\packages\system.componentmodel.annotations\5.0.0\lib\netstandard2.1\System.ComponentModel.Annotations.dll'. Choosing 'Platform:System.ComponentModel.Annotations.dll' because AssemblyVersion '8.0.0.0' is greater than '5.0.0.0'.
         Encountered conflict between 'Platform:System.Diagnostics.DiagnosticSource.dll' and 'CopyLocal:C:\Users\MUKHIL\.nuget\packages\system.diagnostics.diagnosticsource\6.0.1\lib\net6.0\System.Diagnostics.DiagnosticSource.dll'. Choosing 'Platform:System.Diagnostics.DiagnosticSource.dll' because AssemblyVersion '8.0.0.0' is greater than '6.0.0.0'.
         Encountered conflict between 'Platform:System.Formats.Asn1.dll' and 'CopyLocal:C:\Users\MUKHIL\.nuget\packages\system.formats.asn1\8.0.2\lib\net8.0\System.Formats.Asn1.dll'. Choosing 'Platform:System.Formats.Asn1.dll' because file version '8.0.2225.52707' is greater than '8.0.1325.6609'.
         Encountered conflict between 'Platform:System.Reflection.Metadata.dll' and 'CopyLocal:C:\Users\MUKHIL\.nuget\packages\system.reflection.metadata\6.0.1\lib\net6.0\System.Reflection.Metadata.dll'. Choosing 'Platform:System.Reflection.Metadata.dll' because AssemblyVersion '8.0.0.0' is greater than '6.0.0.0'.
         Encountered conflict between 'Platform:System.Runtime.CompilerServices.Unsafe.dll' and 'CopyLocal:C:\Users\MUKHIL\.nuget\packages\system.runtime.compilerservices.unsafe\6.0.0\lib\net6.0\System.Runtime.CompilerServices.Unsafe.dll'. Choosing 'Platform:System.Runtime.CompilerServices.Unsafe.dll' because AssemblyVersion '8.0.0.0' is greater than '6.0.0.0'.
         Encountered conflict between 'Platform:System.Security.AccessControl.dll' and 'CopyLocal:C:\Users\MUKHIL\.nuget\packages\system.security.accesscontrol\6.0.0\lib\net6.0\System.Security.AccessControl.dll'. Choosing 'Platform:System.Security.AccessControl.dll' because AssemblyVersion '8.0.0.0' is greater than '6.0.0.0'.
         Encountered conflict between 'Platform:System.Security.Cryptography.Cng.dll' and 'CopyLocal:C:\Users\MUKHIL\.nuget\packages\system.security.cryptography.cng\5.0.0\lib\netcoreapp3.0\System.Security.Cryptography.Cng.dll'. Choosing 'Platform:System.Security.Cryptography.Cng.dll' because AssemblyVersion '8.0.0.0' is greater than '5.0.0.0'.
         Encountered conflict between 'Platform:System.Security.Cryptography.Pkcs.dll' and 'CopyLocal:C:\Users\MUKHIL\.nuget\packages\system.security.cryptography.pkcs\8.0.1\lib\net8.0\System.Security.Cryptography.Pkcs.dll'. Choosing 'CopyLocal:C:\Users\MUKHIL\.nuget\packages\system.security.cryptography.pkcs\8.0.1\lib\net8.0\System.Security.Cryptography.Pkcs.dll' because file version '8.0.1024.46610' is greater than '8.0.23.53103'.
         Encountered conflict between 'Platform:System.Security.Cryptography.Xml.dll' and 'CopyLocal:C:\Users\MUKHIL\.nuget\packages\system.security.cryptography.xml\8.0.2\lib\net8.0\System.Security.Cryptography.Xml.dll'. Choosing 'CopyLocal:C:\Users\MUKHIL\.nuget\packages\system.security.cryptography.xml\8.0.2\lib\net8.0\System.Security.Cryptography.Xml.dll' because file version '8.0.1024.46610' is greater than '8.0.23.53103'.
         Encountered conflict between 'Platform:System.Security.Principal.Windows.dll' and 'CopyLocal:C:\Users\MUKHIL\.nuget\packages\system.security.principal.windows\5.0.0\lib\netstandard2.0\System.Security.Principal.Windows.dll'. Choosing 'Platform:System.Security.Principal.Windows.dll' because AssemblyVersion '8.0.0.0' is greater than '5.0.0.0'.
         Encountered conflict between 'Platform:System.Text.Encoding.CodePages.dll' and 'CopyLocal:C:\Users\MUKHIL\.nuget\packages\system.text.encoding.codepages\6.0.0\lib\net6.0\System.Text.Encoding.CodePages.dll'. Choosing 'Platform:System.Text.Encoding.CodePages.dll' because AssemblyVersion '8.0.0.0' is greater than '6.0.0.0'.
         Encountered conflict between 'Platform:System.Text.Encodings.Web.dll' and 'CopyLocal:C:\Users\MUKHIL\.nuget\packages\system.text.encodings.web\8.0.0\lib\net8.0\System.Text.Encodings.Web.dll'. Choosing 'Platform:System.Text.Encodings.Web.dll' because file version '8.0.2225.52707' is greater than '8.0.23.53103'.
         Encountered conflict between 'Platform:System.Text.Json.dll' and 'CopyLocal:C:\Users\MUKHIL\.nuget\packages\system.text.json\4.7.2\lib\netcoreapp3.0\System.Text.Json.dll'. Choosing 'Platform:System.Text.Json.dll' because AssemblyVersion '8.0.0.0' is greater than '4.0.1.2'.
         Encountered conflict between 'Platform:System.Threading.Channels.dll' and 'CopyLocal:C:\Users\MUKHIL\.nuget\packages\system.threading.channels\6.0.0\lib\net6.0\System.Threading.Channels.dll'. Choosing 'Platform:System.Threading.Channels.dll' because AssemblyVersion '8.0.0.0' is greater than '6.0.0.0'.
         Encountered conflict between 'Platform:Microsoft.Win32.Registry.dll' and 'CopyLocal:C:\Users\MUKHIL\.nuget\packages\microsoft.win32.registry\4.5.0\runtimes\unix\lib\netstandard2.0\Microsoft.Win32.Registry.dll'. Choosing 'Platform:Microsoft.Win32.Registry.dll' because AssemblyVersion '8.0.0.0' is greater than '4.1.1.0'.
         Encountered conflict between 'Platform:Microsoft.Win32.Registry.dll' and 'CopyLocal:C:\Users\MUKHIL\.nuget\packages\microsoft.win32.registry\4.5.0\runtimes\win\lib\netstandard2.0\Microsoft.Win32.Registry.dll'. Choosing 'Platform:Microsoft.Win32.Registry.dll' because AssemblyVersion '8.0.0.0' is greater than '4.1.1.0'.
         Encountered conflict between 'Platform:System.Security.AccessControl.dll' and 'CopyLocal:C:\Users\MUKHIL\.nuget\packages\system.security.accesscontrol\6.0.0\runtimes\win\lib\net6.0\System.Security.AccessControl.dll'. Choosing 'Platform:System.Security.AccessControl.dll' because AssemblyVersion '8.0.0.0' is greater than '6.0.0.0'.
         Encountered conflict between 'Platform:System.Security.Cryptography.Cng.dll' and 'CopyLocal:C:\Users\MUKHIL\.nuget\packages\system.security.cryptography.cng\5.0.0\runtimes\win\lib\netcoreapp3.0\System.Security.Cryptography.Cng.dll'. Choosing 'Platform:System.Security.Cryptography.Cng.dll' because AssemblyVersion '8.0.0.0' is greater than '5.0.0.0'.
         Encountered conflict between 'Platform:System.Security.Principal.Windows.dll' and 'CopyLocal:C:\Users\MUKHIL\.nuget\packages\system.security.principal.windows\5.0.0\runtimes\unix\lib\netcoreapp2.1\System.Security.Principal.Windows.dll'. Choosing 'Platform:System.Security.Principal.Windows.dll' because AssemblyVersion '8.0.0.0' is greater than '5.0.0.0'.
         Encountered conflict between 'Platform:System.Security.Principal.Windows.dll' and 'CopyLocal:C:\Users\MUKHIL\.nuget\packages\system.security.principal.windows\5.0.0\runtimes\win\lib\netcoreapp2.1\System.Security.Principal.Windows.dll'. Choosing 'Platform:System.Security.Principal.Windows.dll' because AssemblyVersion '8.0.0.0' is greater than '5.0.0.0'.
         Encountered conflict between 'Platform:System.Text.Encoding.CodePages.dll' and 'CopyLocal:C:\Users\MUKHIL\.nuget\packages\system.text.encoding.codepages\6.0.0\runtimes\win\lib\net6.0\System.Text.Encoding.CodePages.dll'. Choosing 'Platform:System.Text.Encoding.CodePages.dll' because AssemblyVersion '8.0.0.0' is greater than '6.0.0.0'.
         Encountered conflict between 'Platform:System.Text.Encodings.Web.dll' and 'CopyLocal:C:\Users\MUKHIL\.nuget\packages\system.text.encodings.web\8.0.0\runtimes\browser\lib\net8.0\System.Text.Encodings.Web.dll'. Choosing 'Platform:System.Text.Encodings.Web.dll' because file version '8.0.2225.52707' is greater than '8.0.23.53103'.
         Encountered conflict between 'Platform:mscorlib.dll' and 'Platform:mscorlib.dll'. Could not determine winner due to equal file and assembly versions.
         Encountered conflict between 'Platform:Microsoft.VisualBasic.dll' and 'Platform:Microsoft.VisualBasic.dll'. Could not determine winner due to equal file and assembly versions.
         Encountered conflict between 'Platform:System.dll' and 'Platform:System.dll'. Could not determine winner due to equal file and assembly versions.
         Encountered conflict between 'Platform:System.ComponentModel.DataAnnotations.dll' and 'Platform:System.ComponentModel.DataAnnotations.dll'. Could not determine winner due to equal file and assembly versions.
         Encountered conflict between 'Platform:System.Configuration.dll' and 'Platform:System.Configuration.dll'. Could not determine winner due to equal file and assembly versions.
         Encountered conflict between 'Platform:System.Core.dll' and 'Platform:System.Core.dll'. Could not determine winner due to equal file and assembly versions.
         Encountered conflict between 'Platform:System.Data.dll' and 'Platform:System.Data.dll'. Could not determine winner due to equal file and assembly versions.
         Encountered conflict between 'Platform:System.Drawing.dll' and 'Platform:System.Drawing.dll'. Could not determine winner due to equal file and assembly versions.
         Encountered conflict between 'Platform:System.IO.Compression.FileSystem.dll' and 'Platform:System.IO.Compression.FileSystem.dll'. Could not determine winner due to equal file and assembly versions.
         Encountered conflict between 'Platform:System.Net.dll' and 'Platform:System.Net.dll'. Could not determine winner due to equal file and assembly versions.
         Encountered conflict between 'Platform:System.Numerics.dll' and 'Platform:System.Numerics.dll'. Could not determine winner due to equal file and assembly versions.
         Encountered conflict between 'Platform:System.Runtime.Serialization.dll' and 'Platform:System.Runtime.Serialization.dll'. Could not determine winner due to equal file and assembly versions.
         Encountered conflict between 'Platform:System.Security.dll' and 'Platform:System.Security.dll'. Could not determine winner due to equal file and assembly versions.
         Encountered conflict between 'Platform:System.ServiceProcess.dll' and 'Platform:System.ServiceProcess.dll'. Could not determine winner due to equal file and assembly versions.
         Encountered conflict between 'Platform:System.ServiceModel.Web.dll' and 'Platform:System.ServiceModel.Web.dll'. Could not determine winner due to equal file and assembly versions.
         Encountered conflict between 'Platform:System.Transactions.dll' and 'Platform:System.Transactions.dll'. Could not determine winner due to equal file and assembly versions.
         Encountered conflict between 'Platform:System.Web.dll' and 'Platform:System.Web.dll'. Could not determine winner due to equal file and assembly versions.
         Encountered conflict between 'Platform:System.Windows.dll' and 'Platform:System.Windows.dll'. Could not determine winner due to equal file and assembly versions.
         Encountered conflict between 'Platform:System.Xml.dll' and 'Platform:System.Xml.dll'. Could not determine winner due to equal file and assembly versions.
         Encountered conflict between 'Platform:System.Xml.Serialization.dll' and 'Platform:System.Xml.Serialization.dll'. Could not determine winner due to equal file and assembly versions.
         Encountered conflict between 'Platform:System.Xml.Linq.dll' and 'Platform:System.Xml.Linq.dll'. Could not determine winner due to equal file and assembly versions.
         Encountered conflict between 'Platform:WindowsBase.dll' and 'Platform:WindowsBase.dll'. Could not determine winner due to equal file and assembly versions.
         Encountered conflict between 'Platform:netstandard.dll' and 'Platform:netstandard.dll'. Could not determine winner due to equal file and assembly versions.
         Encountered conflict between 'Platform:System.Private.CoreLib.dll' and 'Platform:System.Private.CoreLib.dll'. Could not determine winner due to equal file and assembly versions.
         Encountered conflict between 'Platform:System.Private.DataContractSerialization.dll' and 'Platform:System.Private.DataContractSerialization.dll'. Could not determine winner due to equal file and assembly versions.
         Encountered conflict between 'Platform:System.Private.Uri.dll' and 'Platform:System.Private.Uri.dll'. Could not determine winner due to equal file and assembly versions.
         Encountered conflict between 'Platform:System.Private.Xml.dll' and 'Platform:System.Private.Xml.dll'. Could not determine winner due to equal file and assembly versions.
         Encountered conflict between 'Platform:System.Private.Xml.Linq.dll' and 'Platform:System.Private.Xml.Linq.dll'. Could not determine winner due to equal file and assembly versions.
         Encountered conflict between 'Platform:mscordaccore_amd64_amd64_8.0.2225.52707.dll' and 'Platform:mscordaccore_amd64_amd64_8.0.2225.52707.dll'. Could not determine winner due to equal file and assembly versions.
       Done executing task "ResolvePackageFileConflicts".
   1:7>Done building target "_HandlePackageFileConflicts" in project "InternalExamScrutinySystem.Api.csproj".
       Target "ResolveTargetingPackAssets" skipped. Previously built successfully.
   1:7>Target "ResolveAssemblyReferences" in file "C:\Program Files\dotnet\sdk\10.0.101\Microsoft.Common.CurrentVersion.targets" from project "c:\krishna mini project\backend\InternalExamScrutinySystem.Api\InternalExamScrutinySystem.Api.csproj" (target "ResolveReferences" depends on it):
       Using "ResolveAssemblyReference" task from assembly "Microsoft.Build.Tasks.Core, Version=15.1.0.0, Culture=neutral, PublicKeyToken=b03f5f7f11d50a3a".
       Task "ResolveAssemblyReference"
         TargetFrameworkMoniker:
             .NETCoreApp,Version=v8.0
         TargetFrameworkMonikerDisplayName:
             .NET 8.0
         TargetedRuntimeVersion:
             
         Assemblies:
             C:\Users\MUKHIL\.nuget\packages\automapper\13.0.0\lib\net6.0\AutoMapper.dll
                 Private = 'false'
                 HintPath = 'C:\Users\MUKHIL\.nuget\packages\automapper\13.0.0\lib\net6.0\AutoMapper.dll'
             C:\Users\MUKHIL\.nuget\packages\azure.core\1.38.0\lib\net6.0\Azure.Core.dll
                 Private = 'false'
                 HintPath = 'C:\Users\MUKHIL\.nuget\packages\azure.core\1.38.0\lib\net6.0\Azure.Core.dll'
             C:\Users\MUKHIL\.nuget\packages\azure.identity\1.11.4\lib\netstandard2.0\Azure.Identity.dll
                 Private = 'false'
                 HintPath = 'C:\Users\MUKHIL\.nuget\packages\azure.identity\1.11.4\lib\netstandard2.0\Azure.Identity.dll'
             C:\Users\MUKHIL\.nuget\packages\microsoft.aspnetcore.authentication.jwtbearer\8.0.25\lib\net8.0\Microsoft.AspNetCore.Authentication.JwtBearer.dll
                 Private = 'false'
                 HintPath = 'C:\Users\MUKHIL\.nuget\packages\microsoft.aspnetcore.authentication.jwtbearer\8.0.25\lib\net8.0\Microsoft.AspNetCore.Authentication.JwtBearer.dll'
             C:\Users\MUKHIL\.nuget\packages\microsoft.aspnetcore.openapi\8.0.8\lib\net8.0\Microsoft.AspNetCore.OpenApi.dll
                 Private = 'false'
                 HintPath = 'C:\Users\MUKHIL\.nuget\packages\microsoft.aspnetcore.openapi\8.0.8\lib\net8.0\Microsoft.AspNetCore.OpenApi.dll'
             C:\Users\MUKHIL\.nuget\packages\microsoft.bcl.asyncinterfaces\6.0.0\lib\netstandard2.1\Microsoft.Bcl.AsyncInterfaces.dll
                 Private = 'false'
                 HintPath = 'C:\Users\MUKHIL\.nuget\packages\microsoft.bcl.asyncinterfaces\6.0.0\lib\netstandard2.1\Microsoft.Bcl.AsyncInterfaces.dll'
             C:\Users\MUKHIL\.nuget\packages\microsoft.data.sqlclient\5.1.7\ref\net6.0\Microsoft.Data.SqlClient.dll
                 Private = 'false'
                 HintPath = 'C:\Users\MUKHIL\.nuget\packages\microsoft.data.sqlclient\5.1.7\ref\net6.0\Microsoft.Data.SqlClient.dll'
             C:\Users\MUKHIL\.nuget\packages\microsoft.entityframeworkcore\8.0.25\lib\net8.0\Microsoft.EntityFrameworkCore.dll
                 Private = 'false'
                 HintPath = 'C:\Users\MUKHIL\.nuget\packages\microsoft.entityframeworkcore\8.0.25\lib\net8.0\Microsoft.EntityFrameworkCore.dll'
             C:\Users\MUKHIL\.nuget\packages\microsoft.entityframeworkcore.abstractions\8.0.25\lib\net8.0\Microsoft.EntityFrameworkCore.Abstractions.dll
                 Private = 'false'
                 HintPath = 'C:\Users\MUKHIL\.nuget\packages\microsoft.entityframeworkcore.abstractions\8.0.25\lib\net8.0\Microsoft.EntityFrameworkCore.Abstractions.dll'
             C:\Users\MUKHIL\.nuget\packages\microsoft.entityframeworkcore.relational\8.0.25\lib\net8.0\Microsoft.EntityFrameworkCore.Relational.dll
                 Private = 'false'
                 HintPath = 'C:\Users\MUKHIL\.nuget\packages\microsoft.entityframeworkcore.relational\8.0.25\lib\net8.0\Microsoft.EntityFrameworkCore.Relational.dll'
             C:\Users\MUKHIL\.nuget\packages\microsoft.entityframeworkcore.sqlserver\8.0.25\lib\net8.0\Microsoft.EntityFrameworkCore.SqlServer.dll
                 Private = 'false'
                 HintPath = 'C:\Users\MUKHIL\.nuget\packages\microsoft.entityframeworkcore.sqlserver\8.0.25\lib\net8.0\Microsoft.EntityFrameworkCore.SqlServer.dll'
             C:\Users\MUKHIL\.nuget\packages\microsoft.identity.client\4.61.3\lib\net6.0\Microsoft.Identity.Client.dll
                 Private = 'false'
                 HintPath = 'C:\Users\MUKHIL\.nuget\packages\microsoft.identity.client\4.61.3\lib\net6.0\Microsoft.Identity.Client.dll'
             C:\Users\MUKHIL\.nuget\packages\microsoft.identity.client.extensions.msal\4.61.3\lib\net6.0\Microsoft.Identity.Client.Extensions.Msal.dll
                 Private = 'false'
                 HintPath = 'C:\Users\MUKHIL\.nuget\packages\microsoft.identity.client.extensions.msal\4.61.3\lib\net6.0\Microsoft.Identity.Client.Extensions.Msal.dll'
             C:\Users\MUKHIL\.nuget\packages\microsoft.identitymodel.abstractions\7.1.2\lib\net8.0\Microsoft.IdentityModel.Abstractions.dll
                 Private = 'false'
                 HintPath = 'C:\Users\MUKHIL\.nuget\packages\microsoft.identitymodel.abstractions\7.1.2\lib\net8.0\Microsoft.IdentityModel.Abstractions.dll'
             C:\Users\MUKHIL\.nuget\packages\microsoft.identitymodel.jsonwebtokens\7.1.2\lib\net8.0\Microsoft.IdentityModel.JsonWebTokens.dll
                 Private = 'false'
                 HintPath = 'C:\Users\MUKHIL\.nuget\packages\microsoft.identitymodel.jsonwebtokens\7.1.2\lib\net8.0\Microsoft.IdentityModel.JsonWebTokens.dll'
             C:\Users\MUKHIL\.nuget\packages\microsoft.identitymodel.logging\7.1.2\lib\net8.0\Microsoft.IdentityModel.Logging.dll
                 Private = 'false'
                 HintPath = 'C:\Users\MUKHIL\.nuget\packages\microsoft.identitymodel.logging\7.1.2\lib\net8.0\Microsoft.IdentityModel.Logging.dll'
             C:\Users\MUKHIL\.nuget\packages\microsoft.identitymodel.protocols\7.1.2\lib\net8.0\Microsoft.IdentityModel.Protocols.dll
                 Private = 'false'
                 HintPath = 'C:\Users\MUKHIL\.nuget\packages\microsoft.identitymodel.protocols\7.1.2\lib\net8.0\Microsoft.IdentityModel.Protocols.dll'
             C:\Users\MUKHIL\.nuget\packages\microsoft.identitymodel.protocols.openidconnect\7.1.2\lib\net8.0\Microsoft.IdentityModel.Protocols.OpenIdConnect.dll
                 Private = 'false'
                 HintPath = 'C:\Users\MUKHIL\.nuget\packages\microsoft.identitymodel.protocols.openidconnect\7.1.2\lib\net8.0\Microsoft.IdentityModel.Protocols.OpenIdConnect.dll'
             C:\Users\MUKHIL\.nuget\packages\microsoft.identitymodel.tokens\7.1.2\lib\net8.0\Microsoft.IdentityModel.Tokens.dll
                 Private = 'false'
                 HintPath = 'C:\Users\MUKHIL\.nuget\packages\microsoft.identitymodel.tokens\7.1.2\lib\net8.0\Microsoft.IdentityModel.Tokens.dll'
             C:\Users\MUKHIL\.nuget\packages\microsoft.openapi\1.6.14\lib\netstandard2.0\Microsoft.OpenApi.dll
                 Private = 'false'
                 HintPath = 'C:\Users\MUKHIL\.nuget\packages\microsoft.openapi\1.6.14\lib\netstandard2.0\Microsoft.OpenApi.dll'
             C:\Users\MUKHIL\.nuget\packages\microsoft.sqlserver.server\1.0.0\lib\netstandard2.0\Microsoft.SqlServer.Server.dll
                 Private = 'false'
                 HintPath = 'C:\Users\MUKHIL\.nuget\packages\microsoft.sqlserver.server\1.0.0\lib\netstandard2.0\Microsoft.SqlServer.Server.dll'
             C:\Users\MUKHIL\.nuget\packages\swashbuckle.aspnetcore.swagger\6.6.2\lib\net8.0\Swashbuckle.AspNetCore.Swagger.dll
                 Private = 'false'
                 HintPath = 'C:\Users\MUKHIL\.nuget\packages\swashbuckle.aspnetcore.swagger\6.6.2\lib\net8.0\Swashbuckle.AspNetCore.Swagger.dll'
             C:\Users\MUKHIL\.nuget\packages\swashbuckle.aspnetcore.swaggergen\6.6.2\lib\net8.0\Swashbuckle.AspNetCore.SwaggerGen.dll
                 Private = 'false'
                 HintPath = 'C:\Users\MUKHIL\.nuget\packages\swashbuckle.aspnetcore.swaggergen\6.6.2\lib\net8.0\Swashbuckle.AspNetCore.SwaggerGen.dll'
             C:\Users\MUKHIL\.nuget\packages\swashbuckle.aspnetcore.swaggerui\6.6.2\lib\net8.0\Swashbuckle.AspNetCore.SwaggerUI.dll
                 Private = 'false'
                 HintPath = 'C:\Users\MUKHIL\.nuget\packages\swashbuckle.aspnetcore.swaggerui\6.6.2\lib\net8.0\Swashbuckle.AspNetCore.SwaggerUI.dll'
             C:\Users\MUKHIL\.nuget\packages\system.clientmodel\1.0.0\lib\net6.0\System.ClientModel.dll
                 Private = 'false'
                 HintPath = 'C:\Users\MUKHIL\.nuget\packages\system.clientmodel\1.0.0\lib\net6.0\System.ClientModel.dll'
             C:\Users\MUKHIL\.nuget\packages\system.identitymodel.tokens.jwt\7.1.2\lib\net8.0\System.IdentityModel.Tokens.Jwt.dll
                 Private = 'false'
                 HintPath = 'C:\Users\MUKHIL\.nuget\packages\system.identitymodel.tokens.jwt\7.1.2\lib\net8.0\System.IdentityModel.Tokens.Jwt.dll'
             C:\Users\MUKHIL\.nuget\packages\system.memory.data\1.0.2\lib\netstandard2.0\System.Memory.Data.dll
                 Private = 'false'
                 HintPath = 'C:\Users\MUKHIL\.nuget\packages\system.memory.data\1.0.2\lib\netstandard2.0\System.Memory.Data.dll'
             C:\Users\MUKHIL\.nuget\packages\system.security.cryptography.pkcs\8.0.1\lib\net8.0\System.Security.Cryptography.Pkcs.dll
                 Private = 'false'
                 HintPath = 'C:\Users\MUKHIL\.nuget\packages\system.security.cryptography.pkcs\8.0.1\lib\net8.0\System.Security.Cryptography.Pkcs.dll'
             C:\Users\MUKHIL\.nuget\packages\system.security.cryptography.protecteddata\6.0.0\lib\net6.0\System.Security.Cryptography.ProtectedData.dll
                 Private = 'false'
                 HintPath = 'C:\Users\MUKHIL\.nuget\packages\system.security.cryptography.protecteddata\6.0.0\lib\net6.0\System.Security.Cryptography.ProtectedData.dll'
             C:\Users\MUKHIL\.nuget\packages\microsoft.netcore.app.ref\8.0.22\ref/net8.0/Microsoft.CSharp.dll
                 Private = 'false'
             C:\Users\MUKHIL\.nuget\packages\microsoft.netcore.app.ref\8.0.22\ref/net8.0/Microsoft.VisualBasic.Core.dll
                 Private = 'false'
             C:\Users\MUKHIL\.nuget\packages\microsoft.netcore.app.ref\8.0.22\ref/net8.0/Microsoft.VisualBasic.dll
                 Private = 'false'
             C:\Users\MUKHIL\.nuget\packages\microsoft.netcore.app.ref\8.0.22\ref/net8.0/Microsoft.Win32.Primitives.dll
                 Private = 'false'
             C:\Users\MUKHIL\.nuget\packages\microsoft.netcore.app.ref\8.0.22\ref/net8.0/Microsoft.Win32.Registry.dll
                 Private = 'false'
             C:\Users\MUKHIL\.nuget\packages\microsoft.netcore.app.ref\8.0.22\ref/net8.0/System.AppContext.dll
                 Private = 'false'
             C:\Users\MUKHIL\.nuget\packages\microsoft.netcore.app.ref\8.0.22\ref/net8.0/System.Buffers.dll
                 Private = 'false'
             C:\Users\MUKHIL\.nuget\packages\microsoft.netcore.app.ref\8.0.22\ref/net8.0/System.Collections.Concurrent.dll
                 Private = 'false'
             C:\Users\MUKHIL\.nuget\packages\microsoft.netcore.app.ref\8.0.22\ref/net8.0/System.Collections.Immutable.dll
                 Private = 'false'
             C:\Users\MUKHIL\.nuget\packages\microsoft.netcore.app.ref\8.0.22\ref/net8.0/System.Collections.NonGeneric.dll
                 Private = 'false'
             C:\Users\MUKHIL\.nuget\packages\microsoft.netcore.app.ref\8.0.22\ref/net8.0/System.Collections.Specialized.dll
                 Private = 'false'
             C:\Users\MUKHIL\.nuget\packages\microsoft.netcore.app.ref\8.0.22\ref/net8.0/System.Collections.dll
                 Private = 'false'
             C:\Users\MUKHIL\.nuget\packages\microsoft.netcore.app.ref\8.0.22\ref/net8.0/System.ComponentModel.Annotations.dll
                 Private = 'false'
             C:\Users\MUKHIL\.nuget\packages\microsoft.netcore.app.ref\8.0.22\ref/net8.0/System.ComponentModel.DataAnnotations.dll
                 Private = 'false'
             C:\Users\MUKHIL\.nuget\packages\microsoft.netcore.app.ref\8.0.22\ref/net8.0/System.ComponentModel.EventBasedAsync.dll
                 Private = 'false'
             C:\Users\MUKHIL\.nuget\packages\microsoft.netcore.app.ref\8.0.22\ref/net8.0/System.ComponentModel.Primitives.dll
                 Private = 'false'
             C:\Users\MUKHIL\.nuget\packages\microsoft.netcore.app.ref\8.0.22\ref/net8.0/System.ComponentModel.TypeConverter.dll
                 Private = 'false'
             C:\Users\MUKHIL\.nuget\packages\microsoft.netcore.app.ref\8.0.22\ref/net8.0/System.ComponentModel.dll
                 Private = 'false'
             C:\Users\MUKHIL\.nuget\packages\microsoft.netcore.app.ref\8.0.22\ref/net8.0/System.Configuration.dll
                 Private = 'false'
             C:\Users\MUKHIL\.nuget\packages\microsoft.netcore.app.ref\8.0.22\ref/net8.0/System.Console.dll
                 Private = 'false'
             C:\Users\MUKHIL\.nuget\packages\microsoft.netcore.app.ref\8.0.22\ref/net8.0/System.Core.dll
                 Private = 'false'
             C:\Users\MUKHIL\.nuget\packages\microsoft.netcore.app.ref\8.0.22\ref/net8.0/System.Data.Common.dll
                 Private = 'false'
             C:\Users\MUKHIL\.nuget\packages\microsoft.netcore.app.ref\8.0.22\ref/net8.0/System.Data.DataSetExtensions.dll
                 Private = 'false'
             C:\Users\MUKHIL\.nuget\packages\microsoft.netcore.app.ref\8.0.22\ref/net8.0/System.Data.dll
                 Private = 'false'
             C:\Users\MUKHIL\.nuget\packages\microsoft.netcore.app.ref\8.0.22\ref/net8.0/System.Diagnostics.Contracts.dll
                 Private = 'false'
             C:\Users\MUKHIL\.nuget\packages\microsoft.netcore.app.ref\8.0.22\ref/net8.0/System.Diagnostics.Debug.dll
                 Private = 'false'
             C:\Users\MUKHIL\.nuget\packages\microsoft.netcore.app.ref\8.0.22\ref/net8.0/System.Diagnostics.DiagnosticSource.dll
                 Private = 'false'
             C:\Users\MUKHIL\.nuget\packages\microsoft.netcore.app.ref\8.0.22\ref/net8.0/System.Diagnostics.FileVersionInfo.dll
                 Private = 'false'
             C:\Users\MUKHIL\.nuget\packages\microsoft.netcore.app.ref\8.0.22\ref/net8.0/System.Diagnostics.Process.dll
                 Private = 'false'
             C:\Users\MUKHIL\.nuget\packages\microsoft.netcore.app.ref\8.0.22\ref/net8.0/System.Diagnostics.StackTrace.dll
                 Private = 'false'
             C:\Users\MUKHIL\.nuget\packages\microsoft.netcore.app.ref\8.0.22\ref/net8.0/System.Diagnostics.TextWriterTraceListener.dll
                 Private = 'false'
             C:\Users\MUKHIL\.nuget\packages\microsoft.netcore.app.ref\8.0.22\ref/net8.0/System.Diagnostics.Tools.dll
                 Private = 'false'
             C:\Users\MUKHIL\.nuget\packages\microsoft.netcore.app.ref\8.0.22\ref/net8.0/System.Diagnostics.TraceSource.dll
                 Private = 'false'
             C:\Users\MUKHIL\.nuget\packages\microsoft.netcore.app.ref\8.0.22\ref/net8.0/System.Diagnostics.Tracing.dll
                 Private = 'false'
             C:\Users\MUKHIL\.nuget\packages\microsoft.netcore.app.ref\8.0.22\ref/net8.0/System.Drawing.Primitives.dll
                 Private = 'false'
             C:\Users\MUKHIL\.nuget\packages\microsoft.netcore.app.ref\8.0.22\ref/net8.0/System.Drawing.dll
                 Private = 'false'
             C:\Users\MUKHIL\.nuget\packages\microsoft.netcore.app.ref\8.0.22\ref/net8.0/System.Dynamic.Runtime.dll
                 Private = 'false'
             C:\Users\MUKHIL\.nuget\packages\microsoft.netcore.app.ref\8.0.22\ref/net8.0/System.Formats.Asn1.dll
                 Private = 'false'
             C:\Users\MUKHIL\.nuget\packages\microsoft.netcore.app.ref\8.0.22\ref/net8.0/System.Formats.Tar.dll
                 Private = 'false'
             C:\Users\MUKHIL\.nuget\packages\microsoft.netcore.app.ref\8.0.22\ref/net8.0/System.Globalization.Calendars.dll
                 Private = 'false'
             C:\Users\MUKHIL\.nuget\packages\microsoft.netcore.app.ref\8.0.22\ref/net8.0/System.Globalization.Extensions.dll
                 Private = 'false'
             C:\Users\MUKHIL\.nuget\packages\microsoft.netcore.app.ref\8.0.22\ref/net8.0/System.Globalization.dll
                 Private = 'false'
             C:\Users\MUKHIL\.nuget\packages\microsoft.netcore.app.ref\8.0.22\ref/net8.0/System.IO.Compression.Brotli.dll
                 Private = 'false'
             C:\Users\MUKHIL\.nuget\packages\microsoft.netcore.app.ref\8.0.22\ref/net8.0/System.IO.Compression.FileSystem.dll
                 Private = 'false'
             C:\Users\MUKHIL\.nuget\packages\microsoft.netcore.app.ref\8.0.22\ref/net8.0/System.IO.Compression.ZipFile.dll
                 Private = 'false'
             C:\Users\MUKHIL\.nuget\packages\microsoft.netcore.app.ref\8.0.22\ref/net8.0/System.IO.Compression.dll
                 Private = 'false'
             C:\Users\MUKHIL\.nuget\packages\microsoft.netcore.app.ref\8.0.22\ref/net8.0/System.IO.FileSystem.AccessControl.dll
                 Private = 'false'
             C:\Users\MUKHIL\.nuget\packages\microsoft.netcore.app.ref\8.0.22\ref/net8.0/System.IO.FileSystem.DriveInfo.dll
                 Private = 'false'
             C:\Users\MUKHIL\.nuget\packages\microsoft.netcore.app.ref\8.0.22\ref/net8.0/System.IO.FileSystem.Primitives.dll
                 Private = 'false'
             C:\Users\MUKHIL\.nuget\packages\microsoft.netcore.app.ref\8.0.22\ref/net8.0/System.IO.FileSystem.Watcher.dll
                 Private = 'false'
             C:\Users\MUKHIL\.nuget\packages\microsoft.netcore.app.ref\8.0.22\ref/net8.0/System.IO.FileSystem.dll
                 Private = 'false'
             C:\Users\MUKHIL\.nuget\packages\microsoft.netcore.app.ref\8.0.22\ref/net8.0/System.IO.IsolatedStorage.dll
                 Private = 'false'
             C:\Users\MUKHIL\.nuget\packages\microsoft.netcore.app.ref\8.0.22\ref/net8.0/System.IO.MemoryMappedFiles.dll
                 Private = 'false'
             C:\Users\MUKHIL\.nuget\packages\microsoft.netcore.app.ref\8.0.22\ref/net8.0/System.IO.Pipes.AccessControl.dll
                 Private = 'false'
             C:\Users\MUKHIL\.nuget\packages\microsoft.netcore.app.ref\8.0.22\ref/net8.0/System.IO.Pipes.dll
                 Private = 'false'
             C:\Users\MUKHIL\.nuget\packages\microsoft.netcore.app.ref\8.0.22\ref/net8.0/System.IO.UnmanagedMemoryStream.dll
                 Private = 'false'
             C:\Users\MUKHIL\.nuget\packages\microsoft.netcore.app.ref\8.0.22\ref/net8.0/System.IO.dll
                 Private = 'false'
             C:\Users\MUKHIL\.nuget\packages\microsoft.netcore.app.ref\8.0.22\ref/net8.0/System.Linq.Expressions.dll
                 Private = 'false'
             C:\Users\MUKHIL\.nuget\packages\microsoft.netcore.app.ref\8.0.22\ref/net8.0/System.Linq.Parallel.dll
                 Private = 'false'
             C:\Users\MUKHIL\.nuget\packages\microsoft.netcore.app.ref\8.0.22\ref/net8.0/System.Linq.Queryable.dll
                 Private = 'false'
             C:\Users\MUKHIL\.nuget\packages\microsoft.netcore.app.ref\8.0.22\ref/net8.0/System.Linq.dll
                 Private = 'false'
             C:\Users\MUKHIL\.nuget\packages\microsoft.netcore.app.ref\8.0.22\ref/net8.0/System.Memory.dll
                 Private = 'false'
             C:\Users\MUKHIL\.nuget\packages\microsoft.netcore.app.ref\8.0.22\ref/net8.0/System.Net.Http.Json.dll
                 Private = 'false'
             C:\Users\MUKHIL\.nuget\packages\microsoft.netcore.app.ref\8.0.22\ref/net8.0/System.Net.Http.dll
                 Private = 'false'
             C:\Users\MUKHIL\.nuget\packages\microsoft.netcore.app.ref\8.0.22\ref/net8.0/System.Net.HttpListener.dll
                 Private = 'false'
             C:\Users\MUKHIL\.nuget\packages\microsoft.netcore.app.ref\8.0.22\ref/net8.0/System.Net.Mail.dll
                 Private = 'false'
             C:\Users\MUKHIL\.nuget\packages\microsoft.netcore.app.ref\8.0.22\ref/net8.0/System.Net.NameResolution.dll
                 Private = 'false'
             C:\Users\MUKHIL\.nuget\packages\microsoft.netcore.app.ref\8.0.22\ref/net8.0/System.Net.NetworkInformation.dll
                 Private = 'false'
             C:\Users\MUKHIL\.nuget\packages\microsoft.netcore.app.ref\8.0.22\ref/net8.0/System.Net.Ping.dll
                 Private = 'false'
             C:\Users\MUKHIL\.nuget\packages\microsoft.netcore.app.ref\8.0.22\ref/net8.0/System.Net.Primitives.dll
                 Private = 'false'
             C:\Users\MUKHIL\.nuget\packages\microsoft.netcore.app.ref\8.0.22\ref/net8.0/System.Net.Quic.dll
                 Private = 'false'
             C:\Users\MUKHIL\.nuget\packages\microsoft.netcore.app.ref\8.0.22\ref/net8.0/System.Net.Requests.dll
                 Private = 'false'
             C:\Users\MUKHIL\.nuget\packages\microsoft.netcore.app.ref\8.0.22\ref/net8.0/System.Net.Security.dll
                 Private = 'false'
             C:\Users\MUKHIL\.nuget\packages\microsoft.netcore.app.ref\8.0.22\ref/net8.0/System.Net.ServicePoint.dll
                 Private = 'false'
             C:\Users\MUKHIL\.nuget\packages\microsoft.netcore.app.ref\8.0.22\ref/net8.0/System.Net.Sockets.dll
                 Private = 'false'
             C:\Users\MUKHIL\.nuget\packages\microsoft.netcore.app.ref\8.0.22\ref/net8.0/System.Net.WebClient.dll
                 Private = 'false'
             C:\Users\MUKHIL\.nuget\packages\microsoft.netcore.app.ref\8.0.22\ref/net8.0/System.Net.WebHeaderCollection.dll
                 Private = 'false'
             C:\Users\MUKHIL\.nuget\packages\microsoft.netcore.app.ref\8.0.22\ref/net8.0/System.Net.WebProxy.dll
                 Private = 'false'
             C:\Users\MUKHIL\.nuget\packages\microsoft.netcore.app.ref\8.0.22\ref/net8.0/System.Net.WebSockets.Client.dll
                 Private = 'false'
             C:\Users\MUKHIL\.nuget\packages\microsoft.netcore.app.ref\8.0.22\ref/net8.0/System.Net.WebSockets.dll
                 Private = 'false'
             C:\Users\MUKHIL\.nuget\packages\microsoft.netcore.app.ref\8.0.22\ref/net8.0/System.Net.dll
                 Private = 'false'
             C:\Users\MUKHIL\.nuget\packages\microsoft.netcore.app.ref\8.0.22\ref/net8.0/System.Numerics.Vectors.dll
                 Private = 'false'
             C:\Users\MUKHIL\.nuget\packages\microsoft.netcore.app.ref\8.0.22\ref/net8.0/System.Numerics.dll
                 Private = 'false'
             C:\Users\MUKHIL\.nuget\packages\microsoft.netcore.app.ref\8.0.22\ref/net8.0/System.ObjectModel.dll
                 Private = 'false'
             C:\Users\MUKHIL\.nuget\packages\microsoft.netcore.app.ref\8.0.22\ref/net8.0/System.Reflection.DispatchProxy.dll
                 Private = 'false'
             C:\Users\MUKHIL\.nuget\packages\microsoft.netcore.app.ref\8.0.22\ref/net8.0/System.Reflection.Emit.ILGeneration.dll
                 Private = 'false'
             C:\Users\MUKHIL\.nuget\packages\microsoft.netcore.app.ref\8.0.22\ref/net8.0/System.Reflection.Emit.Lightweight.dll
                 Private = 'false'
             C:\Users\MUKHIL\.nuget\packages\microsoft.netcore.app.ref\8.0.22\ref/net8.0/System.Reflection.Emit.dll
                 Private = 'false'
             C:\Users\MUKHIL\.nuget\packages\microsoft.netcore.app.ref\8.0.22\ref/net8.0/System.Reflection.Extensions.dll
                 Private = 'false'
             C:\Users\MUKHIL\.nuget\packages\microsoft.netcore.app.ref\8.0.22\ref/net8.0/System.Reflection.Metadata.dll
                 Private = 'false'
             C:\Users\MUKHIL\.nuget\packages\microsoft.netcore.app.ref\8.0.22\ref/net8.0/System.Reflection.Primitives.dll
                 Private = 'false'
             C:\Users\MUKHIL\.nuget\packages\microsoft.netcore.app.ref\8.0.22\ref/net8.0/System.Reflection.TypeExtensions.dll
                 Private = 'false'
             C:\Users\MUKHIL\.nuget\packages\microsoft.netcore.app.ref\8.0.22\ref/net8.0/System.Reflection.dll
                 Private = 'false'
             C:\Users\MUKHIL\.nuget\packages\microsoft.netcore.app.ref\8.0.22\ref/net8.0/System.Resources.Reader.dll
                 Private = 'false'
             C:\Users\MUKHIL\.nuget\packages\microsoft.netcore.app.ref\8.0.22\ref/net8.0/System.Resources.ResourceManager.dll
                 Private = 'false'
             C:\Users\MUKHIL\.nuget\packages\microsoft.netcore.app.ref\8.0.22\ref/net8.0/System.Resources.Writer.dll
                 Private = 'false'
             C:\Users\MUKHIL\.nuget\packages\microsoft.netcore.app.ref\8.0.22\ref/net8.0/System.Runtime.CompilerServices.Unsafe.dll
                 Private = 'false'
             C:\Users\MUKHIL\.nuget\packages\microsoft.netcore.app.ref\8.0.22\ref/net8.0/System.Runtime.CompilerServices.VisualC.dll
                 Private = 'false'
             C:\Users\MUKHIL\.nuget\packages\microsoft.netcore.app.ref\8.0.22\ref/net8.0/System.Runtime.Extensions.dll
                 Private = 'false'
             C:\Users\MUKHIL\.nuget\packages\microsoft.netcore.app.ref\8.0.22\ref/net8.0/System.Runtime.Handles.dll
                 Private = 'false'
             C:\Users\MUKHIL\.nuget\packages\microsoft.netcore.app.ref\8.0.22\ref/net8.0/System.Runtime.InteropServices.JavaScript.dll
                 Private = 'false'
             C:\Users\MUKHIL\.nuget\packages\microsoft.netcore.app.ref\8.0.22\ref/net8.0/System.Runtime.InteropServices.RuntimeInformation.dll
                 Private = 'false'
             C:\Users\MUKHIL\.nuget\packages\microsoft.netcore.app.ref\8.0.22\ref/net8.0/System.Runtime.InteropServices.dll
                 Private = 'false'
             C:\Users\MUKHIL\.nuget\packages\microsoft.netcore.app.ref\8.0.22\ref/net8.0/System.Runtime.Intrinsics.dll
                 Private = 'false'
             C:\Users\MUKHIL\.nuget\packages\microsoft.netcore.app.ref\8.0.22\ref/net8.0/System.Runtime.Loader.dll
                 Private = 'false'
             C:\Users\MUKHIL\.nuget\packages\microsoft.netcore.app.ref\8.0.22\ref/net8.0/System.Runtime.Numerics.dll
                 Private = 'false'
             C:\Users\MUKHIL\.nuget\packages\microsoft.netcore.app.ref\8.0.22\ref/net8.0/System.Runtime.Serialization.Formatters.dll
                 Private = 'false'
             C:\Users\MUKHIL\.nuget\packages\microsoft.netcore.app.ref\8.0.22\ref/net8.0/System.Runtime.Serialization.Json.dll
                 Private = 'false'
             C:\Users\MUKHIL\.nuget\packages\microsoft.netcore.app.ref\8.0.22\ref/net8.0/System.Runtime.Serialization.Primitives.dll
                 Private = 'false'
             C:\Users\MUKHIL\.nuget\packages\microsoft.netcore.app.ref\8.0.22\ref/net8.0/System.Runtime.Serialization.Xml.dll
                 Private = 'false'
             C:\Users\MUKHIL\.nuget\packages\microsoft.netcore.app.ref\8.0.22\ref/net8.0/System.Runtime.Serialization.dll
                 Private = 'false'
             C:\Users\MUKHIL\.nuget\packages\microsoft.netcore.app.ref\8.0.22\ref/net8.0/System.Runtime.dll
                 Private = 'false'
             C:\Users\MUKHIL\.nuget\packages\microsoft.netcore.app.ref\8.0.22\ref/net8.0/System.Security.AccessControl.dll
                 Private = 'false'
             C:\Users\MUKHIL\.nuget\packages\microsoft.netcore.app.ref\8.0.22\ref/net8.0/System.Security.Claims.dll
                 Private = 'false'
             C:\Users\MUKHIL\.nuget\packages\microsoft.netcore.app.ref\8.0.22\ref/net8.0/System.Security.Cryptography.Algorithms.dll
                 Private = 'false'
             C:\Users\MUKHIL\.nuget\packages\microsoft.netcore.app.ref\8.0.22\ref/net8.0/System.Security.Cryptography.Cng.dll
                 Private = 'false'
             C:\Users\MUKHIL\.nuget\packages\microsoft.netcore.app.ref\8.0.22\ref/net8.0/System.Security.Cryptography.Csp.dll
                 Private = 'false'
             C:\Users\MUKHIL\.nuget\packages\microsoft.netcore.app.ref\8.0.22\ref/net8.0/System.Security.Cryptography.Encoding.dll
                 Private = 'false'
             C:\Users\MUKHIL\.nuget\packages\microsoft.netcore.app.ref\8.0.22\ref/net8.0/System.Security.Cryptography.OpenSsl.dll
                 Private = 'false'
             C:\Users\MUKHIL\.nuget\packages\microsoft.netcore.app.ref\8.0.22\ref/net8.0/System.Security.Cryptography.Primitives.dll
                 Private = 'false'
             C:\Users\MUKHIL\.nuget\packages\microsoft.netcore.app.ref\8.0.22\ref/net8.0/System.Security.Cryptography.X509Certificates.dll
                 Private = 'false'
             C:\Users\MUKHIL\.nuget\packages\microsoft.netcore.app.ref\8.0.22\ref/net8.0/System.Security.Cryptography.dll
                 Private = 'false'
             C:\Users\MUKHIL\.nuget\packages\microsoft.netcore.app.ref\8.0.22\ref/net8.0/System.Security.Principal.Windows.dll
                 Private = 'false'
             C:\Users\MUKHIL\.nuget\packages\microsoft.netcore.app.ref\8.0.22\ref/net8.0/System.Security.Principal.dll
                 Private = 'false'
             C:\Users\MUKHIL\.nuget\packages\microsoft.netcore.app.ref\8.0.22\ref/net8.0/System.Security.SecureString.dll
                 Private = 'false'
             C:\Users\MUKHIL\.nuget\packages\microsoft.netcore.app.ref\8.0.22\ref/net8.0/System.Security.dll
                 Private = 'false'
             C:\Users\MUKHIL\.nuget\packages\microsoft.netcore.app.ref\8.0.22\ref/net8.0/System.ServiceModel.Web.dll
                 Private = 'false'
             C:\Users\MUKHIL\.nuget\packages\microsoft.netcore.app.ref\8.0.22\ref/net8.0/System.ServiceProcess.dll
                 Private = 'false'
             C:\Users\MUKHIL\.nuget\packages\microsoft.netcore.app.ref\8.0.22\ref/net8.0/System.Text.Encoding.CodePages.dll
                 Private = 'false'
             C:\Users\MUKHIL\.nuget\packages\microsoft.netcore.app.ref\8.0.22\ref/net8.0/System.Text.Encoding.Extensions.dll
                 Private = 'false'
             C:\Users\MUKHIL\.nuget\packages\microsoft.netcore.app.ref\8.0.22\ref/net8.0/System.Text.Encoding.dll
                 Private = 'false'
             C:\Users\MUKHIL\.nuget\packages\microsoft.netcore.app.ref\8.0.22\ref/net8.0/System.Text.Encodings.Web.dll
                 Private = 'false'
             C:\Users\MUKHIL\.nuget\packages\microsoft.netcore.app.ref\8.0.22\ref/net8.0/System.Text.Json.dll
                 Private = 'false'
             C:\Users\MUKHIL\.nuget\packages\microsoft.netcore.app.ref\8.0.22\ref/net8.0/System.Text.RegularExpressions.dll
                 Private = 'false'
             C:\Users\MUKHIL\.nuget\packages\microsoft.netcore.app.ref\8.0.22\ref/net8.0/System.Threading.Channels.dll
                 Private = 'false'
             C:\Users\MUKHIL\.nuget\packages\microsoft.netcore.app.ref\8.0.22\ref/net8.0/System.Threading.Overlapped.dll
                 Private = 'false'
             C:\Users\MUKHIL\.nuget\packages\microsoft.netcore.app.ref\8.0.22\ref/net8.0/System.Threading.Tasks.Dataflow.dll
                 Private = 'false'
             C:\Users\MUKHIL\.nuget\packages\microsoft.netcore.app.ref\8.0.22\ref/net8.0/System.Threading.Tasks.Extensions.dll
                 Private = 'false'
             C:\Users\MUKHIL\.nuget\packages\microsoft.netcore.app.ref\8.0.22\ref/net8.0/System.Threading.Tasks.Parallel.dll
                 Private = 'false'
             C:\Users\MUKHIL\.nuget\packages\microsoft.netcore.app.ref\8.0.22\ref/net8.0/System.Threading.Tasks.dll
                 Private = 'false'
             C:\Users\MUKHIL\.nuget\packages\microsoft.netcore.app.ref\8.0.22\ref/net8.0/System.Threading.Thread.dll
                 Private = 'false'
             C:\Users\MUKHIL\.nuget\packages\microsoft.netcore.app.ref\8.0.22\ref/net8.0/System.Threading.ThreadPool.dll
                 Private = 'false'
             C:\Users\MUKHIL\.nuget\packages\microsoft.netcore.app.ref\8.0.22\ref/net8.0/System.Threading.Timer.dll
                 Private = 'false'
             C:\Users\MUKHIL\.nuget\packages\microsoft.netcore.app.ref\8.0.22\ref/net8.0/System.Threading.dll
                 Private = 'false'
             C:\Users\MUKHIL\.nuget\packages\microsoft.netcore.app.ref\8.0.22\ref/net8.0/System.Transactions.Local.dll
                 Private = 'false'
             C:\Users\MUKHIL\.nuget\packages\microsoft.netcore.app.ref\8.0.22\ref/net8.0/System.Transactions.dll
                 Private = 'false'
             C:\Users\MUKHIL\.nuget\packages\microsoft.netcore.app.ref\8.0.22\ref/net8.0/System.ValueTuple.dll
                 Private = 'false'
             C:\Users\MUKHIL\.nuget\packages\microsoft.netcore.app.ref\8.0.22\ref/net8.0/System.Web.HttpUtility.dll
                 Private = 'false'
             C:\Users\MUKHIL\.nuget\packages\microsoft.netcore.app.ref\8.0.22\ref/net8.0/System.Web.dll
                 Private = 'false'
             C:\Users\MUKHIL\.nuget\packages\microsoft.netcore.app.ref\8.0.22\ref/net8.0/System.Windows.dll
                 Private = 'false'
             C:\Users\MUKHIL\.nuget\packages\microsoft.netcore.app.ref\8.0.22\ref/net8.0/System.Xml.Linq.dll
                 Private = 'false'
             C:\Users\MUKHIL\.nuget\packages\microsoft.netcore.app.ref\8.0.22\ref/net8.0/System.Xml.ReaderWriter.dll
                 Private = 'false'
             C:\Users\MUKHIL\.nuget\packages\microsoft.netcore.app.ref\8.0.22\ref/net8.0/System.Xml.Serialization.dll
                 Private = 'false'
             C:\Users\MUKHIL\.nuget\packages\microsoft.netcore.app.ref\8.0.22\ref/net8.0/System.Xml.XDocument.dll
                 Private = 'false'
             C:\Users\MUKHIL\.nuget\packages\microsoft.netcore.app.ref\8.0.22\ref/net8.0/System.Xml.XPath.XDocument.dll
                 Private = 'false'
             C:\Users\MUKHIL\.nuget\packages\microsoft.netcore.app.ref\8.0.22\ref/net8.0/System.Xml.XPath.dll
                 Private = 'false'
             C:\Users\MUKHIL\.nuget\packages\microsoft.netcore.app.ref\8.0.22\ref/net8.0/System.Xml.XmlDocument.dll
                 Private = 'false'
             C:\Users\MUKHIL\.nuget\packages\microsoft.netcore.app.ref\8.0.22\ref/net8.0/System.Xml.XmlSerializer.dll
                 Private = 'false'
             C:\Users\MUKHIL\.nuget\packages\microsoft.netcore.app.ref\8.0.22\ref/net8.0/System.Xml.dll
                 Private = 'false'
             C:\Users\MUKHIL\.nuget\packages\microsoft.netcore.app.ref\8.0.22\ref/net8.0/System.dll
                 Private = 'false'
             C:\Users\MUKHIL\.nuget\packages\microsoft.netcore.app.ref\8.0.22\ref/net8.0/WindowsBase.dll
                 Private = 'false'
             C:\Users\MUKHIL\.nuget\packages\microsoft.netcore.app.ref\8.0.22\ref/net8.0/mscorlib.dll
                 Private = 'false'
             C:\Users\MUKHIL\.nuget\packages\microsoft.netcore.app.ref\8.0.22\ref/net8.0/netstandard.dll
                 Private = 'false'
             C:\Users\MUKHIL\.nuget\packages\microsoft.aspnetcore.app.ref\8.0.22\ref\net8.0\Microsoft.AspNetCore.Antiforgery.dll
                 Private = 'false'
             C:\Users\MUKHIL\.nuget\packages\microsoft.aspnetcore.app.ref\8.0.22\ref\net8.0\Microsoft.AspNetCore.Authentication.Abstractions.dll
                 Private = 'false'
             C:\Users\MUKHIL\.nuget\packages\microsoft.aspnetcore.app.ref\8.0.22\ref\net8.0\Microsoft.AspNetCore.Authentication.BearerToken.dll
                 Private = 'false'
             C:\Users\MUKHIL\.nuget\packages\microsoft.aspnetcore.app.ref\8.0.22\ref\net8.0\Microsoft.AspNetCore.Authentication.Cookies.dll
                 Private = 'false'
             C:\Users\MUKHIL\.nuget\packages\microsoft.aspnetcore.app.ref\8.0.22\ref\net8.0\Microsoft.AspNetCore.Authentication.Core.dll
                 Private = 'false'
             C:\Users\MUKHIL\.nuget\packages\microsoft.aspnetcore.app.ref\8.0.22\ref\net8.0\Microsoft.AspNetCore.Authentication.OAuth.dll
                 Private = 'false'
             C:\Users\MUKHIL\.nuget\packages\microsoft.aspnetcore.app.ref\8.0.22\ref\net8.0\Microsoft.AspNetCore.Authentication.dll
                 Private = 'false'
             C:\Users\MUKHIL\.nuget\packages\microsoft.aspnetcore.app.ref\8.0.22\ref\net8.0\Microsoft.AspNetCore.Authorization.Policy.dll
                 Private = 'false'
             C:\Users\MUKHIL\.nuget\packages\microsoft.aspnetcore.app.ref\8.0.22\ref\net8.0\Microsoft.AspNetCore.Authorization.dll
                 Private = 'false'
             C:\Users\MUKHIL\.nuget\packages\microsoft.aspnetcore.app.ref\8.0.22\ref\net8.0\Microsoft.AspNetCore.Components.Authorization.dll
                 Private = 'false'
             C:\Users\MUKHIL\.nuget\packages\microsoft.aspnetcore.app.ref\8.0.22\ref\net8.0\Microsoft.AspNetCore.Components.Endpoints.dll
                 Private = 'false'
             C:\Users\MUKHIL\.nuget\packages\microsoft.aspnetcore.app.ref\8.0.22\ref\net8.0\Microsoft.AspNetCore.Components.Forms.dll
                 Private = 'false'
             C:\Users\MUKHIL\.nuget\packages\microsoft.aspnetcore.app.ref\8.0.22\ref\net8.0\Microsoft.AspNetCore.Components.Server.dll
                 Private = 'false'
             C:\Users\MUKHIL\.nuget\packages\microsoft.aspnetcore.app.ref\8.0.22\ref\net8.0\Microsoft.AspNetCore.Components.Web.dll
                 Private = 'false'
             C:\Users\MUKHIL\.nuget\packages\microsoft.aspnetcore.app.ref\8.0.22\ref\net8.0\Microsoft.AspNetCore.Components.dll
                 Private = 'false'
             C:\Users\MUKHIL\.nuget\packages\microsoft.aspnetcore.app.ref\8.0.22\ref\net8.0\Microsoft.AspNetCore.Connections.Abstractions.dll
                 Private = 'false'
             C:\Users\MUKHIL\.nuget\packages\microsoft.aspnetcore.app.ref\8.0.22\ref\net8.0\Microsoft.AspNetCore.CookiePolicy.dll
                 Private = 'false'
             C:\Users\MUKHIL\.nuget\packages\microsoft.aspnetcore.app.ref\8.0.22\ref\net8.0\Microsoft.AspNetCore.Cors.dll
                 Private = 'false'
             C:\Users\MUKHIL\.nuget\packages\microsoft.aspnetcore.app.ref\8.0.22\ref\net8.0\Microsoft.AspNetCore.Cryptography.Internal.dll
                 Private = 'false'
             C:\Users\MUKHIL\.nuget\packages\microsoft.aspnetcore.app.ref\8.0.22\ref\net8.0\Microsoft.AspNetCore.Cryptography.KeyDerivation.dll
                 Private = 'false'
             C:\Users\MUKHIL\.nuget\packages\microsoft.aspnetcore.app.ref\8.0.22\ref\net8.0\Microsoft.AspNetCore.DataProtection.Abstractions.dll
                 Private = 'false'
             C:\Users\MUKHIL\.nuget\packages\microsoft.aspnetcore.app.ref\8.0.22\ref\net8.0\Microsoft.AspNetCore.DataProtection.Extensions.dll
                 Private = 'false'
             C:\Users\MUKHIL\.nuget\packages\microsoft.aspnetcore.app.ref\8.0.22\ref\net8.0\Microsoft.AspNetCore.DataProtection.dll
                 Private = 'false'
             C:\Users\MUKHIL\.nuget\packages\microsoft.aspnetcore.app.ref\8.0.22\ref\net8.0\Microsoft.AspNetCore.Diagnostics.Abstractions.dll
                 Private = 'false'
             C:\Users\MUKHIL\.nuget\packages\microsoft.aspnetcore.app.ref\8.0.22\ref\net8.0\Microsoft.AspNetCore.Diagnostics.HealthChecks.dll
                 Private = 'false'
             C:\Users\MUKHIL\.nuget\packages\microsoft.aspnetcore.app.ref\8.0.22\ref\net8.0\Microsoft.AspNetCore.Diagnostics.dll
                 Private = 'false'
             C:\Users\MUKHIL\.nuget\packages\microsoft.aspnetcore.app.ref\8.0.22\ref\net8.0\Microsoft.AspNetCore.HostFiltering.dll
                 Private = 'false'
             C:\Users\MUKHIL\.nuget\packages\microsoft.aspnetcore.app.ref\8.0.22\ref\net8.0\Microsoft.AspNetCore.Hosting.Abstractions.dll
                 Private = 'false'
             C:\Users\MUKHIL\.nuget\packages\microsoft.aspnetcore.app.ref\8.0.22\ref\net8.0\Microsoft.AspNetCore.Hosting.Server.Abstractions.dll
                 Private = 'false'
             C:\Users\MUKHIL\.nuget\packages\microsoft.aspnetcore.app.ref\8.0.22\ref\net8.0\Microsoft.AspNetCore.Hosting.dll
                 Private = 'false'
             C:\Users\MUKHIL\.nuget\packages\microsoft.aspnetcore.app.ref\8.0.22\ref\net8.0\Microsoft.AspNetCore.Html.Abstractions.dll
                 Private = 'false'
             C:\Users\MUKHIL\.nuget\packages\microsoft.aspnetcore.app.ref\8.0.22\ref\net8.0\Microsoft.AspNetCore.Http.Abstractions.dll
                 Private = 'false'
             C:\Users\MUKHIL\.nuget\packages\microsoft.aspnetcore.app.ref\8.0.22\ref\net8.0\Microsoft.AspNetCore.Http.Connections.Common.dll
                 Private = 'false'
             C:\Users\MUKHIL\.nuget\packages\microsoft.aspnetcore.app.ref\8.0.22\ref\net8.0\Microsoft.AspNetCore.Http.Connections.dll
                 Private = 'false'
             C:\Users\MUKHIL\.nuget\packages\microsoft.aspnetcore.app.ref\8.0.22\ref\net8.0\Microsoft.AspNetCore.Http.Extensions.dll
                 Private = 'false'
             C:\Users\MUKHIL\.nuget\packages\microsoft.aspnetcore.app.ref\8.0.22\ref\net8.0\Microsoft.AspNetCore.Http.Features.dll
                 Private = 'false'
             C:\Users\MUKHIL\.nuget\packages\microsoft.aspnetcore.app.ref\8.0.22\ref\net8.0\Microsoft.AspNetCore.Http.Results.dll
                 Private = 'false'
             C:\Users\MUKHIL\.nuget\packages\microsoft.aspnetcore.app.ref\8.0.22\ref\net8.0\Microsoft.AspNetCore.Http.dll
                 Private = 'false'
             C:\Users\MUKHIL\.nuget\packages\microsoft.aspnetcore.app.ref\8.0.22\ref\net8.0\Microsoft.AspNetCore.HttpLogging.dll
                 Private = 'false'
             C:\Users\MUKHIL\.nuget\packages\microsoft.aspnetcore.app.ref\8.0.22\ref\net8.0\Microsoft.AspNetCore.HttpOverrides.dll
                 Private = 'false'
             C:\Users\MUKHIL\.nuget\packages\microsoft.aspnetcore.app.ref\8.0.22\ref\net8.0\Microsoft.AspNetCore.HttpsPolicy.dll
                 Private = 'false'
             C:\Users\MUKHIL\.nuget\packages\microsoft.aspnetcore.app.ref\8.0.22\ref\net8.0\Microsoft.AspNetCore.Identity.dll
                 Private = 'false'
             C:\Users\MUKHIL\.nuget\packages\microsoft.aspnetcore.app.ref\8.0.22\ref\net8.0\Microsoft.AspNetCore.Localization.Routing.dll
                 Private = 'false'
             C:\Users\MUKHIL\.nuget\packages\microsoft.aspnetcore.app.ref\8.0.22\ref\net8.0\Microsoft.AspNetCore.Localization.dll
                 Private = 'false'
             C:\Users\MUKHIL\.nuget\packages\microsoft.aspnetcore.app.ref\8.0.22\ref\net8.0\Microsoft.AspNetCore.Metadata.dll
                 Private = 'false'
             C:\Users\MUKHIL\.nuget\packages\microsoft.aspnetcore.app.ref\8.0.22\ref\net8.0\Microsoft.AspNetCore.Mvc.Abstractions.dll
                 Private = 'false'
             C:\Users\MUKHIL\.nuget\packages\microsoft.aspnetcore.app.ref\8.0.22\ref\net8.0\Microsoft.AspNetCore.Mvc.ApiExplorer.dll
                 Private = 'false'
             C:\Users\MUKHIL\.nuget\packages\microsoft.aspnetcore.app.ref\8.0.22\ref\net8.0\Microsoft.AspNetCore.Mvc.Core.dll
                 Private = 'false'
             C:\Users\MUKHIL\.nuget\packages\microsoft.aspnetcore.app.ref\8.0.22\ref\net8.0\Microsoft.AspNetCore.Mvc.Cors.dll
                 Private = 'false'
             C:\Users\MUKHIL\.nuget\packages\microsoft.aspnetcore.app.ref\8.0.22\ref\net8.0\Microsoft.AspNetCore.Mvc.DataAnnotations.dll
                 Private = 'false'
             C:\Users\MUKHIL\.nuget\packages\microsoft.aspnetcore.app.ref\8.0.22\ref\net8.0\Microsoft.AspNetCore.Mvc.Formatters.Json.dll
                 Private = 'false'
             C:\Users\MUKHIL\.nuget\packages\microsoft.aspnetcore.app.ref\8.0.22\ref\net8.0\Microsoft.AspNetCore.Mvc.Formatters.Xml.dll
                 Private = 'false'
             C:\Users\MUKHIL\.nuget\packages\microsoft.aspnetcore.app.ref\8.0.22\ref\net8.0\Microsoft.AspNetCore.Mvc.Localization.dll
                 Private = 'false'
             C:\Users\MUKHIL\.nuget\packages\microsoft.aspnetcore.app.ref\8.0.22\ref\net8.0\Microsoft.AspNetCore.Mvc.Razor.dll
                 Private = 'false'
             C:\Users\MUKHIL\.nuget\packages\microsoft.aspnetcore.app.ref\8.0.22\ref\net8.0\Microsoft.AspNetCore.Mvc.RazorPages.dll
                 Private = 'false'
             C:\Users\MUKHIL\.nuget\packages\microsoft.aspnetcore.app.ref\8.0.22\ref\net8.0\Microsoft.AspNetCore.Mvc.TagHelpers.dll
                 Private = 'false'
             C:\Users\MUKHIL\.nuget\packages\microsoft.aspnetcore.app.ref\8.0.22\ref\net8.0\Microsoft.AspNetCore.Mvc.ViewFeatures.dll
                 Private = 'false'
             C:\Users\MUKHIL\.nuget\packages\microsoft.aspnetcore.app.ref\8.0.22\ref\net8.0\Microsoft.AspNetCore.Mvc.dll
                 Private = 'false'
             C:\Users\MUKHIL\.nuget\packages\microsoft.aspnetcore.app.ref\8.0.22\ref\net8.0\Microsoft.AspNetCore.OutputCaching.dll
                 Private = 'false'
             C:\Users\MUKHIL\.nuget\packages\microsoft.aspnetcore.app.ref\8.0.22\ref\net8.0\Microsoft.AspNetCore.RateLimiting.dll
                 Private = 'false'
             C:\Users\MUKHIL\.nuget\packages\microsoft.aspnetcore.app.ref\8.0.22\ref\net8.0\Microsoft.AspNetCore.Razor.Runtime.dll
                 Private = 'false'
             C:\Users\MUKHIL\.nuget\packages\microsoft.aspnetcore.app.ref\8.0.22\ref\net8.0\Microsoft.AspNetCore.Razor.dll
                 Private = 'false'
             C:\Users\MUKHIL\.nuget\packages\microsoft.aspnetcore.app.ref\8.0.22\ref\net8.0\Microsoft.AspNetCore.RequestDecompression.dll
                 Private = 'false'
             C:\Users\MUKHIL\.nuget\packages\microsoft.aspnetcore.app.ref\8.0.22\ref\net8.0\Microsoft.AspNetCore.ResponseCaching.Abstractions.dll
                 Private = 'false'
             C:\Users\MUKHIL\.nuget\packages\microsoft.aspnetcore.app.ref\8.0.22\ref\net8.0\Microsoft.AspNetCore.ResponseCaching.dll
                 Private = 'false'
             C:\Users\MUKHIL\.nuget\packages\microsoft.aspnetcore.app.ref\8.0.22\ref\net8.0\Microsoft.AspNetCore.ResponseCompression.dll
                 Private = 'false'
             C:\Users\MUKHIL\.nuget\packages\microsoft.aspnetcore.app.ref\8.0.22\ref\net8.0\Microsoft.AspNetCore.Rewrite.dll
                 Private = 'false'
             C:\Users\MUKHIL\.nuget\packages\microsoft.aspnetcore.app.ref\8.0.22\ref\net8.0\Microsoft.AspNetCore.Routing.Abstractions.dll
                 Private = 'false'
             C:\Users\MUKHIL\.nuget\packages\microsoft.aspnetcore.app.ref\8.0.22\ref\net8.0\Microsoft.AspNetCore.Routing.dll
                 Private = 'false'
             C:\Users\MUKHIL\.nuget\packages\microsoft.aspnetcore.app.ref\8.0.22\ref\net8.0\Microsoft.AspNetCore.Server.HttpSys.dll
                 Private = 'false'
             C:\Users\MUKHIL\.nuget\packages\microsoft.aspnetcore.app.ref\8.0.22\ref\net8.0\Microsoft.AspNetCore.Server.IIS.dll
                 Private = 'false'
             C:\Users\MUKHIL\.nuget\packages\microsoft.aspnetcore.app.ref\8.0.22\ref\net8.0\Microsoft.AspNetCore.Server.IISIntegration.dll
                 Private = 'false'
             C:\Users\MUKHIL\.nuget\packages\microsoft.aspnetcore.app.ref\8.0.22\ref\net8.0\Microsoft.AspNetCore.Server.Kestrel.Core.dll
                 Private = 'false'
             C:\Users\MUKHIL\.nuget\packages\microsoft.aspnetcore.app.ref\8.0.22\ref\net8.0\Microsoft.AspNetCore.Server.Kestrel.Transport.NamedPipes.dll
                 Private = 'false'
             C:\Users\MUKHIL\.nuget\packages\microsoft.aspnetcore.app.ref\8.0.22\ref\net8.0\Microsoft.AspNetCore.Server.Kestrel.Transport.Quic.dll
                 Private = 'false'
             C:\Users\MUKHIL\.nuget\packages\microsoft.aspnetcore.app.ref\8.0.22\ref\net8.0\Microsoft.AspNetCore.Server.Kestrel.Transport.Sockets.dll
                 Private = 'false'
             C:\Users\MUKHIL\.nuget\packages\microsoft.aspnetcore.app.ref\8.0.22\ref\net8.0\Microsoft.AspNetCore.Server.Kestrel.dll
                 Private = 'false'
             C:\Users\MUKHIL\.nuget\packages\microsoft.aspnetcore.app.ref\8.0.22\ref\net8.0\Microsoft.AspNetCore.Session.dll
                 Private = 'false'
             C:\Users\MUKHIL\.nuget\packages\microsoft.aspnetcore.app.ref\8.0.22\ref\net8.0\Microsoft.AspNetCore.SignalR.Common.dll
                 Private = 'false'
             C:\Users\MUKHIL\.nuget\packages\microsoft.aspnetcore.app.ref\8.0.22\ref\net8.0\Microsoft.AspNetCore.SignalR.Core.dll
                 Private = 'false'
             C:\Users\MUKHIL\.nuget\packages\microsoft.aspnetcore.app.ref\8.0.22\ref\net8.0\Microsoft.AspNetCore.SignalR.Protocols.Json.dll
                 Private = 'false'
             C:\Users\MUKHIL\.nuget\packages\microsoft.aspnetcore.app.ref\8.0.22\ref\net8.0\Microsoft.AspNetCore.SignalR.dll
                 Private = 'false'
             C:\Users\MUKHIL\.nuget\packages\microsoft.aspnetcore.app.ref\8.0.22\ref\net8.0\Microsoft.AspNetCore.StaticFiles.dll
                 Private = 'false'
             C:\Users\MUKHIL\.nuget\packages\microsoft.aspnetcore.app.ref\8.0.22\ref\net8.0\Microsoft.AspNetCore.WebSockets.dll
                 Private = 'false'
             C:\Users\MUKHIL\.nuget\packages\microsoft.aspnetcore.app.ref\8.0.22\ref\net8.0\Microsoft.AspNetCore.WebUtilities.dll
                 Private = 'false'
             C:\Users\MUKHIL\.nuget\packages\microsoft.aspnetcore.app.ref\8.0.22\ref\net8.0\Microsoft.AspNetCore.dll
                 Private = 'false'
             C:\Users\MUKHIL\.nuget\packages\microsoft.aspnetcore.app.ref\8.0.22\ref\net8.0\Microsoft.Extensions.Caching.Abstractions.dll
                 Private = 'false'
             C:\Users\MUKHIL\.nuget\packages\microsoft.aspnetcore.app.ref\8.0.22\ref\net8.0\Microsoft.Extensions.Caching.Memory.dll
                 Private = 'false'
             C:\Users\MUKHIL\.nuget\packages\microsoft.aspnetcore.app.ref\8.0.22\ref\net8.0\Microsoft.Extensions.Configuration.Abstractions.dll
                 Private = 'false'
             C:\Users\MUKHIL\.nuget\packages\microsoft.aspnetcore.app.ref\8.0.22\ref\net8.0\Microsoft.Extensions.Configuration.Binder.dll
                 Private = 'false'
             C:\Users\MUKHIL\.nuget\packages\microsoft.aspnetcore.app.ref\8.0.22\ref\net8.0\Microsoft.Extensions.Configuration.CommandLine.dll
                 Private = 'false'
             C:\Users\MUKHIL\.nuget\packages\microsoft.aspnetcore.app.ref\8.0.22\ref\net8.0\Microsoft.Extensions.Configuration.EnvironmentVariables.dll
                 Private = 'false'
             C:\Users\MUKHIL\.nuget\packages\microsoft.aspnetcore.app.ref\8.0.22\ref\net8.0\Microsoft.Extensions.Configuration.FileExtensions.dll
                 Private = 'false'
             C:\Users\MUKHIL\.nuget\packages\microsoft.aspnetcore.app.ref\8.0.22\ref\net8.0\Microsoft.Extensions.Configuration.Ini.dll
                 Private = 'false'
             C:\Users\MUKHIL\.nuget\packages\microsoft.aspnetcore.app.ref\8.0.22\ref\net8.0\Microsoft.Extensions.Configuration.Json.dll
                 Private = 'false'
             C:\Users\MUKHIL\.nuget\packages\microsoft.aspnetcore.app.ref\8.0.22\ref\net8.0\Microsoft.Extensions.Configuration.KeyPerFile.dll
                 Private = 'false'
             C:\Users\MUKHIL\.nuget\packages\microsoft.aspnetcore.app.ref\8.0.22\ref\net8.0\Microsoft.Extensions.Configuration.UserSecrets.dll
                 Private = 'false'
             C:\Users\MUKHIL\.nuget\packages\microsoft.aspnetcore.app.ref\8.0.22\ref\net8.0\Microsoft.Extensions.Configuration.Xml.dll
                 Private = 'false'
             C:\Users\MUKHIL\.nuget\packages\microsoft.aspnetcore.app.ref\8.0.22\ref\net8.0\Microsoft.Extensions.Configuration.dll
                 Private = 'false'
             C:\Users\MUKHIL\.nuget\packages\microsoft.aspnetcore.app.ref\8.0.22\ref\net8.0\Microsoft.Extensions.DependencyInjection.Abstractions.dll
                 Private = 'false'
             C:\Users\MUKHIL\.nuget\packages\microsoft.aspnetcore.app.ref\8.0.22\ref\net8.0\Microsoft.Extensions.DependencyInjection.dll
                 Private = 'false'
             C:\Users\MUKHIL\.nuget\packages\microsoft.aspnetcore.app.ref\8.0.22\ref\net8.0\Microsoft.Extensions.Diagnostics.Abstractions.dll
                 Private = 'false'
             C:\Users\MUKHIL\.nuget\packages\microsoft.aspnetcore.app.ref\8.0.22\ref\net8.0\Microsoft.Extensions.Diagnostics.HealthChecks.Abstractions.dll
                 Private = 'false'
             C:\Users\MUKHIL\.nuget\packages\microsoft.aspnetcore.app.ref\8.0.22\ref\net8.0\Microsoft.Extensions.Diagnostics.HealthChecks.dll
                 Private = 'false'
             C:\Users\MUKHIL\.nuget\packages\microsoft.aspnetcore.app.ref\8.0.22\ref\net8.0\Microsoft.Extensions.Diagnostics.dll
                 Private = 'false'
             C:\Users\MUKHIL\.nuget\packages\microsoft.aspnetcore.app.ref\8.0.22\ref\net8.0\Microsoft.Extensions.Features.dll
                 Private = 'false'
             C:\Users\MUKHIL\.nuget\packages\microsoft.aspnetcore.app.ref\8.0.22\ref\net8.0\Microsoft.Extensions.FileProviders.Abstractions.dll
                 Private = 'false'
             C:\Users\MUKHIL\.nuget\packages\microsoft.aspnetcore.app.ref\8.0.22\ref\net8.0\Microsoft.Extensions.FileProviders.Composite.dll
                 Private = 'false'
             C:\Users\MUKHIL\.nuget\packages\microsoft.aspnetcore.app.ref\8.0.22\ref\net8.0\Microsoft.Extensions.FileProviders.Embedded.dll
                 Private = 'false'
             C:\Users\MUKHIL\.nuget\packages\microsoft.aspnetcore.app.ref\8.0.22\ref\net8.0\Microsoft.Extensions.FileProviders.Physical.dll
                 Private = 'false'
             C:\Users\MUKHIL\.nuget\packages\microsoft.aspnetcore.app.ref\8.0.22\ref\net8.0\Microsoft.Extensions.FileSystemGlobbing.dll
                 Private = 'false'
             C:\Users\MUKHIL\.nuget\packages\microsoft.aspnetcore.app.ref\8.0.22\ref\net8.0\Microsoft.Extensions.Hosting.Abstractions.dll
                 Private = 'false'
             C:\Users\MUKHIL\.nuget\packages\microsoft.aspnetcore.app.ref\8.0.22\ref\net8.0\Microsoft.Extensions.Hosting.dll
                 Private = 'false'
             C:\Users\MUKHIL\.nuget\packages\microsoft.aspnetcore.app.ref\8.0.22\ref\net8.0\Microsoft.Extensions.Http.dll
                 Private = 'false'
             C:\Users\MUKHIL\.nuget\packages\microsoft.aspnetcore.app.ref\8.0.22\ref\net8.0\Microsoft.Extensions.Identity.Core.dll
                 Private = 'false'
             C:\Users\MUKHIL\.nuget\packages\microsoft.aspnetcore.app.ref\8.0.22\ref\net8.0\Microsoft.Extensions.Identity.Stores.dll
                 Private = 'false'
             C:\Users\MUKHIL\.nuget\packages\microsoft.aspnetcore.app.ref\8.0.22\ref\net8.0\Microsoft.Extensions.Localization.Abstractions.dll
                 Private = 'false'
             C:\Users\MUKHIL\.nuget\packages\microsoft.aspnetcore.app.ref\8.0.22\ref\net8.0\Microsoft.Extensions.Localization.dll
                 Private = 'false'
             C:\Users\MUKHIL\.nuget\packages\microsoft.aspnetcore.app.ref\8.0.22\ref\net8.0\Microsoft.Extensions.Logging.Abstractions.dll
                 Private = 'false'
             C:\Users\MUKHIL\.nuget\packages\microsoft.aspnetcore.app.ref\8.0.22\ref\net8.0\Microsoft.Extensions.Logging.Configuration.dll
                 Private = 'false'
             C:\Users\MUKHIL\.nuget\packages\microsoft.aspnetcore.app.ref\8.0.22\ref\net8.0\Microsoft.Extensions.Logging.Console.dll
                 Private = 'false'
             C:\Users\MUKHIL\.nuget\packages\microsoft.aspnetcore.app.ref\8.0.22\ref\net8.0\Microsoft.Extensions.Logging.Debug.dll
                 Private = 'false'
             C:\Users\MUKHIL\.nuget\packages\microsoft.aspnetcore.app.ref\8.0.22\ref\net8.0\Microsoft.Extensions.Logging.EventLog.dll
                 Private = 'false'
             C:\Users\MUKHIL\.nuget\packages\microsoft.aspnetcore.app.ref\8.0.22\ref\net8.0\Microsoft.Extensions.Logging.EventSource.dll
                 Private = 'false'
             C:\Users\MUKHIL\.nuget\packages\microsoft.aspnetcore.app.ref\8.0.22\ref\net8.0\Microsoft.Extensions.Logging.TraceSource.dll
                 Private = 'false'
             C:\Users\MUKHIL\.nuget\packages\microsoft.aspnetcore.app.ref\8.0.22\ref\net8.0\Microsoft.Extensions.Logging.dll
                 Private = 'false'
             C:\Users\MUKHIL\.nuget\packages\microsoft.aspnetcore.app.ref\8.0.22\ref\net8.0\Microsoft.Extensions.ObjectPool.dll
                 Private = 'false'
             C:\Users\MUKHIL\.nuget\packages\microsoft.aspnetcore.app.ref\8.0.22\ref\net8.0\Microsoft.Extensions.Options.ConfigurationExtensions.dll
                 Private = 'false'
             C:\Users\MUKHIL\.nuget\packages\microsoft.aspnetcore.app.ref\8.0.22\ref\net8.0\Microsoft.Extensions.Options.DataAnnotations.dll
                 Private = 'false'
             C:\Users\MUKHIL\.nuget\packages\microsoft.aspnetcore.app.ref\8.0.22\ref\net8.0\Microsoft.Extensions.Options.dll
                 Private = 'false'
             C:\Users\MUKHIL\.nuget\packages\microsoft.aspnetcore.app.ref\8.0.22\ref\net8.0\Microsoft.Extensions.Primitives.dll
                 Private = 'false'
             C:\Users\MUKHIL\.nuget\packages\microsoft.aspnetcore.app.ref\8.0.22\ref\net8.0\Microsoft.Extensions.WebEncoders.dll
                 Private = 'false'
             C:\Users\MUKHIL\.nuget\packages\microsoft.aspnetcore.app.ref\8.0.22\ref\net8.0\Microsoft.JSInterop.dll
                 Private = 'false'
             C:\Users\MUKHIL\.nuget\packages\microsoft.aspnetcore.app.ref\8.0.22\ref\net8.0\Microsoft.Net.Http.Headers.dll
                 Private = 'false'
             C:\Users\MUKHIL\.nuget\packages\microsoft.aspnetcore.app.ref\8.0.22\ref\net8.0\System.Diagnostics.EventLog.dll
                 Private = 'false'
             C:\Users\MUKHIL\.nuget\packages\microsoft.aspnetcore.app.ref\8.0.22\ref\net8.0\System.IO.Pipelines.dll
                 Private = 'false'
             C:\Users\MUKHIL\.nuget\packages\microsoft.aspnetcore.app.ref\8.0.22\ref\net8.0\System.Security.Cryptography.Xml.dll
                 Private = 'false'
             C:\Users\MUKHIL\.nuget\packages\microsoft.aspnetcore.app.ref\8.0.22\ref\net8.0\System.Threading.RateLimiting.dll
                 Private = 'false'
         AssemblyFiles:
         CandidateAssemblyFiles:
         TargetFrameworkDirectories:
             
         NonCultureResourceDirectories:
             
         InstalledAssemblyTables:
         IgnoreInstalledAssemblyTable:
             False
         SearchPaths:
             {CandidateAssemblyFiles}
             {HintPathFromItem}
             {TargetFrameworkDirectory}
             {RawFileName}
         AllowedAssemblyExtensions:
             .winmd
             .dll
             .exe
         AllowedRelatedFileExtensions:
             .pdb
             .xml
             .pri
             .dll.config
             .exe.config
         AppConfigFile:
             
         AutoUnify:
             True
         EnableCustomCulture:
             False
         EnableCustomCulture:
             False
         CopyLocalDependenciesWhenParentReferenceInGac:
             True
         FindDependencies:
             True
         TargetProcessorArchitecture:
             msil
         StateFile:
             obj\Debug\net8.0\InternalExamScrutinySystem.Api.csproj.AssemblyReference.cache
         InstalledAssemblySubsetTables:
         IgnoreInstalledAssemblySubsetTable:
             False
         TargetFrameworkSubsets:
         FullTargetFrameworkSubsetNames:
             Full
         ProfileName:
             
         FullFrameworkFolders:
         LatestTargetFrameworkDirectories:
         ProfileTablesLocation:
         Primary reference "AutoMapper, Version=13.0.0.0, Culture=neutral, PublicKeyToken=be96cd2c38ef1005".
             Resolved file path is "C:\Users\MUKHIL\.nuget\packages\automapper\13.0.0\lib\net6.0\AutoMapper.dll".
             Reference found at search path location "{HintPathFromItem}".
             This reference is not "CopyLocal" because at least one source item had "Private" set to "false" and no source items had "Private" set to "true".
         Primary reference "Azure.Core, Version=1.38.0.0, Culture=neutral, PublicKeyToken=92742159e12e44c8".
             Resolved file path is "C:\Users\MUKHIL\.nuget\packages\azure.core\1.38.0\lib\net6.0\Azure.Core.dll".
             Reference found at search path location "{HintPathFromItem}".
             This reference is not "CopyLocal" because at least one source item had "Private" set to "false" and no source items had "Private" set to "true".
         Primary reference "Azure.Identity, Version=1.11.4.0, Culture=neutral, PublicKeyToken=92742159e12e44c8".
             Resolved file path is "C:\Users\MUKHIL\.nuget\packages\azure.identity\1.11.4\lib\netstandard2.0\Azure.Identity.dll".
             Reference found at search path location "{HintPathFromItem}".
             This reference is not "CopyLocal" because at least one source item had "Private" set to "false" and no source items had "Private" set to "true".
         Primary reference "Microsoft.AspNetCore.Authentication.JwtBearer, Version=8.0.25.0, Culture=neutral, PublicKeyToken=adb9793829ddae60".
             Resolved file path is "C:\Users\MUKHIL\.nuget\packages\microsoft.aspnetcore.authentication.jwtbearer\8.0.25\lib\net8.0\Microsoft.AspNetCore.Authentication.JwtBearer.dll".
             Reference found at search path location "{HintPathFromItem}".
             This reference is not "CopyLocal" because at least one source item had "Private" set to "false" and no source items had "Private" set to "true".
         Primary reference "Microsoft.AspNetCore.OpenApi, Version=8.0.8.0, Culture=neutral, PublicKeyToken=adb9793829ddae60".
             Resolved file path is "C:\Users\MUKHIL\.nuget\packages\microsoft.aspnetcore.openapi\8.0.8\lib\net8.0\Microsoft.AspNetCore.OpenApi.dll".
             Reference found at search path location "{HintPathFromItem}".
             This reference is not "CopyLocal" because at least one source item had "Private" set to "false" and no source items had "Private" set to "true".
         Primary reference "Microsoft.Bcl.AsyncInterfaces, Version=6.0.0.0, Culture=neutral, PublicKeyToken=cc7b13ffcd2ddd51".
             Resolved file path is "C:\Users\MUKHIL\.nuget\packages\microsoft.bcl.asyncinterfaces\6.0.0\lib\netstandard2.1\Microsoft.Bcl.AsyncInterfaces.dll".
             Reference found at search path location "{HintPathFromItem}".
             This reference is not "CopyLocal" because at least one source item had "Private" set to "false" and no source items had "Private" set to "true".
         Primary reference "Microsoft.Data.SqlClient, Version=5.0.0.0, Culture=neutral, PublicKeyToken=23ec7fc2d6eaa4a5".
             Resolved file path is "C:\Users\MUKHIL\.nuget\packages\microsoft.data.sqlclient\5.1.7\ref\net6.0\Microsoft.Data.SqlClient.dll".
             Reference found at search path location "{HintPathFromItem}".
             This reference is not "CopyLocal" because at least one source item had "Private" set to "false" and no source items had "Private" set to "true".
         Primary reference "Microsoft.EntityFrameworkCore, Version=8.0.25.0, Culture=neutral, PublicKeyToken=adb9793829ddae60".
             Resolved file path is "C:\Users\MUKHIL\.nuget\packages\microsoft.entityframeworkcore\8.0.25\lib\net8.0\Microsoft.EntityFrameworkCore.dll".
             Reference found at search path location "{HintPathFromItem}".
             This reference is not "CopyLocal" because at least one source item had "Private" set to "false" and no source items had "Private" set to "true".
         Primary reference "Microsoft.EntityFrameworkCore.Abstractions, Version=8.0.25.0, Culture=neutral, PublicKeyToken=adb9793829ddae60".
             Resolved file path is "C:\Users\MUKHIL\.nuget\packages\microsoft.entityframeworkcore.abstractions\8.0.25\lib\net8.0\Microsoft.EntityFrameworkCore.Abstractions.dll".
             Reference found at search path location "{HintPathFromItem}".
             This reference is not "CopyLocal" because at least one source item had "Private" set to "false" and no source items had "Private" set to "true".
         Primary reference "Microsoft.EntityFrameworkCore.Relational, Version=8.0.25.0, Culture=neutral, PublicKeyToken=adb9793829ddae60".
             Resolved file path is "C:\Users\MUKHIL\.nuget\packages\microsoft.entityframeworkcore.relational\8.0.25\lib\net8.0\Microsoft.EntityFrameworkCore.Relational.dll".
             Reference found at search path location "{HintPathFromItem}".
             This reference is not "CopyLocal" because at least one source item had "Private" set to "false" and no source items had "Private" set to "true".
         Primary reference "Microsoft.EntityFrameworkCore.SqlServer, Version=8.0.25.0, Culture=neutral, PublicKeyToken=adb9793829ddae60".
             Resolved file path is "C:\Users\MUKHIL\.nuget\packages\microsoft.entityframeworkcore.sqlserver\8.0.25\lib\net8.0\Microsoft.EntityFrameworkCore.SqlServer.dll".
             Reference found at search path location "{HintPathFromItem}".
             This reference is not "CopyLocal" because at least one source item had "Private" set to "false" and no source items had "Private" set to "true".
         Primary reference "Microsoft.Identity.Client, Version=4.61.3.0, Culture=neutral, PublicKeyToken=0a613f4dd989e8ae".
             Resolved file path is "C:\Users\MUKHIL\.nuget\packages\microsoft.identity.client\4.61.3\lib\net6.0\Microsoft.Identity.Client.dll".
             Reference found at search path location "{HintPathFromItem}".
             This reference is not "CopyLocal" because at least one source item had "Private" set to "false" and no source items had "Private" set to "true".
         Primary reference "Microsoft.Identity.Client.Extensions.Msal, Version=4.61.3.0, Culture=neutral, PublicKeyToken=0a613f4dd989e8ae".
             Resolved file path is "C:\Users\MUKHIL\.nuget\packages\microsoft.identity.client.extensions.msal\4.61.3\lib\net6.0\Microsoft.Identity.Client.Extensions.Msal.dll".
             Reference found at search path location "{HintPathFromItem}".
             This reference is not "CopyLocal" because at least one source item had "Private" set to "false" and no source items had "Private" set to "true".
         Primary reference "Microsoft.IdentityModel.Abstractions, Version=7.1.2.0, Culture=neutral, PublicKeyToken=31bf3856ad364e35".
             Resolved file path is "C:\Users\MUKHIL\.nuget\packages\microsoft.identitymodel.abstractions\7.1.2\lib\net8.0\Microsoft.IdentityModel.Abstractions.dll".
             Reference found at search path location "{HintPathFromItem}".
             This reference is not "CopyLocal" because at least one source item had "Private" set to "false" and no source items had "Private" set to "true".
         Primary reference "Microsoft.IdentityModel.JsonWebTokens, Version=7.1.2.0, Culture=neutral, PublicKeyToken=31bf3856ad364e35".
             Resolved file path is "C:\Users\MUKHIL\.nuget\packages\microsoft.identitymodel.jsonwebtokens\7.1.2\lib\net8.0\Microsoft.IdentityModel.JsonWebTokens.dll".
             Reference found at search path location "{HintPathFromItem}".
             This reference is not "CopyLocal" because at least one source item had "Private" set to "false" and no source items had "Private" set to "true".
         Primary reference "Microsoft.IdentityModel.Logging, Version=7.1.2.0, Culture=neutral, PublicKeyToken=31bf3856ad364e35".
             Resolved file path is "C:\Users\MUKHIL\.nuget\packages\microsoft.identitymodel.logging\7.1.2\lib\net8.0\Microsoft.IdentityModel.Logging.dll".
             Reference found at search path location "{HintPathFromItem}".
             This reference is not "CopyLocal" because at least one source item had "Private" set to "false" and no source items had "Private" set to "true".
         Primary reference "Microsoft.IdentityModel.Protocols, Version=7.1.2.0, Culture=neutral, PublicKeyToken=31bf3856ad364e35".
             Resolved file path is "C:\Users\MUKHIL\.nuget\packages\microsoft.identitymodel.protocols\7.1.2\lib\net8.0\Microsoft.IdentityModel.Protocols.dll".
             Reference found at search path location "{HintPathFromItem}".
             This reference is not "CopyLocal" because at least one source item had "Private" set to "false" and no source items had "Private" set to "true".
         Primary reference "Microsoft.IdentityModel.Protocols.OpenIdConnect, Version=7.1.2.0, Culture=neutral, PublicKeyToken=31bf3856ad364e35".
             Resolved file path is "C:\Users\MUKHIL\.nuget\packages\microsoft.identitymodel.protocols.openidconnect\7.1.2\lib\net8.0\Microsoft.IdentityModel.Protocols.OpenIdConnect.dll".
             Reference found at search path location "{HintPathFromItem}".
             This reference is not "CopyLocal" because at least one source item had "Private" set to "false" and no source items had "Private" set to "true".
         Primary reference "Microsoft.IdentityModel.Tokens, Version=7.1.2.0, Culture=neutral, PublicKeyToken=31bf3856ad364e35".
             Resolved file path is "C:\Users\MUKHIL\.nuget\packages\microsoft.identitymodel.tokens\7.1.2\lib\net8.0\Microsoft.IdentityModel.Tokens.dll".
             Reference found at search path location "{HintPathFromItem}".
             This reference is not "CopyLocal" because at least one source item had "Private" set to "false" and no source items had "Private" set to "true".
         Primary reference "Microsoft.OpenApi, Version=1.6.14.0, Culture=neutral, PublicKeyToken=3f5743946376f042".
             Resolved file path is "C:\Users\MUKHIL\.nuget\packages\microsoft.openapi\1.6.14\lib\netstandard2.0\Microsoft.OpenApi.dll".
             Reference found at search path location "{HintPathFromItem}".
             This reference is not "CopyLocal" because at least one source item had "Private" set to "false" and no source items had "Private" set to "true".
         Primary reference "Microsoft.SqlServer.Server, Version=1.0.0.0, Culture=neutral, PublicKeyToken=23ec7fc2d6eaa4a5".
             Resolved file path is "C:\Users\MUKHIL\.nuget\packages\microsoft.sqlserver.server\1.0.0\lib\netstandard2.0\Microsoft.SqlServer.Server.dll".
             Reference found at search path location "{HintPathFromItem}".
             This reference is not "CopyLocal" because at least one source item had "Private" set to "false" and no source items had "Private" set to "true".
         Primary reference "Swashbuckle.AspNetCore.Swagger, Version=6.6.2.0, Culture=neutral, PublicKeyToken=62657d7474907593".
             Resolved file path is "C:\Users\MUKHIL\.nuget\packages\swashbuckle.aspnetcore.swagger\6.6.2\lib\net8.0\Swashbuckle.AspNetCore.Swagger.dll".
             Reference found at search path location "{HintPathFromItem}".
             This reference is not "CopyLocal" because at least one source item had "Private" set to "false" and no source items had "Private" set to "true".
         Primary reference "Swashbuckle.AspNetCore.SwaggerGen, Version=6.6.2.0, Culture=neutral, PublicKeyToken=d84d99fb0135530a".
             Resolved file path is "C:\Users\MUKHIL\.nuget\packages\swashbuckle.aspnetcore.swaggergen\6.6.2\lib\net8.0\Swashbuckle.AspNetCore.SwaggerGen.dll".
             Reference found at search path location "{HintPathFromItem}".
             This reference is not "CopyLocal" because at least one source item had "Private" set to "false" and no source items had "Private" set to "true".
         Primary reference "Swashbuckle.AspNetCore.SwaggerUI, Version=6.6.2.0, Culture=neutral, PublicKeyToken=4232c99127b3c254".
             Resolved file path is "C:\Users\MUKHIL\.nuget\packages\swashbuckle.aspnetcore.swaggerui\6.6.2\lib\net8.0\Swashbuckle.AspNetCore.SwaggerUI.dll".
             Reference found at search path location "{HintPathFromItem}".
             This reference is not "CopyLocal" because at least one source item had "Private" set to "false" and no source items had "Private" set to "true".
         Primary reference "System.ClientModel, Version=1.0.0.0, Culture=neutral, PublicKeyToken=92742159e12e44c8".
             Resolved file path is "C:\Users\MUKHIL\.nuget\packages\system.clientmodel\1.0.0\lib\net6.0\System.ClientModel.dll".
             Reference found at search path location "{HintPathFromItem}".
             This reference is not "CopyLocal" because at least one source item had "Private" set to "false" and no source items had "Private" set to "true".
         Primary reference "System.IdentityModel.Tokens.Jwt, Version=7.1.2.0, Culture=neutral, PublicKeyToken=31bf3856ad364e35".
             Resolved file path is "C:\Users\MUKHIL\.nuget\packages\system.identitymodel.tokens.jwt\7.1.2\lib\net8.0\System.IdentityModel.Tokens.Jwt.dll".
             Reference found at search path location "{HintPathFromItem}".
             This reference is not "CopyLocal" because at least one source item had "Private" set to "false" and no source items had "Private" set to "true".
         Primary reference "System.Memory.Data, Version=1.0.2.0, Culture=neutral, PublicKeyToken=cc7b13ffcd2ddd51".
             Resolved file path is "C:\Users\MUKHIL\.nuget\packages\system.memory.data\1.0.2\lib\netstandard2.0\System.Memory.Data.dll".
             Reference found at search path location "{HintPathFromItem}".
             This reference is not "CopyLocal" because at least one source item had "Private" set to "false" and no source items had "Private" set to "true".
         Primary reference "System.Security.Cryptography.Pkcs, Version=8.0.0.0, Culture=neutral, PublicKeyToken=b03f5f7f11d50a3a".
             Resolved file path is "C:\Users\MUKHIL\.nuget\packages\system.security.cryptography.pkcs\8.0.1\lib\net8.0\System.Security.Cryptography.Pkcs.dll".
             Reference found at search path location "{HintPathFromItem}".
             This reference is not "CopyLocal" because at least one source item had "Private" set to "false" and no source items had "Private" set to "true".
         Primary reference "System.Security.Cryptography.ProtectedData, Version=6.0.0.0, Culture=neutral, PublicKeyToken=b03f5f7f11d50a3a".
             Resolved file path is "C:\Users\MUKHIL\.nuget\packages\system.security.cryptography.protecteddata\6.0.0\lib\net6.0\System.Security.Cryptography.ProtectedData.dll".
             Reference found at search path location "{HintPathFromItem}".
             This reference is not "CopyLocal" because at least one source item had "Private" set to "false" and no source items had "Private" set to "true".
         Primary reference "Microsoft.CSharp, Version=8.0.0.0, Culture=neutral, PublicKeyToken=b03f5f7f11d50a3a".
             Resolved file path is "C:\Users\MUKHIL\.nuget\packages\microsoft.netcore.app.ref\8.0.22\ref\net8.0\Microsoft.CSharp.dll".
             Reference found at search path location "{RawFileName}".
             This reference is not "CopyLocal" because at least one source item had "Private" set to "false" and no source items had "Private" set to "true".
         Primary reference "Microsoft.VisualBasic.Core, Version=13.0.0.0, Culture=neutral, PublicKeyToken=b03f5f7f11d50a3a".
             Resolved file path is "C:\Users\MUKHIL\.nuget\packages\microsoft.netcore.app.ref\8.0.22\ref\net8.0\Microsoft.VisualBasic.Core.dll".
             Reference found at search path location "{RawFileName}".
             This reference is not "CopyLocal" because at least one source item had "Private" set to "false" and no source items had "Private" set to "true".
         Primary reference "Microsoft.VisualBasic, Version=10.0.0.0, Culture=neutral, PublicKeyToken=b03f5f7f11d50a3a".
             Resolved file path is "C:\Users\MUKHIL\.nuget\packages\microsoft.netcore.app.ref\8.0.22\ref\net8.0\Microsoft.VisualBasic.dll".
             Reference found at search path location "{RawFileName}".
             This reference is not "CopyLocal" because at least one source item had "Private" set to "false" and no source items had "Private" set to "true".
         Primary reference "Microsoft.Win32.Primitives, Version=8.0.0.0, Culture=neutral, PublicKeyToken=b03f5f7f11d50a3a".
             Resolved file path is "C:\Users\MUKHIL\.nuget\packages\microsoft.netcore.app.ref\8.0.22\ref\net8.0\Microsoft.Win32.Primitives.dll".
             Reference found at search path location "{RawFileName}".
             This reference is not "CopyLocal" because at least one source item had "Private" set to "false" and no source items had "Private" set to "true".
         Primary reference "Microsoft.Win32.Registry, Version=8.0.0.0, Culture=neutral, PublicKeyToken=b03f5f7f11d50a3a".
             Resolved file path is "C:\Users\MUKHIL\.nuget\packages\microsoft.netcore.app.ref\8.0.22\ref\net8.0\Microsoft.Win32.Registry.dll".
             Reference found at search path location "{RawFileName}".
             This reference is not "CopyLocal" because at least one source item had "Private" set to "false" and no source items had "Private" set to "true".
         Primary reference "System.AppContext, Version=8.0.0.0, Culture=neutral, PublicKeyToken=b03f5f7f11d50a3a".
             Resolved file path is "C:\Users\MUKHIL\.nuget\packages\microsoft.netcore.app.ref\8.0.22\ref\net8.0\System.AppContext.dll".
             Reference found at search path location "{RawFileName}".
             This reference is not "CopyLocal" because at least one source item had "Private" set to "false" and no source items had "Private" set to "true".
         Primary reference "System.Buffers, Version=8.0.0.0, Culture=neutral, PublicKeyToken=cc7b13ffcd2ddd51".
             Resolved file path is "C:\Users\MUKHIL\.nuget\packages\microsoft.netcore.app.ref\8.0.22\ref\net8.0\System.Buffers.dll".
             Reference found at search path location "{RawFileName}".
             This reference is not "CopyLocal" because at least one source item had "Private" set to "false" and no source items had "Private" set to "true".
         Primary reference "System.Collections.Concurrent, Version=8.0.0.0, Culture=neutral, PublicKeyToken=b03f5f7f11d50a3a".
             Resolved file path is "C:\Users\MUKHIL\.nuget\packages\microsoft.netcore.app.ref\8.0.22\ref\net8.0\System.Collections.Concurrent.dll".
             Reference found at search path location "{RawFileName}".
             This reference is not "CopyLocal" because at least one source item had "Private" set to "false" and no source items had "Private" set to "true".
         Primary reference "System.Collections.Immutable, Version=8.0.0.0, Culture=neutral, PublicKeyToken=b03f5f7f11d50a3a".
             Resolved file path is "C:\Users\MUKHIL\.nuget\packages\microsoft.netcore.app.ref\8.0.22\ref\net8.0\System.Collections.Immutable.dll".
             Reference found at search path location "{RawFileName}".
             This reference is not "CopyLocal" because at least one source item had "Private" set to "false" and no source items had "Private" set to "true".
         Primary reference "System.Collections.NonGeneric, Version=8.0.0.0, Culture=neutral, PublicKeyToken=b03f5f7f11d50a3a".
             Resolved file path is "C:\Users\MUKHIL\.nuget\packages\microsoft.netcore.app.ref\8.0.22\ref\net8.0\System.Collections.NonGeneric.dll".
             Reference found at search path location "{RawFileName}".
             This reference is not "CopyLocal" because at least one source item had "Private" set to "false" and no source items had "Private" set to "true".
         Primary reference "System.Collections.Specialized, Version=8.0.0.0, Culture=neutral, PublicKeyToken=b03f5f7f11d50a3a".
             Resolved file path is "C:\Users\MUKHIL\.nuget\packages\microsoft.netcore.app.ref\8.0.22\ref\net8.0\System.Collections.Specialized.dll".
             Reference found at search path location "{RawFileName}".
             This reference is not "CopyLocal" because at least one source item had "Private" set to "false" and no source items had "Private" set to "true".
         Primary reference "System.Collections, Version=8.0.0.0, Culture=neutral, PublicKeyToken=b03f5f7f11d50a3a".
             Resolved file path is "C:\Users\MUKHIL\.nuget\packages\microsoft.netcore.app.ref\8.0.22\ref\net8.0\System.Collections.dll".
             Reference found at search path location "{RawFileName}".
             This reference is not "CopyLocal" because at least one source item had "Private" set to "false" and no source items had "Private" set to "true".
         Primary reference "System.ComponentModel.Annotations, Version=8.0.0.0, Culture=neutral, PublicKeyToken=b03f5f7f11d50a3a".
             Resolved file path is "C:\Users\MUKHIL\.nuget\packages\microsoft.netcore.app.ref\8.0.22\ref\net8.0\System.ComponentModel.Annotations.dll".
             Reference found at search path location "{RawFileName}".
             This reference is not "CopyLocal" because at least one source item had "Private" set to "false" and no source items had "Private" set to "true".
         Primary reference "System.ComponentModel.DataAnnotations, Version=4.0.0.0, Culture=neutral, PublicKeyToken=31bf3856ad364e35".
             Resolved file path is "C:\Users\MUKHIL\.nuget\packages\microsoft.netcore.app.ref\8.0.22\ref\net8.0\System.ComponentModel.DataAnnotations.dll".
             Reference found at search path location "{RawFileName}".
             This reference is not "CopyLocal" because at least one source item had "Private" set to "false" and no source items had "Private" set to "true".
         Primary reference "System.ComponentModel.EventBasedAsync, Version=8.0.0.0, Culture=neutral, PublicKeyToken=b03f5f7f11d50a3a".
             Resolved file path is "C:\Users\MUKHIL\.nuget\packages\microsoft.netcore.app.ref\8.0.22\ref\net8.0\System.ComponentModel.EventBasedAsync.dll".
             Reference found at search path location "{RawFileName}".
             This reference is not "CopyLocal" because at least one source item had "Private" set to "false" and no source items had "Private" set to "true".
         Primary reference "System.ComponentModel.Primitives, Version=8.0.0.0, Culture=neutral, PublicKeyToken=b03f5f7f11d50a3a".
             Resolved file path is "C:\Users\MUKHIL\.nuget\packages\microsoft.netcore.app.ref\8.0.22\ref\net8.0\System.ComponentModel.Primitives.dll".
             Reference found at search path location "{RawFileName}".
             This reference is not "CopyLocal" because at least one source item had "Private" set to "false" and no source items had "Private" set to "true".
         Primary reference "System.ComponentModel.TypeConverter, Version=8.0.0.0, Culture=neutral, PublicKeyToken=b03f5f7f11d50a3a".
             Resolved file path is "C:\Users\MUKHIL\.nuget\packages\microsoft.netcore.app.ref\8.0.22\ref\net8.0\System.ComponentModel.TypeConverter.dll".
             Reference found at search path location "{RawFileName}".
             This reference is not "CopyLocal" because at least one source item had "Private" set to "false" and no source items had "Private" set to "true".
         Primary reference "System.ComponentModel, Version=8.0.0.0, Culture=neutral, PublicKeyToken=b03f5f7f11d50a3a".
             Resolved file path is "C:\Users\MUKHIL\.nuget\packages\microsoft.netcore.app.ref\8.0.22\ref\net8.0\System.ComponentModel.dll".
             Reference found at search path location "{RawFileName}".
             This reference is not "CopyLocal" because at least one source item had "Private" set to "false" and no source items had "Private" set to "true".
         Primary reference "System.Configuration, Version=4.0.0.0, Culture=neutral, PublicKeyToken=b03f5f7f11d50a3a".
             Resolved file path is "C:\Users\MUKHIL\.nuget\packages\microsoft.netcore.app.ref\8.0.22\ref\net8.0\System.Configuration.dll".
             Reference found at search path location "{RawFileName}".
             This reference is not "CopyLocal" because at least one source item had "Private" set to "false" and no source items had "Private" set to "true".
         Primary reference "System.Console, Version=8.0.0.0, Culture=neutral, PublicKeyToken=b03f5f7f11d50a3a".
             Resolved file path is "C:\Users\MUKHIL\.nuget\packages\microsoft.netcore.app.ref\8.0.22\ref\net8.0\System.Console.dll".
             Reference found at search path location "{RawFileName}".
             This reference is not "CopyLocal" because at least one source item had "Private" set to "false" and no source items had "Private" set to "true".
         Primary reference "System.Core, Version=4.0.0.0, Culture=neutral, PublicKeyToken=b77a5c561934e089".
             Resolved file path is "C:\Users\MUKHIL\.nuget\packages\microsoft.netcore.app.ref\8.0.22\ref\net8.0\System.Core.dll".
             Reference found at search path location "{RawFileName}".
             This reference is not "CopyLocal" because at least one source item had "Private" set to "false" and no source items had "Private" set to "true".
         Primary reference "System.Data.Common, Version=8.0.0.0, Culture=neutral, PublicKeyToken=b03f5f7f11d50a3a".
             Resolved file path is "C:\Users\MUKHIL\.nuget\packages\microsoft.netcore.app.ref\8.0.22\ref\net8.0\System.Data.Common.dll".
             Reference found at search path location "{RawFileName}".
             This reference is not "CopyLocal" because at least one source item had "Private" set to "false" and no source items had "Private" set to "true".
         Primary reference "System.Data.DataSetExtensions, Version=8.0.0.0, Culture=neutral, PublicKeyToken=b77a5c561934e089".
             Resolved file path is "C:\Users\MUKHIL\.nuget\packages\microsoft.netcore.app.ref\8.0.22\ref\net8.0\System.Data.DataSetExtensions.dll".
             Reference found at search path location "{RawFileName}".
             This reference is not "CopyLocal" because at least one source item had "Private" set to "false" and no source items had "Private" set to "true".
         Primary reference "System.Data, Version=4.0.0.0, Culture=neutral, PublicKeyToken=b77a5c561934e089".
             Resolved file path is "C:\Users\MUKHIL\.nuget\packages\microsoft.netcore.app.ref\8.0.22\ref\net8.0\System.Data.dll".
             Reference found at search path location "{RawFileName}".
             This reference is not "CopyLocal" because at least one source item had "Private" set to "false" and no source items had "Private" set to "true".
         Primary reference "System.Diagnostics.Contracts, Version=8.0.0.0, Culture=neutral, PublicKeyToken=b03f5f7f11d50a3a".
             Resolved file path is "C:\Users\MUKHIL\.nuget\packages\microsoft.netcore.app.ref\8.0.22\ref\net8.0\System.Diagnostics.Contracts.dll".
             Reference found at search path location "{RawFileName}".
             This reference is not "CopyLocal" because at least one source item had "Private" set to "false" and no source items had "Private" set to "true".
         Primary reference "System.Diagnostics.Debug, Version=8.0.0.0, Culture=neutral, PublicKeyToken=b03f5f7f11d50a3a".
             Resolved file path is "C:\Users\MUKHIL\.nuget\packages\microsoft.netcore.app.ref\8.0.22\ref\net8.0\System.Diagnostics.Debug.dll".
             Reference found at search path location "{RawFileName}".
             This reference is not "CopyLocal" because at least one source item had "Private" set to "false" and no source items had "Private" set to "true".
         Primary reference "System.Diagnostics.DiagnosticSource, Version=8.0.0.0, Culture=neutral, PublicKeyToken=cc7b13ffcd2ddd51".
             Resolved file path is "C:\Users\MUKHIL\.nuget\packages\microsoft.netcore.app.ref\8.0.22\ref\net8.0\System.Diagnostics.DiagnosticSource.dll".
             Reference found at search path location "{RawFileName}".
             This reference is not "CopyLocal" because at least one source item had "Private" set to "false" and no source items had "Private" set to "true".
         Primary reference "System.Diagnostics.FileVersionInfo, Version=8.0.0.0, Culture=neutral, PublicKeyToken=b03f5f7f11d50a3a".
             Resolved file path is "C:\Users\MUKHIL\.nuget\packages\microsoft.netcore.app.ref\8.0.22\ref\net8.0\System.Diagnostics.FileVersionInfo.dll".
             Reference found at search path location "{RawFileName}".
             This reference is not "CopyLocal" because at least one source item had "Private" set to "false" and no source items had "Private" set to "true".
         Primary reference "System.Diagnostics.Process, Version=8.0.0.0, Culture=neutral, PublicKeyToken=b03f5f7f11d50a3a".
             Resolved file path is "C:\Users\MUKHIL\.nuget\packages\microsoft.netcore.app.ref\8.0.22\ref\net8.0\System.Diagnostics.Process.dll".
             Reference found at search path location "{RawFileName}".
             This reference is not "CopyLocal" because at least one source item had "Private" set to "false" and no source items had "Private" set to "true".
         Primary reference "System.Diagnostics.StackTrace, Version=8.0.0.0, Culture=neutral, PublicKeyToken=b03f5f7f11d50a3a".
             Resolved file path is "C:\Users\MUKHIL\.nuget\packages\microsoft.netcore.app.ref\8.0.22\ref\net8.0\System.Diagnostics.StackTrace.dll".
             Reference found at search path location "{RawFileName}".
             This reference is not "CopyLocal" because at least one source item had "Private" set to "false" and no source items had "Private" set to "true".
         Primary reference "System.Diagnostics.TextWriterTraceListener, Version=8.0.0.0, Culture=neutral, PublicKeyToken=b03f5f7f11d50a3a".
             Resolved file path is "C:\Users\MUKHIL\.nuget\packages\microsoft.netcore.app.ref\8.0.22\ref\net8.0\System.Diagnostics.TextWriterTraceListener.dll".
             Reference found at search path location "{RawFileName}".
             This reference is not "CopyLocal" because at least one source item had "Private" set to "false" and no source items had "Private" set to "true".
         Primary reference "System.Diagnostics.Tools, Version=8.0.0.0, Culture=neutral, PublicKeyToken=b03f5f7f11d50a3a".
             Resolved file path is "C:\Users\MUKHIL\.nuget\packages\microsoft.netcore.app.ref\8.0.22\ref\net8.0\System.Diagnostics.Tools.dll".
             Reference found at search path location "{RawFileName}".
             This reference is not "CopyLocal" because at least one source item had "Private" set to "false" and no source items had "Private" set to "true".
         Primary reference "System.Diagnostics.TraceSource, Version=8.0.0.0, Culture=neutral, PublicKeyToken=b03f5f7f11d50a3a".
             Resolved file path is "C:\Users\MUKHIL\.nuget\packages\microsoft.netcore.app.ref\8.0.22\ref\net8.0\System.Diagnostics.TraceSource.dll".
             Reference found at search path location "{RawFileName}".
             This reference is not "CopyLocal" because at least one source item had "Private" set to "false" and no source items had "Private" set to "true".
         Primary reference "System.Diagnostics.Tracing, Version=8.0.0.0, Culture=neutral, PublicKeyToken=b03f5f7f11d50a3a".
             Resolved file path is "C:\Users\MUKHIL\.nuget\packages\microsoft.netcore.app.ref\8.0.22\ref\net8.0\System.Diagnostics.Tracing.dll".
             Reference found at search path location "{RawFileName}".
             This reference is not "CopyLocal" because at least one source item had "Private" set to "false" and no source items had "Private" set to "true".
         Primary reference "System.Drawing.Primitives, Version=8.0.0.0, Culture=neutral, PublicKeyToken=b03f5f7f11d50a3a".
             Resolved file path is "C:\Users\MUKHIL\.nuget\packages\microsoft.netcore.app.ref\8.0.22\ref\net8.0\System.Drawing.Primitives.dll".
             Reference found at search path location "{RawFileName}".
             This reference is not "CopyLocal" because at least one source item had "Private" set to "false" and no source items had "Private" set to "true".
         Primary reference "System.Drawing, Version=4.0.0.0, Culture=neutral, PublicKeyToken=b03f5f7f11d50a3a".
             Resolved file path is "C:\Users\MUKHIL\.nuget\packages\microsoft.netcore.app.ref\8.0.22\ref\net8.0\System.Drawing.dll".
             Reference found at search path location "{RawFileName}".
             This reference is not "CopyLocal" because at least one source item had "Private" set to "false" and no source items had "Private" set to "true".
         Primary reference "System.Dynamic.Runtime, Version=8.0.0.0, Culture=neutral, PublicKeyToken=b03f5f7f11d50a3a".
             Resolved file path is "C:\Users\MUKHIL\.nuget\packages\microsoft.netcore.app.ref\8.0.22\ref\net8.0\System.Dynamic.Runtime.dll".
             Reference found at search path location "{RawFileName}".
             This reference is not "CopyLocal" because at least one source item had "Private" set to "false" and no source items had "Private" set to "true".
         Primary reference "System.Formats.Asn1, Version=8.0.0.0, Culture=neutral, PublicKeyToken=cc7b13ffcd2ddd51".
             Resolved file path is "C:\Users\MUKHIL\.nuget\packages\microsoft.netcore.app.ref\8.0.22\ref\net8.0\System.Formats.Asn1.dll".
             Reference found at search path location "{RawFileName}".
             This reference is not "CopyLocal" because at least one source item had "Private" set to "false" and no source items had "Private" set to "true".
         Primary reference "System.Formats.Tar, Version=8.0.0.0, Culture=neutral, PublicKeyToken=cc7b13ffcd2ddd51".
             Resolved file path is "C:\Users\MUKHIL\.nuget\packages\microsoft.netcore.app.ref\8.0.22\ref\net8.0\System.Formats.Tar.dll".
             Reference found at search path location "{RawFileName}".
             This reference is not "CopyLocal" because at least one source item had "Private" set to "false" and no source items had "Private" set to "true".
         Primary reference "System.Globalization.Calendars, Version=8.0.0.0, Culture=neutral, PublicKeyToken=b03f5f7f11d50a3a".
             Resolved file path is "C:\Users\MUKHIL\.nuget\packages\microsoft.netcore.app.ref\8.0.22\ref\net8.0\System.Globalization.Calendars.dll".
             Reference found at search path location "{RawFileName}".
             This reference is not "CopyLocal" because at least one source item had "Private" set to "false" and no source items had "Private" set to "true".
         Primary reference "System.Globalization.Extensions, Version=8.0.0.0, Culture=neutral, PublicKeyToken=b03f5f7f11d50a3a".
             Resolved file path is "C:\Users\MUKHIL\.nuget\packages\microsoft.netcore.app.ref\8.0.22\ref\net8.0\System.Globalization.Extensions.dll".
             Reference found at search path location "{RawFileName}".
             This reference is not "CopyLocal" because at least one source item had "Private" set to "false" and no source items had "Private" set to "true".
         Primary reference "System.Globalization, Version=8.0.0.0, Culture=neutral, PublicKeyToken=b03f5f7f11d50a3a".
             Resolved file path is "C:\Users\MUKHIL\.nuget\packages\microsoft.netcore.app.ref\8.0.22\ref\net8.0\System.Globalization.dll".
             Reference found at search path location "{RawFileName}".
             This reference is not "CopyLocal" because at least one source item had "Private" set to "false" and no source items had "Private" set to "true".
         Primary reference "System.IO.Compression.Brotli, Version=8.0.0.0, Culture=neutral, PublicKeyToken=b77a5c561934e089".
             Resolved file path is "C:\Users\MUKHIL\.nuget\packages\microsoft.netcore.app.ref\8.0.22\ref\net8.0\System.IO.Compression.Brotli.dll".
             Reference found at search path location "{RawFileName}".
             This reference is not "CopyLocal" because at least one source item had "Private" set to "false" and no source items had "Private" set to "true".
         Primary reference "System.IO.Compression.FileSystem, Version=4.0.0.0, Culture=neutral, PublicKeyToken=b77a5c561934e089".
             Resolved file path is "C:\Users\MUKHIL\.nuget\packages\microsoft.netcore.app.ref\8.0.22\ref\net8.0\System.IO.Compression.FileSystem.dll".
             Reference found at search path location "{RawFileName}".
             This reference is not "CopyLocal" because at least one source item had "Private" set to "false" and no source items had "Private" set to "true".
         Primary reference "System.IO.Compression.ZipFile, Version=8.0.0.0, Culture=neutral, PublicKeyToken=b77a5c561934e089".
             Resolved file path is "C:\Users\MUKHIL\.nuget\packages\microsoft.netcore.app.ref\8.0.22\ref\net8.0\System.IO.Compression.ZipFile.dll".
             Reference found at search path location "{RawFileName}".
             This reference is not "CopyLocal" because at least one source item had "Private" set to "false" and no source items had "Private" set to "true".
         Primary reference "System.IO.Compression, Version=8.0.0.0, Culture=neutral, PublicKeyToken=b77a5c561934e089".
             Resolved file path is "C:\Users\MUKHIL\.nuget\packages\microsoft.netcore.app.ref\8.0.22\ref\net8.0\System.IO.Compression.dll".
             Reference found at search path location "{RawFileName}".
             This reference is not "CopyLocal" because at least one source item had "Private" set to "false" and no source items had "Private" set to "true".
         Primary reference "System.IO.FileSystem.AccessControl, Version=8.0.0.0, Culture=neutral, PublicKeyToken=b03f5f7f11d50a3a".
             Resolved file path is "C:\Users\MUKHIL\.nuget\packages\microsoft.netcore.app.ref\8.0.22\ref\net8.0\System.IO.FileSystem.AccessControl.dll".
             Reference found at search path location "{RawFileName}".
             This reference is not "CopyLocal" because at least one source item had "Private" set to "false" and no source items had "Private" set to "true".
         Primary reference "System.IO.FileSystem.DriveInfo, Version=8.0.0.0, Culture=neutral, PublicKeyToken=b03f5f7f11d50a3a".
             Resolved file path is "C:\Users\MUKHIL\.nuget\packages\microsoft.netcore.app.ref\8.0.22\ref\net8.0\System.IO.FileSystem.DriveInfo.dll".
             Reference found at search path location "{RawFileName}".
             This reference is not "CopyLocal" because at least one source item had "Private" set to "false" and no source items had "Private" set to "true".
         Primary reference "System.IO.FileSystem.Primitives, Version=8.0.0.0, Culture=neutral, PublicKeyToken=b03f5f7f11d50a3a".
             Resolved file path is "C:\Users\MUKHIL\.nuget\packages\microsoft.netcore.app.ref\8.0.22\ref\net8.0\System.IO.FileSystem.Primitives.dll".
             Reference found at search path location "{RawFileName}".
             This reference is not "CopyLocal" because at least one source item had "Private" set to "false" and no source items had "Private" set to "true".
         Primary reference "System.IO.FileSystem.Watcher, Version=8.0.0.0, Culture=neutral, PublicKeyToken=b03f5f7f11d50a3a".
             Resolved file path is "C:\Users\MUKHIL\.nuget\packages\microsoft.netcore.app.ref\8.0.22\ref\net8.0\System.IO.FileSystem.Watcher.dll".
             Reference found at search path location "{RawFileName}".
             This reference is not "CopyLocal" because at least one source item had "Private" set to "false" and no source items had "Private" set to "true".
         Primary reference "System.IO.FileSystem, Version=8.0.0.0, Culture=neutral, PublicKeyToken=b03f5f7f11d50a3a".
             Resolved file path is "C:\Users\MUKHIL\.nuget\packages\microsoft.netcore.app.ref\8.0.22\ref\net8.0\System.IO.FileSystem.dll".
             Reference found at search path location "{RawFileName}".
             This reference is not "CopyLocal" because at least one source item had "Private" set to "false" and no source items had "Private" set to "true".
         Primary reference "System.IO.IsolatedStorage, Version=8.0.0.0, Culture=neutral, PublicKeyToken=b03f5f7f11d50a3a".
             Resolved file path is "C:\Users\MUKHIL\.nuget\packages\microsoft.netcore.app.ref\8.0.22\ref\net8.0\System.IO.IsolatedStorage.dll".
             Reference found at search path location "{RawFileName}".
             This reference is not "CopyLocal" because at least one source item had "Private" set to "false" and no source items had "Private" set to "true".
         Primary reference "System.IO.MemoryMappedFiles, Version=8.0.0.0, Culture=neutral, PublicKeyToken=b03f5f7f11d50a3a".
             Resolved file path is "C:\Users\MUKHIL\.nuget\packages\microsoft.netcore.app.ref\8.0.22\ref\net8.0\System.IO.MemoryMappedFiles.dll".
             Reference found at search path location "{RawFileName}".
             This reference is not "CopyLocal" because at least one source item had "Private" set to "false" and no source items had "Private" set to "true".
         Primary reference "System.IO.Pipes.AccessControl, Version=8.0.0.0, Culture=neutral, PublicKeyToken=b03f5f7f11d50a3a".
             Resolved file path is "C:\Users\MUKHIL\.nuget\packages\microsoft.netcore.app.ref\8.0.22\ref\net8.0\System.IO.Pipes.AccessControl.dll".
             Reference found at search path location "{RawFileName}".
             This reference is not "CopyLocal" because at least one source item had "Private" set to "false" and no source items had "Private" set to "true".
         Primary reference "System.IO.Pipes, Version=8.0.0.0, Culture=neutral, PublicKeyToken=b03f5f7f11d50a3a".
             Resolved file path is "C:\Users\MUKHIL\.nuget\packages\microsoft.netcore.app.ref\8.0.22\ref\net8.0\System.IO.Pipes.dll".
             Reference found at search path location "{RawFileName}".
             This reference is not "CopyLocal" because at least one source item had "Private" set to "false" and no source items had "Private" set to "true".
         Primary reference "System.IO.UnmanagedMemoryStream, Version=8.0.0.0, Culture=neutral, PublicKeyToken=b03f5f7f11d50a3a".
             Resolved file path is "C:\Users\MUKHIL\.nuget\packages\microsoft.netcore.app.ref\8.0.22\ref\net8.0\System.IO.UnmanagedMemoryStream.dll".
             Reference found at search path location "{RawFileName}".
             This reference is not "CopyLocal" because at least one source item had "Private" set to "false" and no source items had "Private" set to "true".
         Primary reference "System.IO, Version=8.0.0.0, Culture=neutral, PublicKeyToken=b03f5f7f11d50a3a".
             Resolved file path is "C:\Users\MUKHIL\.nuget\packages\microsoft.netcore.app.ref\8.0.22\ref\net8.0\System.IO.dll".
             Reference found at search path location "{RawFileName}".
             This reference is not "CopyLocal" because at least one source item had "Private" set to "false" and no source items had "Private" set to "true".
         Primary reference "System.Linq.Expressions, Version=8.0.0.0, Culture=neutral, PublicKeyToken=b03f5f7f11d50a3a".
             Resolved file path is "C:\Users\MUKHIL\.nuget\packages\microsoft.netcore.app.ref\8.0.22\ref\net8.0\System.Linq.Expressions.dll".
             Reference found at search path location "{RawFileName}".
             This reference is not "CopyLocal" because at least one source item had "Private" set to "false" and no source items had "Private" set to "true".
         Primary reference "System.Linq.Parallel, Version=8.0.0.0, Culture=neutral, PublicKeyToken=b03f5f7f11d50a3a".
             Resolved file path is "C:\Users\MUKHIL\.nuget\packages\microsoft.netcore.app.ref\8.0.22\ref\net8.0\System.Linq.Parallel.dll".
             Reference found at search path location "{RawFileName}".
             This reference is not "CopyLocal" because at least one source item had "Private" set to "false" and no source items had "Private" set to "true".
         Primary reference "System.Linq.Queryable, Version=8.0.0.0, Culture=neutral, PublicKeyToken=b03f5f7f11d50a3a".
             Resolved file path is "C:\Users\MUKHIL\.nuget\packages\microsoft.netcore.app.ref\8.0.22\ref\net8.0\System.Linq.Queryable.dll".
             Reference found at search path location "{RawFileName}".
             This reference is not "CopyLocal" because at least one source item had "Private" set to "false" and no source items had "Private" set to "true".
         Primary reference "System.Linq, Version=8.0.0.0, Culture=neutral, PublicKeyToken=b03f5f7f11d50a3a".
             Resolved file path is "C:\Users\MUKHIL\.nuget\packages\microsoft.netcore.app.ref\8.0.22\ref\net8.0\System.Linq.dll".
             Reference found at search path location "{RawFileName}".
             This reference is not "CopyLocal" because at least one source item had "Private" set to "false" and no source items had "Private" set to "true".
         Primary reference "System.Memory, Version=8.0.0.0, Culture=neutral, PublicKeyToken=cc7b13ffcd2ddd51".
             Resolved file path is "C:\Users\MUKHIL\.nuget\packages\microsoft.netcore.app.ref\8.0.22\ref\net8.0\System.Memory.dll".
             Reference found at search path location "{RawFileName}".
             This reference is not "CopyLocal" because at least one source item had "Private" set to "false" and no source items had "Private" set to "true".
         Primary reference "System.Net.Http.Json, Version=8.0.0.0, Culture=neutral, PublicKeyToken=cc7b13ffcd2ddd51".
             Resolved file path is "C:\Users\MUKHIL\.nuget\packages\microsoft.netcore.app.ref\8.0.22\ref\net8.0\System.Net.Http.Json.dll".
             Reference found at search path location "{RawFileName}".
             This reference is not "CopyLocal" because at least one source item had "Private" set to "false" and no source items had "Private" set to "true".
         Primary reference "System.Net.Http, Version=8.0.0.0, Culture=neutral, PublicKeyToken=b03f5f7f11d50a3a".
             Resolved file path is "C:\Users\MUKHIL\.nuget\packages\microsoft.netcore.app.ref\8.0.22\ref\net8.0\System.Net.Http.dll".
             Reference found at search path location "{RawFileName}".
             This reference is not "CopyLocal" because at least one source item had "Private" set to "false" and no source items had "Private" set to "true".
         Primary reference "System.Net.HttpListener, Version=8.0.0.0, Culture=neutral, PublicKeyToken=cc7b13ffcd2ddd51".
             Resolved file path is "C:\Users\MUKHIL\.nuget\packages\microsoft.netcore.app.ref\8.0.22\ref\net8.0\System.Net.HttpListener.dll".
             Reference found at search path location "{RawFileName}".
             This reference is not "CopyLocal" because at least one source item had "Private" set to "false" and no source items had "Private" set to "true".
         Primary reference "System.Net.Mail, Version=8.0.0.0, Culture=neutral, PublicKeyToken=cc7b13ffcd2ddd51".
             Resolved file path is "C:\Users\MUKHIL\.nuget\packages\microsoft.netcore.app.ref\8.0.22\ref\net8.0\System.Net.Mail.dll".
             Reference found at search path location "{RawFileName}".
             This reference is not "CopyLocal" because at least one source item had "Private" set to "false" and no source items had "Private" set to "true".
         Primary reference "System.Net.NameResolution, Version=8.0.0.0, Culture=neutral, PublicKeyToken=b03f5f7f11d50a3a".
             Resolved file path is "C:\Users\MUKHIL\.nuget\packages\microsoft.netcore.app.ref\8.0.22\ref\net8.0\System.Net.NameResolution.dll".
             Reference found at search path location "{RawFileName}".
             This reference is not "CopyLocal" because at least one source item had "Private" set to "false" and no source items had "Private" set to "true".
         Primary reference "System.Net.NetworkInformation, Version=8.0.0.0, Culture=neutral, PublicKeyToken=b03f5f7f11d50a3a".
             Resolved file path is "C:\Users\MUKHIL\.nuget\packages\microsoft.netcore.app.ref\8.0.22\ref\net8.0\System.Net.NetworkInformation.dll".
             Reference found at search path location "{RawFileName}".
             This reference is not "CopyLocal" because at least one source item had "Private" set to "false" and no source items had "Private" set to "true".
         Primary reference "System.Net.Ping, Version=8.0.0.0, Culture=neutral, PublicKeyToken=b03f5f7f11d50a3a".
             Resolved file path is "C:\Users\MUKHIL\.nuget\packages\microsoft.netcore.app.ref\8.0.22\ref\net8.0\System.Net.Ping.dll".
             Reference found at search path location "{RawFileName}".
             This reference is not "CopyLocal" because at least one source item had "Private" set to "false" and no source items had "Private" set to "true".
         Primary reference "System.Net.Primitives, Version=8.0.0.0, Culture=neutral, PublicKeyToken=b03f5f7f11d50a3a".
             Resolved file path is "C:\Users\MUKHIL\.nuget\packages\microsoft.netcore.app.ref\8.0.22\ref\net8.0\System.Net.Primitives.dll".
             Reference found at search path location "{RawFileName}".
             This reference is not "CopyLocal" because at least one source item had "Private" set to "false" and no source items had "Private" set to "true".
         Primary reference "System.Net.Quic, Version=8.0.0.0, Culture=neutral, PublicKeyToken=b03f5f7f11d50a3a".
             Resolved file path is "C:\Users\MUKHIL\.nuget\packages\microsoft.netcore.app.ref\8.0.22\ref\net8.0\System.Net.Quic.dll".
             Reference found at search path location "{RawFileName}".
             This reference is not "CopyLocal" because at least one source item had "Private" set to "false" and no source items had "Private" set to "true".
         Primary reference "System.Net.Requests, Version=8.0.0.0, Culture=neutral, PublicKeyToken=b03f5f7f11d50a3a".
             Resolved file path is "C:\Users\MUKHIL\.nuget\packages\microsoft.netcore.app.ref\8.0.22\ref\net8.0\System.Net.Requests.dll".
             Reference found at search path location "{RawFileName}".
             This reference is not "CopyLocal" because at least one source item had "Private" set to "false" and no source items had "Private" set to "true".
         Primary reference "System.Net.Security, Version=8.0.0.0, Culture=neutral, PublicKeyToken=b03f5f7f11d50a3a".
             Resolved file path is "C:\Users\MUKHIL\.nuget\packages\microsoft.netcore.app.ref\8.0.22\ref\net8.0\System.Net.Security.dll".
             Reference found at search path location "{RawFileName}".
             This reference is not "CopyLocal" because at least one source item had "Private" set to "false" and no source items had "Private" set to "true".
         Primary reference "System.Net.ServicePoint, Version=8.0.0.0, Culture=neutral, PublicKeyToken=cc7b13ffcd2ddd51".
             Resolved file path is "C:\Users\MUKHIL\.nuget\packages\microsoft.netcore.app.ref\8.0.22\ref\net8.0\System.Net.ServicePoint.dll".
             Reference found at search path location "{RawFileName}".
             This reference is not "CopyLocal" because at least one source item had "Private" set to "false" and no source items had "Private" set to "true".
         Primary reference "System.Net.Sockets, Version=8.0.0.0, Culture=neutral, PublicKeyToken=b03f5f7f11d50a3a".
             Resolved file path is "C:\Users\MUKHIL\.nuget\packages\microsoft.netcore.app.ref\8.0.22\ref\net8.0\System.Net.Sockets.dll".
             Reference found at search path location "{RawFileName}".
             This reference is not "CopyLocal" because at least one source item had "Private" set to "false" and no source items had "Private" set to "true".
         Primary reference "System.Net.WebClient, Version=8.0.0.0, Culture=neutral, PublicKeyToken=cc7b13ffcd2ddd51".
             Resolved file path is "C:\Users\MUKHIL\.nuget\packages\microsoft.netcore.app.ref\8.0.22\ref\net8.0\System.Net.WebClient.dll".
             Reference found at search path location "{RawFileName}".
             This reference is not "CopyLocal" because at least one source item had "Private" set to "false" and no source items had "Private" set to "true".
         Primary reference "System.Net.WebHeaderCollection, Version=8.0.0.0, Culture=neutral, PublicKeyToken=b03f5f7f11d50a3a".
             Resolved file path is "C:\Users\MUKHIL\.nuget\packages\microsoft.netcore.app.ref\8.0.22\ref\net8.0\System.Net.WebHeaderCollection.dll".
             Reference found at search path location "{RawFileName}".
             This reference is not "CopyLocal" because at least one source item had "Private" set to "false" and no source items had "Private" set to "true".
         Primary reference "System.Net.WebProxy, Version=8.0.0.0, Culture=neutral, PublicKeyToken=cc7b13ffcd2ddd51".
             Resolved file path is "C:\Users\MUKHIL\.nuget\packages\microsoft.netcore.app.ref\8.0.22\ref\net8.0\System.Net.WebProxy.dll".
             Reference found at search path location "{RawFileName}".
             This reference is not "CopyLocal" because at least one source item had "Private" set to "false" and no source items had "Private" set to "true".
         Primary reference "System.Net.WebSockets.Client, Version=8.0.0.0, Culture=neutral, PublicKeyToken=b03f5f7f11d50a3a".
             Resolved file path is "C:\Users\MUKHIL\.nuget\packages\microsoft.netcore.app.ref\8.0.22\ref\net8.0\System.Net.WebSockets.Client.dll".
             Reference found at search path location "{RawFileName}".
             This reference is not "CopyLocal" because at least one source item had "Private" set to "false" and no source items had "Private" set to "true".
         Primary reference "System.Net.WebSockets, Version=8.0.0.0, Culture=neutral, PublicKeyToken=b03f5f7f11d50a3a".
             Resolved file path is "C:\Users\MUKHIL\.nuget\packages\microsoft.netcore.app.ref\8.0.22\ref\net8.0\System.Net.WebSockets.dll".
             Reference found at search path location "{RawFileName}".
             This reference is not "CopyLocal" because at least one source item had "Private" set to "false" and no source items had "Private" set to "true".
         Primary reference "System.Net, Version=4.0.0.0, Culture=neutral, PublicKeyToken=b03f5f7f11d50a3a".
             Resolved file path is "C:\Users\MUKHIL\.nuget\packages\microsoft.netcore.app.ref\8.0.22\ref\net8.0\System.Net.dll".
             Reference found at search path location "{RawFileName}".
             This reference is not "CopyLocal" because at least one source item had "Private" set to "false" and no source items had "Private" set to "true".
         Primary reference "System.Numerics.Vectors, Version=8.0.0.0, Culture=neutral, PublicKeyToken=b03f5f7f11d50a3a".
             Resolved file path is "C:\Users\MUKHIL\.nuget\packages\microsoft.netcore.app.ref\8.0.22\ref\net8.0\System.Numerics.Vectors.dll".
             Reference found at search path location "{RawFileName}".
             This reference is not "CopyLocal" because at least one source item had "Private" set to "false" and no source items had "Private" set to "true".
         Primary reference "System.Numerics, Version=4.0.0.0, Culture=neutral, PublicKeyToken=b77a5c561934e089".
             Resolved file path is "C:\Users\MUKHIL\.nuget\packages\microsoft.netcore.app.ref\8.0.22\ref\net8.0\System.Numerics.dll".
             Reference found at search path location "{RawFileName}".
             This reference is not "CopyLocal" because at least one source item had "Private" set to "false" and no source items had "Private" set to "true".
         Primary reference "System.ObjectModel, Version=8.0.0.0, Culture=neutral, PublicKeyToken=b03f5f7f11d50a3a".
             Resolved file path is "C:\Users\MUKHIL\.nuget\packages\microsoft.netcore.app.ref\8.0.22\ref\net8.0\System.ObjectModel.dll".
             Reference found at search path location "{RawFileName}".
             This reference is not "CopyLocal" because at least one source item had "Private" set to "false" and no source items had "Private" set to "true".
         Primary reference "System.Reflection.DispatchProxy, Version=8.0.0.0, Culture=neutral, PublicKeyToken=b03f5f7f11d50a3a".
             Resolved file path is "C:\Users\MUKHIL\.nuget\packages\microsoft.netcore.app.ref\8.0.22\ref\net8.0\System.Reflection.DispatchProxy.dll".
             Reference found at search path location "{RawFileName}".
             This reference is not "CopyLocal" because at least one source item had "Private" set to "false" and no source items had "Private" set to "true".
         Primary reference "System.Reflection.Emit.ILGeneration, Version=8.0.0.0, Culture=neutral, PublicKeyToken=b03f5f7f11d50a3a".
             Resolved file path is "C:\Users\MUKHIL\.nuget\packages\microsoft.netcore.app.ref\8.0.22\ref\net8.0\System.Reflection.Emit.ILGeneration.dll".
             Reference found at search path location "{RawFileName}".
             This reference is not "CopyLocal" because at least one source item had "Private" set to "false" and no source items had "Private" set to "true".
         Primary reference "System.Reflection.Emit.Lightweight, Version=8.0.0.0, Culture=neutral, PublicKeyToken=b03f5f7f11d50a3a".
             Resolved file path is "C:\Users\MUKHIL\.nuget\packages\microsoft.netcore.app.ref\8.0.22\ref\net8.0\System.Reflection.Emit.Lightweight.dll".
             Reference found at search path location "{RawFileName}".
             This reference is not "CopyLocal" because at least one source item had "Private" set to "false" and no source items had "Private" set to "true".
         Primary reference "System.Reflection.Emit, Version=8.0.0.0, Culture=neutral, PublicKeyToken=b03f5f7f11d50a3a".
             Resolved file path is "C:\Users\MUKHIL\.nuget\packages\microsoft.netcore.app.ref\8.0.22\ref\net8.0\System.Reflection.Emit.dll".
             Reference found at search path location "{RawFileName}".
             This reference is not "CopyLocal" because at least one source item had "Private" set to "false" and no source items had "Private" set to "true".
         Primary reference "System.Reflection.Extensions, Version=8.0.0.0, Culture=neutral, PublicKeyToken=b03f5f7f11d50a3a".
             Resolved file path is "C:\Users\MUKHIL\.nuget\packages\microsoft.netcore.app.ref\8.0.22\ref\net8.0\System.Reflection.Extensions.dll".
             Reference found at search path location "{RawFileName}".
             This reference is not "CopyLocal" because at least one source item had "Private" set to "false" and no source items had "Private" set to "true".
         Primary reference "System.Reflection.Metadata, Version=8.0.0.0, Culture=neutral, PublicKeyToken=b03f5f7f11d50a3a".
             Resolved file path is "C:\Users\MUKHIL\.nuget\packages\microsoft.netcore.app.ref\8.0.22\ref\net8.0\System.Reflection.Metadata.dll".
             Reference found at search path location "{RawFileName}".
             This reference is not "CopyLocal" because at least one source item had "Private" set to "false" and no source items had "Private" set to "true".
         Primary reference "System.Reflection.Primitives, Version=8.0.0.0, Culture=neutral, PublicKeyToken=b03f5f7f11d50a3a".
             Resolved file path is "C:\Users\MUKHIL\.nuget\packages\microsoft.netcore.app.ref\8.0.22\ref\net8.0\System.Reflection.Primitives.dll".
             Reference found at search path location "{RawFileName}".
             This reference is not "CopyLocal" because at least one source item had "Private" set to "false" and no source items had "Private" set to "true".
         Primary reference "System.Reflection.TypeExtensions, Version=8.0.0.0, Culture=neutral, PublicKeyToken=b03f5f7f11d50a3a".
             Resolved file path is "C:\Users\MUKHIL\.nuget\packages\microsoft.netcore.app.ref\8.0.22\ref\net8.0\System.Reflection.TypeExtensions.dll".
             Reference found at search path location "{RawFileName}".
             This reference is not "CopyLocal" because at least one source item had "Private" set to "false" and no source items had "Private" set to "true".
         Primary reference "System.Reflection, Version=8.0.0.0, Culture=neutral, PublicKeyToken=b03f5f7f11d50a3a".
             Resolved file path is "C:\Users\MUKHIL\.nuget\packages\microsoft.netcore.app.ref\8.0.22\ref\net8.0\System.Reflection.dll".
             Reference found at search path location "{RawFileName}".
             This reference is not "CopyLocal" because at least one source item had "Private" set to "false" and no source items had "Private" set to "true".
         Primary reference "System.Resources.Reader, Version=8.0.0.0, Culture=neutral, PublicKeyToken=b03f5f7f11d50a3a".
             Resolved file path is "C:\Users\MUKHIL\.nuget\packages\microsoft.netcore.app.ref\8.0.22\ref\net8.0\System.Resources.Reader.dll".
             Reference found at search path location "{RawFileName}".
             This reference is not "CopyLocal" because at least one source item had "Private" set to "false" and no source items had "Private" set to "true".
         Primary reference "System.Resources.ResourceManager, Version=8.0.0.0, Culture=neutral, PublicKeyToken=b03f5f7f11d50a3a".
             Resolved file path is "C:\Users\MUKHIL\.nuget\packages\microsoft.netcore.app.ref\8.0.22\ref\net8.0\System.Resources.ResourceManager.dll".
             Reference found at search path location "{RawFileName}".
             This reference is not "CopyLocal" because at least one source item had "Private" set to "false" and no source items had "Private" set to "true".
         Primary reference "System.Resources.Writer, Version=8.0.0.0, Culture=neutral, PublicKeyToken=b03f5f7f11d50a3a".
             Resolved file path is "C:\Users\MUKHIL\.nuget\packages\microsoft.netcore.app.ref\8.0.22\ref\net8.0\System.Resources.Writer.dll".
             Reference found at search path location "{RawFileName}".
             This reference is not "CopyLocal" because at least one source item had "Private" set to "false" and no source items had "Private" set to "true".
         Primary reference "System.Runtime.CompilerServices.Unsafe, Version=8.0.0.0, Culture=neutral, PublicKeyToken=b03f5f7f11d50a3a".
             Resolved file path is "C:\Users\MUKHIL\.nuget\packages\microsoft.netcore.app.ref\8.0.22\ref\net8.0\System.Runtime.CompilerServices.Unsafe.dll".
             Reference found at search path location "{RawFileName}".
             This reference is not "CopyLocal" because at least one source item had "Private" set to "false" and no source items had "Private" set to "true".
         Primary reference "System.Runtime.CompilerServices.VisualC, Version=8.0.0.0, Culture=neutral, PublicKeyToken=b03f5f7f11d50a3a".
             Resolved file path is "C:\Users\MUKHIL\.nuget\packages\microsoft.netcore.app.ref\8.0.22\ref\net8.0\System.Runtime.CompilerServices.VisualC.dll".
             Reference found at search path location "{RawFileName}".
             This reference is not "CopyLocal" because at least one source item had "Private" set to "false" and no source items had "Private" set to "true".
         Primary reference "System.Runtime.Extensions, Version=8.0.0.0, Culture=neutral, PublicKeyToken=b03f5f7f11d50a3a".
             Resolved file path is "C:\Users\MUKHIL\.nuget\packages\microsoft.netcore.app.ref\8.0.22\ref\net8.0\System.Runtime.Extensions.dll".
             Reference found at search path location "{RawFileName}".
             This reference is not "CopyLocal" because at least one source item had "Private" set to "false" and no source items had "Private" set to "true".
         Primary reference "System.Runtime.Handles, Version=8.0.0.0, Culture=neutral, PublicKeyToken=b03f5f7f11d50a3a".
             Resolved file path is "C:\Users\MUKHIL\.nuget\packages\microsoft.netcore.app.ref\8.0.22\ref\net8.0\System.Runtime.Handles.dll".
             Reference found at search path location "{RawFileName}".
             This reference is not "CopyLocal" because at least one source item had "Private" set to "false" and no source items had "Private" set to "true".
         Primary reference "System.Runtime.InteropServices.JavaScript, Version=8.0.0.0, Culture=neutral, PublicKeyToken=b03f5f7f11d50a3a".
             Resolved file path is "C:\Users\MUKHIL\.nuget\packages\microsoft.netcore.app.ref\8.0.22\ref\net8.0\System.Runtime.InteropServices.JavaScript.dll".
             Reference found at search path location "{RawFileName}".
             This reference is not "CopyLocal" because at least one source item had "Private" set to "false" and no source items had "Private" set to "true".
         Primary reference "System.Runtime.InteropServices.RuntimeInformation, Version=8.0.0.0, Culture=neutral, PublicKeyToken=b03f5f7f11d50a3a".
             Resolved file path is "C:\Users\MUKHIL\.nuget\packages\microsoft.netcore.app.ref\8.0.22\ref\net8.0\System.Runtime.InteropServices.RuntimeInformation.dll".
             Reference found at search path location "{RawFileName}".
             This reference is not "CopyLocal" because at least one source item had "Private" set to "false" and no source items had "Private" set to "true".
         Primary reference "System.Runtime.InteropServices, Version=8.0.0.0, Culture=neutral, PublicKeyToken=b03f5f7f11d50a3a".
             Resolved file path is "C:\Users\MUKHIL\.nuget\packages\microsoft.netcore.app.ref\8.0.22\ref\net8.0\System.Runtime.InteropServices.dll".
             Reference found at search path location "{RawFileName}".
             This reference is not "CopyLocal" because at least one source item had "Private" set to "false" and no source items had "Private" set to "true".
         Primary reference "System.Runtime.Intrinsics, Version=8.0.0.0, Culture=neutral, PublicKeyToken=cc7b13ffcd2ddd51".
             Resolved file path is "C:\Users\MUKHIL\.nuget\packages\microsoft.netcore.app.ref\8.0.22\ref\net8.0\System.Runtime.Intrinsics.dll".
             Reference found at search path location "{RawFileName}".
             This reference is not "CopyLocal" because at least one source item had "Private" set to "false" and no source items had "Private" set to "true".
         Primary reference "System.Runtime.Loader, Version=8.0.0.0, Culture=neutral, PublicKeyToken=b03f5f7f11d50a3a".
             Resolved file path is "C:\Users\MUKHIL\.nuget\packages\microsoft.netcore.app.ref\8.0.22\ref\net8.0\System.Runtime.Loader.dll".
             Reference found at search path location "{RawFileName}".
             This reference is not "CopyLocal" because at least one source item had "Private" set to "false" and no source items had "Private" set to "true".
         Primary reference "System.Runtime.Numerics, Version=8.0.0.0, Culture=neutral, PublicKeyToken=b03f5f7f11d50a3a".
             Resolved file path is "C:\Users\MUKHIL\.nuget\packages\microsoft.netcore.app.ref\8.0.22\ref\net8.0\System.Runtime.Numerics.dll".
             Reference found at search path location "{RawFileName}".
             This reference is not "CopyLocal" because at least one source item had "Private" set to "false" and no source items had "Private" set to "true".
         Primary reference "System.Runtime.Serialization.Formatters, Version=8.0.0.0, Culture=neutral, PublicKeyToken=b03f5f7f11d50a3a".
             Resolved file path is "C:\Users\MUKHIL\.nuget\packages\microsoft.netcore.app.ref\8.0.22\ref\net8.0\System.Runtime.Serialization.Formatters.dll".
             Reference found at search path location "{RawFileName}".
             This reference is not "CopyLocal" because at least one source item had "Private" set to "false" and no source items had "Private" set to "true".
         Primary reference "System.Runtime.Serialization.Json, Version=8.0.0.0, Culture=neutral, PublicKeyToken=b03f5f7f11d50a3a".
             Resolved file path is "C:\Users\MUKHIL\.nuget\packages\microsoft.netcore.app.ref\8.0.22\ref\net8.0\System.Runtime.Serialization.Json.dll".
             Reference found at search path location "{RawFileName}".
             This reference is not "CopyLocal" because at least one source item had "Private" set to "false" and no source items had "Private" set to "true".
         Primary reference "System.Runtime.Serialization.Primitives, Version=8.0.0.0, Culture=neutral, PublicKeyToken=b03f5f7f11d50a3a".
             Resolved file path is "C:\Users\MUKHIL\.nuget\packages\microsoft.netcore.app.ref\8.0.22\ref\net8.0\System.Runtime.Serialization.Primitives.dll".
             Reference found at search path location "{RawFileName}".
             This reference is not "CopyLocal" because at least one source item had "Private" set to "false" and no source items had "Private" set to "true".
         Primary reference "System.Runtime.Serialization.Xml, Version=8.0.0.0, Culture=neutral, PublicKeyToken=b03f5f7f11d50a3a".
             Resolved file path is "C:\Users\MUKHIL\.nuget\packages\microsoft.netcore.app.ref\8.0.22\ref\net8.0\System.Runtime.Serialization.Xml.dll".
             Reference found at search path location "{RawFileName}".
             This reference is not "CopyLocal" because at least one source item had "Private" set to "false" and no source items had "Private" set to "true".
         Primary reference "System.Runtime.Serialization, Version=4.0.0.0, Culture=neutral, PublicKeyToken=b77a5c561934e089".
             Resolved file path is "C:\Users\MUKHIL\.nuget\packages\microsoft.netcore.app.ref\8.0.22\ref\net8.0\System.Runtime.Serialization.dll".
             Reference found at search path location "{RawFileName}".
             This reference is not "CopyLocal" because at least one source item had "Private" set to "false" and no source items had "Private" set to "true".
         Primary reference "System.Runtime, Version=8.0.0.0, Culture=neutral, PublicKeyToken=b03f5f7f11d50a3a".
             Resolved file path is "C:\Users\MUKHIL\.nuget\packages\microsoft.netcore.app.ref\8.0.22\ref\net8.0\System.Runtime.dll".
             Reference found at search path location "{RawFileName}".
             This reference is not "CopyLocal" because at least one source item had "Private" set to "false" and no source items had "Private" set to "true".
         Primary reference "System.Security.AccessControl, Version=8.0.0.0, Culture=neutral, PublicKeyToken=b03f5f7f11d50a3a".
             Resolved file path is "C:\Users\MUKHIL\.nuget\packages\microsoft.netcore.app.ref\8.0.22\ref\net8.0\System.Security.AccessControl.dll".
             Reference found at search path location "{RawFileName}".
             This reference is not "CopyLocal" because at least one source item had "Private" set to "false" and no source items had "Private" set to "true".
         Primary reference "System.Security.Claims, Version=8.0.0.0, Culture=neutral, PublicKeyToken=b03f5f7f11d50a3a".
             Resolved file path is "C:\Users\MUKHIL\.nuget\packages\microsoft.netcore.app.ref\8.0.22\ref\net8.0\System.Security.Claims.dll".
             Reference found at search path location "{RawFileName}".
             This reference is not "CopyLocal" because at least one source item had "Private" set to "false" and no source items had "Private" set to "true".
         Primary reference "System.Security.Cryptography.Algorithms, Version=8.0.0.0, Culture=neutral, PublicKeyToken=b03f5f7f11d50a3a".
             Resolved file path is "C:\Users\MUKHIL\.nuget\packages\microsoft.netcore.app.ref\8.0.22\ref\net8.0\System.Security.Cryptography.Algorithms.dll".
             Reference found at search path location "{RawFileName}".
             This reference is not "CopyLocal" because at least one source item had "Private" set to "false" and no source items had "Private" set to "true".
         Primary reference "System.Security.Cryptography.Cng, Version=8.0.0.0, Culture=neutral, PublicKeyToken=b03f5f7f11d50a3a".
             Resolved file path is "C:\Users\MUKHIL\.nuget\packages\microsoft.netcore.app.ref\8.0.22\ref\net8.0\System.Security.Cryptography.Cng.dll".
             Reference found at search path location "{RawFileName}".
             This reference is not "CopyLocal" because at least one source item had "Private" set to "false" and no source items had "Private" set to "true".
         Primary reference "System.Security.Cryptography.Csp, Version=8.0.0.0, Culture=neutral, PublicKeyToken=b03f5f7f11d50a3a".
             Resolved file path is "C:\Users\MUKHIL\.nuget\packages\microsoft.netcore.app.ref\8.0.22\ref\net8.0\System.Security.Cryptography.Csp.dll".
             Reference found at search path location "{RawFileName}".
             This reference is not "CopyLocal" because at least one source item had "Private" set to "false" and no source items had "Private" set to "true".
         Primary reference "System.Security.Cryptography.Encoding, Version=8.0.0.0, Culture=neutral, PublicKeyToken=b03f5f7f11d50a3a".
             Resolved file path is "C:\Users\MUKHIL\.nuget\packages\microsoft.netcore.app.ref\8.0.22\ref\net8.0\System.Security.Cryptography.Encoding.dll".
             Reference found at search path location "{RawFileName}".
             This reference is not "CopyLocal" because at least one source item had "Private" set to "false" and no source items had "Private" set to "true".
         Primary reference "System.Security.Cryptography.OpenSsl, Version=8.0.0.0, Culture=neutral, PublicKeyToken=b03f5f7f11d50a3a".
             Resolved file path is "C:\Users\MUKHIL\.nuget\packages\microsoft.netcore.app.ref\8.0.22\ref\net8.0\System.Security.Cryptography.OpenSsl.dll".
             Reference found at search path location "{RawFileName}".
             This reference is not "CopyLocal" because at least one source item had "Private" set to "false" and no source items had "Private" set to "true".
         Primary reference "System.Security.Cryptography.Primitives, Version=8.0.0.0, Culture=neutral, PublicKeyToken=b03f5f7f11d50a3a".
             Resolved file path is "C:\Users\MUKHIL\.nuget\packages\microsoft.netcore.app.ref\8.0.22\ref\net8.0\System.Security.Cryptography.Primitives.dll".
             Reference found at search path location "{RawFileName}".
             This reference is not "CopyLocal" because at least one source item had "Private" set to "false" and no source items had "Private" set to "true".
         Primary reference "System.Security.Cryptography.X509Certificates, Version=8.0.0.0, Culture=neutral, PublicKeyToken=b03f5f7f11d50a3a".
             Resolved file path is "C:\Users\MUKHIL\.nuget\packages\microsoft.netcore.app.ref\8.0.22\ref\net8.0\System.Security.Cryptography.X509Certificates.dll".
             Reference found at search path location "{RawFileName}".
             This reference is not "CopyLocal" because at least one source item had "Private" set to "false" and no source items had "Private" set to "true".
         Primary reference "System.Security.Cryptography, Version=8.0.0.0, Culture=neutral, PublicKeyToken=b03f5f7f11d50a3a".
             Resolved file path is "C:\Users\MUKHIL\.nuget\packages\microsoft.netcore.app.ref\8.0.22\ref\net8.0\System.Security.Cryptography.dll".
             Reference found at search path location "{RawFileName}".
             This reference is not "CopyLocal" because at least one source item had "Private" set to "false" and no source items had "Private" set to "true".
         Primary reference "System.Security.Principal.Windows, Version=8.0.0.0, Culture=neutral, PublicKeyToken=b03f5f7f11d50a3a".
             Resolved file path is "C:\Users\MUKHIL\.nuget\packages\microsoft.netcore.app.ref\8.0.22\ref\net8.0\System.Security.Principal.Windows.dll".
             Reference found at search path location "{RawFileName}".
             This reference is not "CopyLocal" because at least one source item had "Private" set to "false" and no source items had "Private" set to "true".
         Primary reference "System.Security.Principal, Version=8.0.0.0, Culture=neutral, PublicKeyToken=b03f5f7f11d50a3a".
             Resolved file path is "C:\Users\MUKHIL\.nuget\packages\microsoft.netcore.app.ref\8.0.22\ref\net8.0\System.Security.Principal.dll".
             Reference found at search path location "{RawFileName}".
             This reference is not "CopyLocal" because at least one source item had "Private" set to "false" and no source items had "Private" set to "true".
         Primary reference "System.Security.SecureString, Version=8.0.0.0, Culture=neutral, PublicKeyToken=b03f5f7f11d50a3a".
             Resolved file path is "C:\Users\MUKHIL\.nuget\packages\microsoft.netcore.app.ref\8.0.22\ref\net8.0\System.Security.SecureString.dll".
             Reference found at search path location "{RawFileName}".
             This reference is not "CopyLocal" because at least one source item had "Private" set to "false" and no source items had "Private" set to "true".
         Primary reference "System.Security, Version=4.0.0.0, Culture=neutral, PublicKeyToken=b03f5f7f11d50a3a".
             Resolved file path is "C:\Users\MUKHIL\.nuget\packages\microsoft.netcore.app.ref\8.0.22\ref\net8.0\System.Security.dll".
             Reference found at search path location "{RawFileName}".
             This reference is not "CopyLocal" because at least one source item had "Private" set to "false" and no source items had "Private" set to "true".
         Primary reference "System.ServiceModel.Web, Version=4.0.0.0, Culture=neutral, PublicKeyToken=31bf3856ad364e35".
             Resolved file path is "C:\Users\MUKHIL\.nuget\packages\microsoft.netcore.app.ref\8.0.22\ref\net8.0\System.ServiceModel.Web.dll".
             Reference found at search path location "{RawFileName}".
             This reference is not "CopyLocal" because at least one source item had "Private" set to "false" and no source items had "Private" set to "true".
         Primary reference "System.ServiceProcess, Version=4.0.0.0, Culture=neutral, PublicKeyToken=b03f5f7f11d50a3a".
             Resolved file path is "C:\Users\MUKHIL\.nuget\packages\microsoft.netcore.app.ref\8.0.22\ref\net8.0\System.ServiceProcess.dll".
             Reference found at search path location "{RawFileName}".
             This reference is not "CopyLocal" because at least one source item had "Private" set to "false" and no source items had "Private" set to "true".
         Primary reference "System.Text.Encoding.CodePages, Version=8.0.0.0, Culture=neutral, PublicKeyToken=b03f5f7f11d50a3a".
             Resolved file path is "C:\Users\MUKHIL\.nuget\packages\microsoft.netcore.app.ref\8.0.22\ref\net8.0\System.Text.Encoding.CodePages.dll".
             Reference found at search path location "{RawFileName}".
             This reference is not "CopyLocal" because at least one source item had "Private" set to "false" and no source items had "Private" set to "true".
         Primary reference "System.Text.Encoding.Extensions, Version=8.0.0.0, Culture=neutral, PublicKeyToken=b03f5f7f11d50a3a".
             Resolved file path is "C:\Users\MUKHIL\.nuget\packages\microsoft.netcore.app.ref\8.0.22\ref\net8.0\System.Text.Encoding.Extensions.dll".
             Reference found at search path location "{RawFileName}".
             This reference is not "CopyLocal" because at least one source item had "Private" set to "false" and no source items had "Private" set to "true".
         Primary reference "System.Text.Encoding, Version=8.0.0.0, Culture=neutral, PublicKeyToken=b03f5f7f11d50a3a".
             Resolved file path is "C:\Users\MUKHIL\.nuget\packages\microsoft.netcore.app.ref\8.0.22\ref\net8.0\System.Text.Encoding.dll".
             Reference found at search path location "{RawFileName}".
             This reference is not "CopyLocal" because at least one source item had "Private" set to "false" and no source items had "Private" set to "true".
         Primary reference "System.Text.Encodings.Web, Version=8.0.0.0, Culture=neutral, PublicKeyToken=cc7b13ffcd2ddd51".
             Resolved file path is "C:\Users\MUKHIL\.nuget\packages\microsoft.netcore.app.ref\8.0.22\ref\net8.0\System.Text.Encodings.Web.dll".
             Reference found at search path location "{RawFileName}".
             This reference is not "CopyLocal" because at least one source item had "Private" set to "false" and no source items had "Private" set to "true".
         Primary reference "System.Text.Json, Version=8.0.0.0, Culture=neutral, PublicKeyToken=cc7b13ffcd2ddd51".
             Resolved file path is "C:\Users\MUKHIL\.nuget\packages\microsoft.netcore.app.ref\8.0.22\ref\net8.0\System.Text.Json.dll".
             Reference found at search path location "{RawFileName}".
             This reference is not "CopyLocal" because at least one source item had "Private" set to "false" and no source items had "Private" set to "true".
         Primary reference "System.Text.RegularExpressions, Version=8.0.0.0, Culture=neutral, PublicKeyToken=b03f5f7f11d50a3a".
             Resolved file path is "C:\Users\MUKHIL\.nuget\packages\microsoft.netcore.app.ref\8.0.22\ref\net8.0\System.Text.RegularExpressions.dll".
             Reference found at search path location "{RawFileName}".
             This reference is not "CopyLocal" because at least one source item had "Private" set to "false" and no source items had "Private" set to "true".
         Primary reference "System.Threading.Channels, Version=8.0.0.0, Culture=neutral, PublicKeyToken=cc7b13ffcd2ddd51".
             Resolved file path is "C:\Users\MUKHIL\.nuget\packages\microsoft.netcore.app.ref\8.0.22\ref\net8.0\System.Threading.Channels.dll".
             Reference found at search path location "{RawFileName}".
             This reference is not "CopyLocal" because at least one source item had "Private" set to "false" and no source items had "Private" set to "true".
         Primary reference "System.Threading.Overlapped, Version=8.0.0.0, Culture=neutral, PublicKeyToken=b03f5f7f11d50a3a".
             Resolved file path is "C:\Users\MUKHIL\.nuget\packages\microsoft.netcore.app.ref\8.0.22\ref\net8.0\System.Threading.Overlapped.dll".
             Reference found at search path location "{RawFileName}".
             This reference is not "CopyLocal" because at least one source item had "Private" set to "false" and no source items had "Private" set to "true".
         Primary reference "System.Threading.Tasks.Dataflow, Version=8.0.0.0, Culture=neutral, PublicKeyToken=b03f5f7f11d50a3a".
             Resolved file path is "C:\Users\MUKHIL\.nuget\packages\microsoft.netcore.app.ref\8.0.22\ref\net8.0\System.Threading.Tasks.Dataflow.dll".
             Reference found at search path location "{RawFileName}".
             This reference is not "CopyLocal" because at least one source item had "Private" set to "false" and no source items had "Private" set to "true".
         Primary reference "System.Threading.Tasks.Extensions, Version=8.0.0.0, Culture=neutral, PublicKeyToken=cc7b13ffcd2ddd51".
             Resolved file path is "C:\Users\MUKHIL\.nuget\packages\microsoft.netcore.app.ref\8.0.22\ref\net8.0\System.Threading.Tasks.Extensions.dll".
             Reference found at search path location "{RawFileName}".
             This reference is not "CopyLocal" because at least one source item had "Private" set to "false" and no source items had "Private" set to "true".
         Primary reference "System.Threading.Tasks.Parallel, Version=8.0.0.0, Culture=neutral, PublicKeyToken=b03f5f7f11d50a3a".
             Resolved file path is "C:\Users\MUKHIL\.nuget\packages\microsoft.netcore.app.ref\8.0.22\ref\net8.0\System.Threading.Tasks.Parallel.dll".
             Reference found at search path location "{RawFileName}".
             This reference is not "CopyLocal" because at least one source item had "Private" set to "false" and no source items had "Private" set to "true".
         Primary reference "System.Threading.Tasks, Version=8.0.0.0, Culture=neutral, PublicKeyToken=b03f5f7f11d50a3a".
             Resolved file path is "C:\Users\MUKHIL\.nuget\packages\microsoft.netcore.app.ref\8.0.22\ref\net8.0\System.Threading.Tasks.dll".
             Reference found at search path location "{RawFileName}".
             This reference is not "CopyLocal" because at least one source item had "Private" set to "false" and no source items had "Private" set to "true".
         Primary reference "System.Threading.Thread, Version=8.0.0.0, Culture=neutral, PublicKeyToken=b03f5f7f11d50a3a".
             Resolved file path is "C:\Users\MUKHIL\.nuget\packages\microsoft.netcore.app.ref\8.0.22\ref\net8.0\System.Threading.Thread.dll".
             Reference found at search path location "{RawFileName}".
             This reference is not "CopyLocal" because at least one source item had "Private" set to "false" and no source items had "Private" set to "true".
         Primary reference "System.Threading.ThreadPool, Version=8.0.0.0, Culture=neutral, PublicKeyToken=b03f5f7f11d50a3a".
             Resolved file path is "C:\Users\MUKHIL\.nuget\packages\microsoft.netcore.app.ref\8.0.22\ref\net8.0\System.Threading.ThreadPool.dll".
             Reference found at search path location "{RawFileName}".
             This reference is not "CopyLocal" because at least one source item had "Private" set to "false" and no source items had "Private" set to "true".
         Primary reference "System.Threading.Timer, Version=8.0.0.0, Culture=neutral, PublicKeyToken=b03f5f7f11d50a3a".
             Resolved file path is "C:\Users\MUKHIL\.nuget\packages\microsoft.netcore.app.ref\8.0.22\ref\net8.0\System.Threading.Timer.dll".
             Reference found at search path location "{RawFileName}".
             This reference is not "CopyLocal" because at least one source item had "Private" set to "false" and no source items had "Private" set to "true".
         Primary reference "System.Threading, Version=8.0.0.0, Culture=neutral, PublicKeyToken=b03f5f7f11d50a3a".
             Resolved file path is "C:\Users\MUKHIL\.nuget\packages\microsoft.netcore.app.ref\8.0.22\ref\net8.0\System.Threading.dll".
             Reference found at search path location "{RawFileName}".
             This reference is not "CopyLocal" because at least one source item had "Private" set to "false" and no source items had "Private" set to "true".
         Primary reference "System.Transactions.Local, Version=8.0.0.0, Culture=neutral, PublicKeyToken=cc7b13ffcd2ddd51".
             Resolved file path is "C:\Users\MUKHIL\.nuget\packages\microsoft.netcore.app.ref\8.0.22\ref\net8.0\System.Transactions.Local.dll".
             Reference found at search path location "{RawFileName}".
             This reference is not "CopyLocal" because at least one source item had "Private" set to "false" and no source items had "Private" set to "true".
         Primary reference "System.Transactions, Version=4.0.0.0, Culture=neutral, PublicKeyToken=b77a5c561934e089".
             Resolved file path is "C:\Users\MUKHIL\.nuget\packages\microsoft.netcore.app.ref\8.0.22\ref\net8.0\System.Transactions.dll".
             Reference found at search path location "{RawFileName}".
             This reference is not "CopyLocal" because at least one source item had "Private" set to "false" and no source items had "Private" set to "true".
         Primary reference "System.ValueTuple, Version=8.0.0.0, Culture=neutral, PublicKeyToken=cc7b13ffcd2ddd51".
             Resolved file path is "C:\Users\MUKHIL\.nuget\packages\microsoft.netcore.app.ref\8.0.22\ref\net8.0\System.ValueTuple.dll".
             Reference found at search path location "{RawFileName}".
             This reference is not "CopyLocal" because at least one source item had "Private" set to "false" and no source items had "Private" set to "true".
         Primary reference "System.Web.HttpUtility, Version=8.0.0.0, Culture=neutral, PublicKeyToken=cc7b13ffcd2ddd51".
             Resolved file path is "C:\Users\MUKHIL\.nuget\packages\microsoft.netcore.app.ref\8.0.22\ref\net8.0\System.Web.HttpUtility.dll".
             Reference found at search path location "{RawFileName}".
             This reference is not "CopyLocal" because at least one source item had "Private" set to "false" and no source items had "Private" set to "true".
         Primary reference "System.Web, Version=4.0.0.0, Culture=neutral, PublicKeyToken=b03f5f7f11d50a3a".
             Resolved file path is "C:\Users\MUKHIL\.nuget\packages\microsoft.netcore.app.ref\8.0.22\ref\net8.0\System.Web.dll".
             Reference found at search path location "{RawFileName}".
             This reference is not "CopyLocal" because at least one source item had "Private" set to "false" and no source items had "Private" set to "true".
         Primary reference "System.Windows, Version=4.0.0.0, Culture=neutral, PublicKeyToken=b03f5f7f11d50a3a".
             Resolved file path is "C:\Users\MUKHIL\.nuget\packages\microsoft.netcore.app.ref\8.0.22\ref\net8.0\System.Windows.dll".
             Reference found at search path location "{RawFileName}".
             This reference is not "CopyLocal" because at least one source item had "Private" set to "false" and no source items had "Private" set to "true".
         Primary reference "System.Xml.Linq, Version=4.0.0.0, Culture=neutral, PublicKeyToken=b77a5c561934e089".
             Resolved file path is "C:\Users\MUKHIL\.nuget\packages\microsoft.netcore.app.ref\8.0.22\ref\net8.0\System.Xml.Linq.dll".
             Reference found at search path location "{RawFileName}".
             This reference is not "CopyLocal" because at least one source item had "Private" set to "false" and no source items had "Private" set to "true".
         Primary reference "System.Xml.ReaderWriter, Version=8.0.0.0, Culture=neutral, PublicKeyToken=b03f5f7f11d50a3a".
             Resolved file path is "C:\Users\MUKHIL\.nuget\packages\microsoft.netcore.app.ref\8.0.22\ref\net8.0\System.Xml.ReaderWriter.dll".
             Reference found at search path location "{RawFileName}".
             This reference is not "CopyLocal" because at least one source item had "Private" set to "false" and no source items had "Private" set to "true".
         Primary reference "System.Xml.Serialization, Version=4.0.0.0, Culture=neutral, PublicKeyToken=b77a5c561934e089".
             Resolved file path is "C:\Users\MUKHIL\.nuget\packages\microsoft.netcore.app.ref\8.0.22\ref\net8.0\System.Xml.Serialization.dll".
             Reference found at search path location "{RawFileName}".
             This reference is not "CopyLocal" because at least one source item had "Private" set to "false" and no source items had "Private" set to "true".
         Primary reference "System.Xml.XDocument, Version=8.0.0.0, Culture=neutral, PublicKeyToken=b03f5f7f11d50a3a".
             Resolved file path is "C:\Users\MUKHIL\.nuget\packages\microsoft.netcore.app.ref\8.0.22\ref\net8.0\System.Xml.XDocument.dll".
             Reference found at search path location "{RawFileName}".
             This reference is not "CopyLocal" because at least one source item had "Private" set to "false" and no source items had "Private" set to "true".
         Primary reference "System.Xml.XPath.XDocument, Version=8.0.0.0, Culture=neutral, PublicKeyToken=b03f5f7f11d50a3a".
             Resolved file path is "C:\Users\MUKHIL\.nuget\packages\microsoft.netcore.app.ref\8.0.22\ref\net8.0\System.Xml.XPath.XDocument.dll".
             Reference found at search path location "{RawFileName}".
             This reference is not "CopyLocal" because at least one source item had "Private" set to "false" and no source items had "Private" set to "true".
         Primary reference "System.Xml.XPath, Version=8.0.0.0, Culture=neutral, PublicKeyToken=b03f5f7f11d50a3a".
             Resolved file path is "C:\Users\MUKHIL\.nuget\packages\microsoft.netcore.app.ref\8.0.22\ref\net8.0\System.Xml.XPath.dll".
             Reference found at search path location "{RawFileName}".
             This reference is not "CopyLocal" because at least one source item had "Private" set to "false" and no source items had "Private" set to "true".
         Primary reference "System.Xml.XmlDocument, Version=8.0.0.0, Culture=neutral, PublicKeyToken=b03f5f7f11d50a3a".
             Resolved file path is "C:\Users\MUKHIL\.nuget\packages\microsoft.netcore.app.ref\8.0.22\ref\net8.0\System.Xml.XmlDocument.dll".
             Reference found at search path location "{RawFileName}".
             This reference is not "CopyLocal" because at least one source item had "Private" set to "false" and no source items had "Private" set to "true".
         Primary reference "System.Xml.XmlSerializer, Version=8.0.0.0, Culture=neutral, PublicKeyToken=b03f5f7f11d50a3a".
             Resolved file path is "C:\Users\MUKHIL\.nuget\packages\microsoft.netcore.app.ref\8.0.22\ref\net8.0\System.Xml.XmlSerializer.dll".
             Reference found at search path location "{RawFileName}".
             This reference is not "CopyLocal" because at least one source item had "Private" set to "false" and no source items had "Private" set to "true".
         Primary reference "System.Xml, Version=4.0.0.0, Culture=neutral, PublicKeyToken=b77a5c561934e089".
             Resolved file path is "C:\Users\MUKHIL\.nuget\packages\microsoft.netcore.app.ref\8.0.22\ref\net8.0\System.Xml.dll".
             Reference found at search path location "{RawFileName}".
             This reference is not "CopyLocal" because at least one source item had "Private" set to "false" and no source items had "Private" set to "true".
         Primary reference "System, Version=4.0.0.0, Culture=neutral, PublicKeyToken=b77a5c561934e089".
             Resolved file path is "C:\Users\MUKHIL\.nuget\packages\microsoft.netcore.app.ref\8.0.22\ref\net8.0\System.dll".
             Reference found at search path location "{RawFileName}".
             This reference is not "CopyLocal" because at least one source item had "Private" set to "false" and no source items had "Private" set to "true".
         Primary reference "WindowsBase, Version=4.0.0.0, Culture=neutral, PublicKeyToken=31bf3856ad364e35".
             Resolved file path is "C:\Users\MUKHIL\.nuget\packages\microsoft.netcore.app.ref\8.0.22\ref\net8.0\WindowsBase.dll".
             Reference found at search path location "{RawFileName}".
             This reference is not "CopyLocal" because at least one source item had "Private" set to "false" and no source items had "Private" set to "true".
         Primary reference "mscorlib, Version=4.0.0.0, Culture=neutral, PublicKeyToken=b77a5c561934e089".
             Resolved file path is "C:\Users\MUKHIL\.nuget\packages\microsoft.netcore.app.ref\8.0.22\ref\net8.0\mscorlib.dll".
             Reference found at search path location "{RawFileName}".
             This reference is not "CopyLocal" because at least one source item had "Private" set to "false" and no source items had "Private" set to "true".
         Primary reference "netstandard, Version=2.1.0.0, Culture=neutral, PublicKeyToken=cc7b13ffcd2ddd51".
             Resolved file path is "C:\Users\MUKHIL\.nuget\packages\microsoft.netcore.app.ref\8.0.22\ref\net8.0\netstandard.dll".
             Reference found at search path location "{RawFileName}".
             This reference is not "CopyLocal" because at least one source item had "Private" set to "false" and no source items had "Private" set to "true".
         Primary reference "Microsoft.AspNetCore.Antiforgery, Version=8.0.0.0, Culture=neutral, PublicKeyToken=adb9793829ddae60".
             Resolved file path is "C:\Users\MUKHIL\.nuget\packages\microsoft.aspnetcore.app.ref\8.0.22\ref\net8.0\Microsoft.AspNetCore.Antiforgery.dll".
             Reference found at search path location "{RawFileName}".
             This reference is not "CopyLocal" because at least one source item had "Private" set to "false" and no source items had "Private" set to "true".
         Primary reference "Microsoft.AspNetCore.Authentication.Abstractions, Version=8.0.0.0, Culture=neutral, PublicKeyToken=adb9793829ddae60".
             Resolved file path is "C:\Users\MUKHIL\.nuget\packages\microsoft.aspnetcore.app.ref\8.0.22\ref\net8.0\Microsoft.AspNetCore.Authentication.Abstractions.dll".
             Reference found at search path location "{RawFileName}".
             This reference is not "CopyLocal" because at least one source item had "Private" set to "false" and no source items had "Private" set to "true".
         Primary reference "Microsoft.AspNetCore.Authentication.BearerToken, Version=8.0.0.0, Culture=neutral, PublicKeyToken=adb9793829ddae60".
             Resolved file path is "C:\Users\MUKHIL\.nuget\packages\microsoft.aspnetcore.app.ref\8.0.22\ref\net8.0\Microsoft.AspNetCore.Authentication.BearerToken.dll".
             Reference found at search path location "{RawFileName}".
             This reference is not "CopyLocal" because at least one source item had "Private" set to "false" and no source items had "Private" set to "true".
         Primary reference "Microsoft.AspNetCore.Authentication.Cookies, Version=8.0.0.0, Culture=neutral, PublicKeyToken=adb9793829ddae60".
             Resolved file path is "C:\Users\MUKHIL\.nuget\packages\microsoft.aspnetcore.app.ref\8.0.22\ref\net8.0\Microsoft.AspNetCore.Authentication.Cookies.dll".
             Reference found at search path location "{RawFileName}".
             This reference is not "CopyLocal" because at least one source item had "Private" set to "false" and no source items had "Private" set to "true".
         Primary reference "Microsoft.AspNetCore.Authentication.Core, Version=8.0.0.0, Culture=neutral, PublicKeyToken=adb9793829ddae60".
             Resolved file path is "C:\Users\MUKHIL\.nuget\packages\microsoft.aspnetcore.app.ref\8.0.22\ref\net8.0\Microsoft.AspNetCore.Authentication.Core.dll".
             Reference found at search path location "{RawFileName}".
             This reference is not "CopyLocal" because at least one source item had "Private" set to "false" and no source items had "Private" set to "true".
         Primary reference "Microsoft.AspNetCore.Authentication.OAuth, Version=8.0.0.0, Culture=neutral, PublicKeyToken=adb9793829ddae60".
             Resolved file path is "C:\Users\MUKHIL\.nuget\packages\microsoft.aspnetcore.app.ref\8.0.22\ref\net8.0\Microsoft.AspNetCore.Authentication.OAuth.dll".
             Reference found at search path location "{RawFileName}".
             This reference is not "CopyLocal" because at least one source item had "Private" set to "false" and no source items had "Private" set to "true".
         Primary reference "Microsoft.AspNetCore.Authentication, Version=8.0.0.0, Culture=neutral, PublicKeyToken=adb9793829ddae60".
             Resolved file path is "C:\Users\MUKHIL\.nuget\packages\microsoft.aspnetcore.app.ref\8.0.22\ref\net8.0\Microsoft.AspNetCore.Authentication.dll".
             Reference found at search path location "{RawFileName}".
             This reference is not "CopyLocal" because at least one source item had "Private" set to "false" and no source items had "Private" set to "true".
         Primary reference "Microsoft.AspNetCore.Authorization.Policy, Version=8.0.0.0, Culture=neutral, PublicKeyToken=adb9793829ddae60".
             Resolved file path is "C:\Users\MUKHIL\.nuget\packages\microsoft.aspnetcore.app.ref\8.0.22\ref\net8.0\Microsoft.AspNetCore.Authorization.Policy.dll".
             Reference found at search path location "{RawFileName}".
             This reference is not "CopyLocal" because at least one source item had "Private" set to "false" and no source items had "Private" set to "true".
         Primary reference "Microsoft.AspNetCore.Authorization, Version=8.0.0.0, Culture=neutral, PublicKeyToken=adb9793829ddae60".
             Resolved file path is "C:\Users\MUKHIL\.nuget\packages\microsoft.aspnetcore.app.ref\8.0.22\ref\net8.0\Microsoft.AspNetCore.Authorization.dll".
             Reference found at search path location "{RawFileName}".
             This reference is not "CopyLocal" because at least one source item had "Private" set to "false" and no source items had "Private" set to "true".
         Primary reference "Microsoft.AspNetCore.Components.Authorization, Version=8.0.0.0, Culture=neutral, PublicKeyToken=adb9793829ddae60".
             Resolved file path is "C:\Users\MUKHIL\.nuget\packages\microsoft.aspnetcore.app.ref\8.0.22\ref\net8.0\Microsoft.AspNetCore.Components.Authorization.dll".
             Reference found at search path location "{RawFileName}".
             This reference is not "CopyLocal" because at least one source item had "Private" set to "false" and no source items had "Private" set to "true".
         Primary reference "Microsoft.AspNetCore.Components.Endpoints, Version=8.0.0.0, Culture=neutral, PublicKeyToken=adb9793829ddae60".
             Resolved file path is "C:\Users\MUKHIL\.nuget\packages\microsoft.aspnetcore.app.ref\8.0.22\ref\net8.0\Microsoft.AspNetCore.Components.Endpoints.dll".
             Reference found at search path location "{RawFileName}".
             This reference is not "CopyLocal" because at least one source item had "Private" set to "false" and no source items had "Private" set to "true".
         Primary reference "Microsoft.AspNetCore.Components.Forms, Version=8.0.0.0, Culture=neutral, PublicKeyToken=adb9793829ddae60".
             Resolved file path is "C:\Users\MUKHIL\.nuget\packages\microsoft.aspnetcore.app.ref\8.0.22\ref\net8.0\Microsoft.AspNetCore.Components.Forms.dll".
             Reference found at search path location "{RawFileName}".
             This reference is not "CopyLocal" because at least one source item had "Private" set to "false" and no source items had "Private" set to "true".
         Primary reference "Microsoft.AspNetCore.Components.Server, Version=8.0.0.0, Culture=neutral, PublicKeyToken=adb9793829ddae60".
             Resolved file path is "C:\Users\MUKHIL\.nuget\packages\microsoft.aspnetcore.app.ref\8.0.22\ref\net8.0\Microsoft.AspNetCore.Components.Server.dll".
             Reference found at search path location "{RawFileName}".
             This reference is not "CopyLocal" because at least one source item had "Private" set to "false" and no source items had "Private" set to "true".
         Primary reference "Microsoft.AspNetCore.Components.Web, Version=8.0.0.0, Culture=neutral, PublicKeyToken=adb9793829ddae60".
             Resolved file path is "C:\Users\MUKHIL\.nuget\packages\microsoft.aspnetcore.app.ref\8.0.22\ref\net8.0\Microsoft.AspNetCore.Components.Web.dll".
             Reference found at search path location "{RawFileName}".
             This reference is not "CopyLocal" because at least one source item had "Private" set to "false" and no source items had "Private" set to "true".
         Primary reference "Microsoft.AspNetCore.Components, Version=8.0.0.0, Culture=neutral, PublicKeyToken=adb9793829ddae60".
             Resolved file path is "C:\Users\MUKHIL\.nuget\packages\microsoft.aspnetcore.app.ref\8.0.22\ref\net8.0\Microsoft.AspNetCore.Components.dll".
             Reference found at search path location "{RawFileName}".
             This reference is not "CopyLocal" because at least one source item had "Private" set to "false" and no source items had "Private" set to "true".
         Primary reference "Microsoft.AspNetCore.Connections.Abstractions, Version=8.0.0.0, Culture=neutral, PublicKeyToken=adb9793829ddae60".
             Resolved file path is "C:\Users\MUKHIL\.nuget\packages\microsoft.aspnetcore.app.ref\8.0.22\ref\net8.0\Microsoft.AspNetCore.Connections.Abstractions.dll".
             Reference found at search path location "{RawFileName}".
             This reference is not "CopyLocal" because at least one source item had "Private" set to "false" and no source items had "Private" set to "true".
         Primary reference "Microsoft.AspNetCore.CookiePolicy, Version=8.0.0.0, Culture=neutral, PublicKeyToken=adb9793829ddae60".
             Resolved file path is "C:\Users\MUKHIL\.nuget\packages\microsoft.aspnetcore.app.ref\8.0.22\ref\net8.0\Microsoft.AspNetCore.CookiePolicy.dll".
             Reference found at search path location "{RawFileName}".
             This reference is not "CopyLocal" because at least one source item had "Private" set to "false" and no source items had "Private" set to "true".
         Primary reference "Microsoft.AspNetCore.Cors, Version=8.0.0.0, Culture=neutral, PublicKeyToken=adb9793829ddae60".
             Resolved file path is "C:\Users\MUKHIL\.nuget\packages\microsoft.aspnetcore.app.ref\8.0.22\ref\net8.0\Microsoft.AspNetCore.Cors.dll".
             Reference found at search path location "{RawFileName}".
             This reference is not "CopyLocal" because at least one source item had "Private" set to "false" and no source items had "Private" set to "true".
         Primary reference "Microsoft.AspNetCore.Cryptography.Internal, Version=8.0.0.0, Culture=neutral, PublicKeyToken=adb9793829ddae60".
             Resolved file path is "C:\Users\MUKHIL\.nuget\packages\microsoft.aspnetcore.app.ref\8.0.22\ref\net8.0\Microsoft.AspNetCore.Cryptography.Internal.dll".
             Reference found at search path location "{RawFileName}".
             This reference is not "CopyLocal" because at least one source item had "Private" set to "false" and no source items had "Private" set to "true".
         Primary reference "Microsoft.AspNetCore.Cryptography.KeyDerivation, Version=8.0.0.0, Culture=neutral, PublicKeyToken=adb9793829ddae60".
             Resolved file path is "C:\Users\MUKHIL\.nuget\packages\microsoft.aspnetcore.app.ref\8.0.22\ref\net8.0\Microsoft.AspNetCore.Cryptography.KeyDerivation.dll".
             Reference found at search path location "{RawFileName}".
             This reference is not "CopyLocal" because at least one source item had "Private" set to "false" and no source items had "Private" set to "true".
         Primary reference "Microsoft.AspNetCore.DataProtection.Abstractions, Version=8.0.0.0, Culture=neutral, PublicKeyToken=adb9793829ddae60".
             Resolved file path is "C:\Users\MUKHIL\.nuget\packages\microsoft.aspnetcore.app.ref\8.0.22\ref\net8.0\Microsoft.AspNetCore.DataProtection.Abstractions.dll".
             Reference found at search path location "{RawFileName}".
             This reference is not "CopyLocal" because at least one source item had "Private" set to "false" and no source items had "Private" set to "true".
         Primary reference "Microsoft.AspNetCore.DataProtection.Extensions, Version=8.0.0.0, Culture=neutral, PublicKeyToken=adb9793829ddae60".
             Resolved file path is "C:\Users\MUKHIL\.nuget\packages\microsoft.aspnetcore.app.ref\8.0.22\ref\net8.0\Microsoft.AspNetCore.DataProtection.Extensions.dll".
             Reference found at search path location "{RawFileName}".
             This reference is not "CopyLocal" because at least one source item had "Private" set to "false" and no source items had "Private" set to "true".
         Primary reference "Microsoft.AspNetCore.DataProtection, Version=8.0.0.0, Culture=neutral, PublicKeyToken=adb9793829ddae60".
             Resolved file path is "C:\Users\MUKHIL\.nuget\packages\microsoft.aspnetcore.app.ref\8.0.22\ref\net8.0\Microsoft.AspNetCore.DataProtection.dll".
             Reference found at search path location "{RawFileName}".
             This reference is not "CopyLocal" because at least one source item had "Private" set to "false" and no source items had "Private" set to "true".
         Primary reference "Microsoft.AspNetCore.Diagnostics.Abstractions, Version=8.0.0.0, Culture=neutral, PublicKeyToken=adb9793829ddae60".
             Resolved file path is "C:\Users\MUKHIL\.nuget\packages\microsoft.aspnetcore.app.ref\8.0.22\ref\net8.0\Microsoft.AspNetCore.Diagnostics.Abstractions.dll".
             Reference found at search path location "{RawFileName}".
             This reference is not "CopyLocal" because at least one source item had "Private" set to "false" and no source items had "Private" set to "true".
         Primary reference "Microsoft.AspNetCore.Diagnostics.HealthChecks, Version=8.0.0.0, Culture=neutral, PublicKeyToken=adb9793829ddae60".
             Resolved file path is "C:\Users\MUKHIL\.nuget\packages\microsoft.aspnetcore.app.ref\8.0.22\ref\net8.0\Microsoft.AspNetCore.Diagnostics.HealthChecks.dll".
             Reference found at search path location "{RawFileName}".
             This reference is not "CopyLocal" because at least one source item had "Private" set to "false" and no source items had "Private" set to "true".
         Primary reference "Microsoft.AspNetCore.Diagnostics, Version=8.0.0.0, Culture=neutral, PublicKeyToken=adb9793829ddae60".
             Resolved file path is "C:\Users\MUKHIL\.nuget\packages\microsoft.aspnetcore.app.ref\8.0.22\ref\net8.0\Microsoft.AspNetCore.Diagnostics.dll".
             Reference found at search path location "{RawFileName}".
             This reference is not "CopyLocal" because at least one source item had "Private" set to "false" and no source items had "Private" set to "true".
         Primary reference "Microsoft.AspNetCore.HostFiltering, Version=8.0.0.0, Culture=neutral, PublicKeyToken=adb9793829ddae60".
             Resolved file path is "C:\Users\MUKHIL\.nuget\packages\microsoft.aspnetcore.app.ref\8.0.22\ref\net8.0\Microsoft.AspNetCore.HostFiltering.dll".
             Reference found at search path location "{RawFileName}".
             This reference is not "CopyLocal" because at least one source item had "Private" set to "false" and no source items had "Private" set to "true".
         Primary reference "Microsoft.AspNetCore.Hosting.Abstractions, Version=8.0.0.0, Culture=neutral, PublicKeyToken=adb9793829ddae60".
             Resolved file path is "C:\Users\MUKHIL\.nuget\packages\microsoft.aspnetcore.app.ref\8.0.22\ref\net8.0\Microsoft.AspNetCore.Hosting.Abstractions.dll".
             Reference found at search path location "{RawFileName}".
             This reference is not "CopyLocal" because at least one source item had "Private" set to "false" and no source items had "Private" set to "true".
         Primary reference "Microsoft.AspNetCore.Hosting.Server.Abstractions, Version=8.0.0.0, Culture=neutral, PublicKeyToken=adb9793829ddae60".
             Resolved file path is "C:\Users\MUKHIL\.nuget\packages\microsoft.aspnetcore.app.ref\8.0.22\ref\net8.0\Microsoft.AspNetCore.Hosting.Server.Abstractions.dll".
             Reference found at search path location "{RawFileName}".
             This reference is not "CopyLocal" because at least one source item had "Private" set to "false" and no source items had "Private" set to "true".
         Primary reference "Microsoft.AspNetCore.Hosting, Version=8.0.0.0, Culture=neutral, PublicKeyToken=adb9793829ddae60".
             Resolved file path is "C:\Users\MUKHIL\.nuget\packages\microsoft.aspnetcore.app.ref\8.0.22\ref\net8.0\Microsoft.AspNetCore.Hosting.dll".
             Reference found at search path location "{RawFileName}".
             This reference is not "CopyLocal" because at least one source item had "Private" set to "false" and no source items had "Private" set to "true".
         Primary reference "Microsoft.AspNetCore.Html.Abstractions, Version=8.0.0.0, Culture=neutral, PublicKeyToken=adb9793829ddae60".
             Resolved file path is "C:\Users\MUKHIL\.nuget\packages\microsoft.aspnetcore.app.ref\8.0.22\ref\net8.0\Microsoft.AspNetCore.Html.Abstractions.dll".
             Reference found at search path location "{RawFileName}".
             This reference is not "CopyLocal" because at least one source item had "Private" set to "false" and no source items had "Private" set to "true".
         Primary reference "Microsoft.AspNetCore.Http.Abstractions, Version=8.0.0.0, Culture=neutral, PublicKeyToken=adb9793829ddae60".
             Resolved file path is "C:\Users\MUKHIL\.nuget\packages\microsoft.aspnetcore.app.ref\8.0.22\ref\net8.0\Microsoft.AspNetCore.Http.Abstractions.dll".
             Reference found at search path location "{RawFileName}".
             This reference is not "CopyLocal" because at least one source item had "Private" set to "false" and no source items had "Private" set to "true".
         Primary reference "Microsoft.AspNetCore.Http.Connections.Common, Version=8.0.0.0, Culture=neutral, PublicKeyToken=adb9793829ddae60".
             Resolved file path is "C:\Users\MUKHIL\.nuget\packages\microsoft.aspnetcore.app.ref\8.0.22\ref\net8.0\Microsoft.AspNetCore.Http.Connections.Common.dll".
             Reference found at search path location "{RawFileName}".
             This reference is not "CopyLocal" because at least one source item had "Private" set to "false" and no source items had "Private" set to "true".
         Primary reference "Microsoft.AspNetCore.Http.Connections, Version=8.0.0.0, Culture=neutral, PublicKeyToken=adb9793829ddae60".
             Resolved file path is "C:\Users\MUKHIL\.nuget\packages\microsoft.aspnetcore.app.ref\8.0.22\ref\net8.0\Microsoft.AspNetCore.Http.Connections.dll".
             Reference found at search path location "{RawFileName}".
             This reference is not "CopyLocal" because at least one source item had "Private" set to "false" and no source items had "Private" set to "true".
         Primary reference "Microsoft.AspNetCore.Http.Extensions, Version=8.0.0.0, Culture=neutral, PublicKeyToken=adb9793829ddae60".
             Resolved file path is "C:\Users\MUKHIL\.nuget\packages\microsoft.aspnetcore.app.ref\8.0.22\ref\net8.0\Microsoft.AspNetCore.Http.Extensions.dll".
             Reference found at search path location "{RawFileName}".
             This reference is not "CopyLocal" because at least one source item had "Private" set to "false" and no source items had "Private" set to "true".
         Primary reference "Microsoft.AspNetCore.Http.Features, Version=8.0.0.0, Culture=neutral, PublicKeyToken=adb9793829ddae60".
             Resolved file path is "C:\Users\MUKHIL\.nuget\packages\microsoft.aspnetcore.app.ref\8.0.22\ref\net8.0\Microsoft.AspNetCore.Http.Features.dll".
             Reference found at search path location "{RawFileName}".
             This reference is not "CopyLocal" because at least one source item had "Private" set to "false" and no source items had "Private" set to "true".
         Primary reference "Microsoft.AspNetCore.Http.Results, Version=8.0.0.0, Culture=neutral, PublicKeyToken=adb9793829ddae60".
             Resolved file path is "C:\Users\MUKHIL\.nuget\packages\microsoft.aspnetcore.app.ref\8.0.22\ref\net8.0\Microsoft.AspNetCore.Http.Results.dll".
             Reference found at search path location "{RawFileName}".
             This reference is not "CopyLocal" because at least one source item had "Private" set to "false" and no source items had "Private" set to "true".
         Primary reference "Microsoft.AspNetCore.Http, Version=8.0.0.0, Culture=neutral, PublicKeyToken=adb9793829ddae60".
             Resolved file path is "C:\Users\MUKHIL\.nuget\packages\microsoft.aspnetcore.app.ref\8.0.22\ref\net8.0\Microsoft.AspNetCore.Http.dll".
             Reference found at search path location "{RawFileName}".
             This reference is not "CopyLocal" because at least one source item had "Private" set to "false" and no source items had "Private" set to "true".
         Primary reference "Microsoft.AspNetCore.HttpLogging, Version=8.0.0.0, Culture=neutral, PublicKeyToken=adb9793829ddae60".
             Resolved file path is "C:\Users\MUKHIL\.nuget\packages\microsoft.aspnetcore.app.ref\8.0.22\ref\net8.0\Microsoft.AspNetCore.HttpLogging.dll".
             Reference found at search path location "{RawFileName}".
             This reference is not "CopyLocal" because at least one source item had "Private" set to "false" and no source items had "Private" set to "true".
         Primary reference "Microsoft.AspNetCore.HttpOverrides, Version=8.0.0.0, Culture=neutral, PublicKeyToken=adb9793829ddae60".
             Resolved file path is "C:\Users\MUKHIL\.nuget\packages\microsoft.aspnetcore.app.ref\8.0.22\ref\net8.0\Microsoft.AspNetCore.HttpOverrides.dll".
             Reference found at search path location "{RawFileName}".
             This reference is not "CopyLocal" because at least one source item had "Private" set to "false" and no source items had "Private" set to "true".
         Primary reference "Microsoft.AspNetCore.HttpsPolicy, Version=8.0.0.0, Culture=neutral, PublicKeyToken=adb9793829ddae60".
             Resolved file path is "C:\Users\MUKHIL\.nuget\packages\microsoft.aspnetcore.app.ref\8.0.22\ref\net8.0\Microsoft.AspNetCore.HttpsPolicy.dll".
             Reference found at search path location "{RawFileName}".
             This reference is not "CopyLocal" because at least one source item had "Private" set to "false" and no source items had "Private" set to "true".
         Primary reference "Microsoft.AspNetCore.Identity, Version=8.0.0.0, Culture=neutral, PublicKeyToken=adb9793829ddae60".
             Resolved file path is "C:\Users\MUKHIL\.nuget\packages\microsoft.aspnetcore.app.ref\8.0.22\ref\net8.0\Microsoft.AspNetCore.Identity.dll".
             Reference found at search path location "{RawFileName}".
             This reference is not "CopyLocal" because at least one source item had "Private" set to "false" and no source items had "Private" set to "true".
         Primary reference "Microsoft.AspNetCore.Localization.Routing, Version=8.0.0.0, Culture=neutral, PublicKeyToken=adb9793829ddae60".
             Resolved file path is "C:\Users\MUKHIL\.nuget\packages\microsoft.aspnetcore.app.ref\8.0.22\ref\net8.0\Microsoft.AspNetCore.Localization.Routing.dll".
             Reference found at search path location "{RawFileName}".
             This reference is not "CopyLocal" because at least one source item had "Private" set to "false" and no source items had "Private" set to "true".
         Primary reference "Microsoft.AspNetCore.Localization, Version=8.0.0.0, Culture=neutral, PublicKeyToken=adb9793829ddae60".
             Resolved file path is "C:\Users\MUKHIL\.nuget\packages\microsoft.aspnetcore.app.ref\8.0.22\ref\net8.0\Microsoft.AspNetCore.Localization.dll".
             Reference found at search path location "{RawFileName}".
             This reference is not "CopyLocal" because at least one source item had "Private" set to "false" and no source items had "Private" set to "true".
         Primary reference "Microsoft.AspNetCore.Metadata, Version=8.0.0.0, Culture=neutral, PublicKeyToken=adb9793829ddae60".
             Resolved file path is "C:\Users\MUKHIL\.nuget\packages\microsoft.aspnetcore.app.ref\8.0.22\ref\net8.0\Microsoft.AspNetCore.Metadata.dll".
             Reference found at search path location "{RawFileName}".
             This reference is not "CopyLocal" because at least one source item had "Private" set to "false" and no source items had "Private" set to "true".
         Primary reference "Microsoft.AspNetCore.Mvc.Abstractions, Version=8.0.0.0, Culture=neutral, PublicKeyToken=adb9793829ddae60".
             Resolved file path is "C:\Users\MUKHIL\.nuget\packages\microsoft.aspnetcore.app.ref\8.0.22\ref\net8.0\Microsoft.AspNetCore.Mvc.Abstractions.dll".
             Reference found at search path location "{RawFileName}".
             This reference is not "CopyLocal" because at least one source item had "Private" set to "false" and no source items had "Private" set to "true".
         Primary reference "Microsoft.AspNetCore.Mvc.ApiExplorer, Version=8.0.0.0, Culture=neutral, PublicKeyToken=adb9793829ddae60".
             Resolved file path is "C:\Users\MUKHIL\.nuget\packages\microsoft.aspnetcore.app.ref\8.0.22\ref\net8.0\Microsoft.AspNetCore.Mvc.ApiExplorer.dll".
             Reference found at search path location "{RawFileName}".
             This reference is not "CopyLocal" because at least one source item had "Private" set to "false" and no source items had "Private" set to "true".
         Primary reference "Microsoft.AspNetCore.Mvc.Core, Version=8.0.0.0, Culture=neutral, PublicKeyToken=adb9793829ddae60".
             Resolved file path is "C:\Users\MUKHIL\.nuget\packages\microsoft.aspnetcore.app.ref\8.0.22\ref\net8.0\Microsoft.AspNetCore.Mvc.Core.dll".
             Reference found at search path location "{RawFileName}".
             This reference is not "CopyLocal" because at least one source item had "Private" set to "false" and no source items had "Private" set to "true".
         Primary reference "Microsoft.AspNetCore.Mvc.Cors, Version=8.0.0.0, Culture=neutral, PublicKeyToken=adb9793829ddae60".
             Resolved file path is "C:\Users\MUKHIL\.nuget\packages\microsoft.aspnetcore.app.ref\8.0.22\ref\net8.0\Microsoft.AspNetCore.Mvc.Cors.dll".
             Reference found at search path location "{RawFileName}".
             This reference is not "CopyLocal" because at least one source item had "Private" set to "false" and no source items had "Private" set to "true".
         Primary reference "Microsoft.AspNetCore.Mvc.DataAnnotations, Version=8.0.0.0, Culture=neutral, PublicKeyToken=adb9793829ddae60".
             Resolved file path is "C:\Users\MUKHIL\.nuget\packages\microsoft.aspnetcore.app.ref\8.0.22\ref\net8.0\Microsoft.AspNetCore.Mvc.DataAnnotations.dll".
             Reference found at search path location "{RawFileName}".
             This reference is not "CopyLocal" because at least one source item had "Private" set to "false" and no source items had "Private" set to "true".
         Primary reference "Microsoft.AspNetCore.Mvc.Formatters.Json, Version=8.0.0.0, Culture=neutral, PublicKeyToken=adb9793829ddae60".
             Resolved file path is "C:\Users\MUKHIL\.nuget\packages\microsoft.aspnetcore.app.ref\8.0.22\ref\net8.0\Microsoft.AspNetCore.Mvc.Formatters.Json.dll".
             Reference found at search path location "{RawFileName}".
             This reference is not "CopyLocal" because at least one source item had "Private" set to "false" and no source items had "Private" set to "true".
         Primary reference "Microsoft.AspNetCore.Mvc.Formatters.Xml, Version=8.0.0.0, Culture=neutral, PublicKeyToken=adb9793829ddae60".
             Resolved file path is "C:\Users\MUKHIL\.nuget\packages\microsoft.aspnetcore.app.ref\8.0.22\ref\net8.0\Microsoft.AspNetCore.Mvc.Formatters.Xml.dll".
             Reference found at search path location "{RawFileName}".
             This reference is not "CopyLocal" because at least one source item had "Private" set to "false" and no source items had "Private" set to "true".
         Primary reference "Microsoft.AspNetCore.Mvc.Localization, Version=8.0.0.0, Culture=neutral, PublicKeyToken=adb9793829ddae60".
             Resolved file path is "C:\Users\MUKHIL\.nuget\packages\microsoft.aspnetcore.app.ref\8.0.22\ref\net8.0\Microsoft.AspNetCore.Mvc.Localization.dll".
             Reference found at search path location "{RawFileName}".
             This reference is not "CopyLocal" because at least one source item had "Private" set to "false" and no source items had "Private" set to "true".
         Primary reference "Microsoft.AspNetCore.Mvc.Razor, Version=8.0.0.0, Culture=neutral, PublicKeyToken=adb9793829ddae60".
             Resolved file path is "C:\Users\MUKHIL\.nuget\packages\microsoft.aspnetcore.app.ref\8.0.22\ref\net8.0\Microsoft.AspNetCore.Mvc.Razor.dll".
             Reference found at search path location "{RawFileName}".
             This reference is not "CopyLocal" because at least one source item had "Private" set to "false" and no source items had "Private" set to "true".
         Primary reference "Microsoft.AspNetCore.Mvc.RazorPages, Version=8.0.0.0, Culture=neutral, PublicKeyToken=adb9793829ddae60".
             Resolved file path is "C:\Users\MUKHIL\.nuget\packages\microsoft.aspnetcore.app.ref\8.0.22\ref\net8.0\Microsoft.AspNetCore.Mvc.RazorPages.dll".
             Reference found at search path location "{RawFileName}".
             This reference is not "CopyLocal" because at least one source item had "Private" set to "false" and no source items had "Private" set to "true".
         Primary reference "Microsoft.AspNetCore.Mvc.TagHelpers, Version=8.0.0.0, Culture=neutral, PublicKeyToken=adb9793829ddae60".
             Resolved file path is "C:\Users\MUKHIL\.nuget\packages\microsoft.aspnetcore.app.ref\8.0.22\ref\net8.0\Microsoft.AspNetCore.Mvc.TagHelpers.dll".
             Reference found at search path location "{RawFileName}".
             This reference is not "CopyLocal" because at least one source item had "Private" set to "false" and no source items had "Private" set to "true".
         Primary reference "Microsoft.AspNetCore.Mvc.ViewFeatures, Version=8.0.0.0, Culture=neutral, PublicKeyToken=adb9793829ddae60".
             Resolved file path is "C:\Users\MUKHIL\.nuget\packages\microsoft.aspnetcore.app.ref\8.0.22\ref\net8.0\Microsoft.AspNetCore.Mvc.ViewFeatures.dll".
             Reference found at search path location "{RawFileName}".
             This reference is not "CopyLocal" because at least one source item had "Private" set to "false" and no source items had "Private" set to "true".
         Primary reference "Microsoft.AspNetCore.Mvc, Version=8.0.0.0, Culture=neutral, PublicKeyToken=adb9793829ddae60".
             Resolved file path is "C:\Users\MUKHIL\.nuget\packages\microsoft.aspnetcore.app.ref\8.0.22\ref\net8.0\Microsoft.AspNetCore.Mvc.dll".
             Reference found at search path location "{RawFileName}".
             This reference is not "CopyLocal" because at least one source item had "Private" set to "false" and no source items had "Private" set to "true".
         Primary reference "Microsoft.AspNetCore.OutputCaching, Version=8.0.0.0, Culture=neutral, PublicKeyToken=adb9793829ddae60".
             Resolved file path is "C:\Users\MUKHIL\.nuget\packages\microsoft.aspnetcore.app.ref\8.0.22\ref\net8.0\Microsoft.AspNetCore.OutputCaching.dll".
             Reference found at search path location "{RawFileName}".
             This reference is not "CopyLocal" because at least one source item had "Private" set to "false" and no source items had "Private" set to "true".
         Primary reference "Microsoft.AspNetCore.RateLimiting, Version=8.0.0.0, Culture=neutral, PublicKeyToken=adb9793829ddae60".
             Resolved file path is "C:\Users\MUKHIL\.nuget\packages\microsoft.aspnetcore.app.ref\8.0.22\ref\net8.0\Microsoft.AspNetCore.RateLimiting.dll".
             Reference found at search path location "{RawFileName}".
             This reference is not "CopyLocal" because at least one source item had "Private" set to "false" and no source items had "Private" set to "true".
         Primary reference "Microsoft.AspNetCore.Razor.Runtime, Version=8.0.0.0, Culture=neutral, PublicKeyToken=adb9793829ddae60".
             Resolved file path is "C:\Users\MUKHIL\.nuget\packages\microsoft.aspnetcore.app.ref\8.0.22\ref\net8.0\Microsoft.AspNetCore.Razor.Runtime.dll".
             Reference found at search path location "{RawFileName}".
             This reference is not "CopyLocal" because at least one source item had "Private" set to "false" and no source items had "Private" set to "true".
         Primary reference "Microsoft.AspNetCore.Razor, Version=8.0.0.0, Culture=neutral, PublicKeyToken=adb9793829ddae60".
             Resolved file path is "C:\Users\MUKHIL\.nuget\packages\microsoft.aspnetcore.app.ref\8.0.22\ref\net8.0\Microsoft.AspNetCore.Razor.dll".
             Reference found at search path location "{RawFileName}".
             This reference is not "CopyLocal" because at least one source item had "Private" set to "false" and no source items had "Private" set to "true".
         Primary reference "Microsoft.AspNetCore.RequestDecompression, Version=8.0.0.0, Culture=neutral, PublicKeyToken=adb9793829ddae60".
             Resolved file path is "C:\Users\MUKHIL\.nuget\packages\microsoft.aspnetcore.app.ref\8.0.22\ref\net8.0\Microsoft.AspNetCore.RequestDecompression.dll".
             Reference found at search path location "{RawFileName}".
             This reference is not "CopyLocal" because at least one source item had "Private" set to "false" and no source items had "Private" set to "true".
         Primary reference "Microsoft.AspNetCore.ResponseCaching.Abstractions, Version=8.0.0.0, Culture=neutral, PublicKeyToken=adb9793829ddae60".
             Resolved file path is "C:\Users\MUKHIL\.nuget\packages\microsoft.aspnetcore.app.ref\8.0.22\ref\net8.0\Microsoft.AspNetCore.ResponseCaching.Abstractions.dll".
             Reference found at search path location "{RawFileName}".
             This reference is not "CopyLocal" because at least one source item had "Private" set to "false" and no source items had "Private" set to "true".
         Primary reference "Microsoft.AspNetCore.ResponseCaching, Version=8.0.0.0, Culture=neutral, PublicKeyToken=adb9793829ddae60".
             Resolved file path is "C:\Users\MUKHIL\.nuget\packages\microsoft.aspnetcore.app.ref\8.0.22\ref\net8.0\Microsoft.AspNetCore.ResponseCaching.dll".
             Reference found at search path location "{RawFileName}".
             This reference is not "CopyLocal" because at least one source item had "Private" set to "false" and no source items had "Private" set to "true".
         Primary reference "Microsoft.AspNetCore.ResponseCompression, Version=8.0.0.0, Culture=neutral, PublicKeyToken=adb9793829ddae60".
             Resolved file path is "C:\Users\MUKHIL\.nuget\packages\microsoft.aspnetcore.app.ref\8.0.22\ref\net8.0\Microsoft.AspNetCore.ResponseCompression.dll".
             Reference found at search path location "{RawFileName}".
             This reference is not "CopyLocal" because at least one source item had "Private" set to "false" and no source items had "Private" set to "true".
         Primary reference "Microsoft.AspNetCore.Rewrite, Version=8.0.0.0, Culture=neutral, PublicKeyToken=adb9793829ddae60".
             Resolved file path is "C:\Users\MUKHIL\.nuget\packages\microsoft.aspnetcore.app.ref\8.0.22\ref\net8.0\Microsoft.AspNetCore.Rewrite.dll".
             Reference found at search path location "{RawFileName}".
             This reference is not "CopyLocal" because at least one source item had "Private" set to "false" and no source items had "Private" set to "true".
         Primary reference "Microsoft.AspNetCore.Routing.Abstractions, Version=8.0.0.0, Culture=neutral, PublicKeyToken=adb9793829ddae60".
             Resolved file path is "C:\Users\MUKHIL\.nuget\packages\microsoft.aspnetcore.app.ref\8.0.22\ref\net8.0\Microsoft.AspNetCore.Routing.Abstractions.dll".
             Reference found at search path location "{RawFileName}".
             This reference is not "CopyLocal" because at least one source item had "Private" set to "false" and no source items had "Private" set to "true".
         Primary reference "Microsoft.AspNetCore.Routing, Version=8.0.0.0, Culture=neutral, PublicKeyToken=adb9793829ddae60".
             Resolved file path is "C:\Users\MUKHIL\.nuget\packages\microsoft.aspnetcore.app.ref\8.0.22\ref\net8.0\Microsoft.AspNetCore.Routing.dll".
             Reference found at search path location "{RawFileName}".
             This reference is not "CopyLocal" because at least one source item had "Private" set to "false" and no source items had "Private" set to "true".
         Primary reference "Microsoft.AspNetCore.Server.HttpSys, Version=8.0.0.0, Culture=neutral, PublicKeyToken=adb9793829ddae60".
             Resolved file path is "C:\Users\MUKHIL\.nuget\packages\microsoft.aspnetcore.app.ref\8.0.22\ref\net8.0\Microsoft.AspNetCore.Server.HttpSys.dll".
             Reference found at search path location "{RawFileName}".
             This reference is not "CopyLocal" because at least one source item had "Private" set to "false" and no source items had "Private" set to "true".
         Primary reference "Microsoft.AspNetCore.Server.IIS, Version=8.0.0.0, Culture=neutral, PublicKeyToken=adb9793829ddae60".
             Resolved file path is "C:\Users\MUKHIL\.nuget\packages\microsoft.aspnetcore.app.ref\8.0.22\ref\net8.0\Microsoft.AspNetCore.Server.IIS.dll".
             Reference found at search path location "{RawFileName}".
             This reference is not "CopyLocal" because at least one source item had "Private" set to "false" and no source items had "Private" set to "true".
         Primary reference "Microsoft.AspNetCore.Server.IISIntegration, Version=8.0.0.0, Culture=neutral, PublicKeyToken=adb9793829ddae60".
             Resolved file path is "C:\Users\MUKHIL\.nuget\packages\microsoft.aspnetcore.app.ref\8.0.22\ref\net8.0\Microsoft.AspNetCore.Server.IISIntegration.dll".
             Reference found at search path location "{RawFileName}".
             This reference is not "CopyLocal" because at least one source item had "Private" set to "false" and no source items had "Private" set to "true".
         Primary reference "Microsoft.AspNetCore.Server.Kestrel.Core, Version=8.0.0.0, Culture=neutral, PublicKeyToken=adb9793829ddae60".
             Resolved file path is "C:\Users\MUKHIL\.nuget\packages\microsoft.aspnetcore.app.ref\8.0.22\ref\net8.0\Microsoft.AspNetCore.Server.Kestrel.Core.dll".
             Reference found at search path location "{RawFileName}".
             This reference is not "CopyLocal" because at least one source item had "Private" set to "false" and no source items had "Private" set to "true".
         Primary reference "Microsoft.AspNetCore.Server.Kestrel.Transport.NamedPipes, Version=8.0.0.0, Culture=neutral, PublicKeyToken=adb9793829ddae60".
             Resolved file path is "C:\Users\MUKHIL\.nuget\packages\microsoft.aspnetcore.app.ref\8.0.22\ref\net8.0\Microsoft.AspNetCore.Server.Kestrel.Transport.NamedPipes.dll".
             Reference found at search path location "{RawFileName}".
             This reference is not "CopyLocal" because at least one source item had "Private" set to "false" and no source items had "Private" set to "true".
         Primary reference "Microsoft.AspNetCore.Server.Kestrel.Transport.Quic, Version=8.0.0.0, Culture=neutral, PublicKeyToken=adb9793829ddae60".
             Resolved file path is "C:\Users\MUKHIL\.nuget\packages\microsoft.aspnetcore.app.ref\8.0.22\ref\net8.0\Microsoft.AspNetCore.Server.Kestrel.Transport.Quic.dll".
             Reference found at search path location "{RawFileName}".
             This reference is not "CopyLocal" because at least one source item had "Private" set to "false" and no source items had "Private" set to "true".
         Primary reference "Microsoft.AspNetCore.Server.Kestrel.Transport.Sockets, Version=8.0.0.0, Culture=neutral, PublicKeyToken=adb9793829ddae60".
             Resolved file path is "C:\Users\MUKHIL\.nuget\packages\microsoft.aspnetcore.app.ref\8.0.22\ref\net8.0\Microsoft.AspNetCore.Server.Kestrel.Transport.Sockets.dll".
             Reference found at search path location "{RawFileName}".
             This reference is not "CopyLocal" because at least one source item had "Private" set to "false" and no source items had "Private" set to "true".
         Primary reference "Microsoft.AspNetCore.Server.Kestrel, Version=8.0.0.0, Culture=neutral, PublicKeyToken=adb9793829ddae60".
             Resolved file path is "C:\Users\MUKHIL\.nuget\packages\microsoft.aspnetcore.app.ref\8.0.22\ref\net8.0\Microsoft.AspNetCore.Server.Kestrel.dll".
             Reference found at search path location "{RawFileName}".
             This reference is not "CopyLocal" because at least one source item had "Private" set to "false" and no source items had "Private" set to "true".
         Primary reference "Microsoft.AspNetCore.Session, Version=8.0.0.0, Culture=neutral, PublicKeyToken=adb9793829ddae60".
             Resolved file path is "C:\Users\MUKHIL\.nuget\packages\microsoft.aspnetcore.app.ref\8.0.22\ref\net8.0\Microsoft.AspNetCore.Session.dll".
             Reference found at search path location "{RawFileName}".
             This reference is not "CopyLocal" because at least one source item had "Private" set to "false" and no source items had "Private" set to "true".
         Primary reference "Microsoft.AspNetCore.SignalR.Common, Version=8.0.0.0, Culture=neutral, PublicKeyToken=adb9793829ddae60".
             Resolved file path is "C:\Users\MUKHIL\.nuget\packages\microsoft.aspnetcore.app.ref\8.0.22\ref\net8.0\Microsoft.AspNetCore.SignalR.Common.dll".
             Reference found at search path location "{RawFileName}".
             This reference is not "CopyLocal" because at least one source item had "Private" set to "false" and no source items had "Private" set to "true".
         Primary reference "Microsoft.AspNetCore.SignalR.Core, Version=8.0.0.0, Culture=neutral, PublicKeyToken=adb9793829ddae60".
             Resolved file path is "C:\Users\MUKHIL\.nuget\packages\microsoft.aspnetcore.app.ref\8.0.22\ref\net8.0\Microsoft.AspNetCore.SignalR.Core.dll".
             Reference found at search path location "{RawFileName}".
             This reference is not "CopyLocal" because at least one source item had "Private" set to "false" and no source items had "Private" set to "true".
         Primary reference "Microsoft.AspNetCore.SignalR.Protocols.Json, Version=8.0.0.0, Culture=neutral, PublicKeyToken=adb9793829ddae60".
             Resolved file path is "C:\Users\MUKHIL\.nuget\packages\microsoft.aspnetcore.app.ref\8.0.22\ref\net8.0\Microsoft.AspNetCore.SignalR.Protocols.Json.dll".
             Reference found at search path location "{RawFileName}".
             This reference is not "CopyLocal" because at least one source item had "Private" set to "false" and no source items had "Private" set to "true".
         Primary reference "Microsoft.AspNetCore.SignalR, Version=8.0.0.0, Culture=neutral, PublicKeyToken=adb9793829ddae60".
             Resolved file path is "C:\Users\MUKHIL\.nuget\packages\microsoft.aspnetcore.app.ref\8.0.22\ref\net8.0\Microsoft.AspNetCore.SignalR.dll".
             Reference found at search path location "{RawFileName}".
             This reference is not "CopyLocal" because at least one source item had "Private" set to "false" and no source items had "Private" set to "true".
         Primary reference "Microsoft.AspNetCore.StaticFiles, Version=8.0.0.0, Culture=neutral, PublicKeyToken=adb9793829ddae60".
             Resolved file path is "C:\Users\MUKHIL\.nuget\packages\microsoft.aspnetcore.app.ref\8.0.22\ref\net8.0\Microsoft.AspNetCore.StaticFiles.dll".
             Reference found at search path location "{RawFileName}".
             This reference is not "CopyLocal" because at least one source item had "Private" set to "false" and no source items had "Private" set to "true".
         Primary reference "Microsoft.AspNetCore.WebSockets, Version=8.0.0.0, Culture=neutral, PublicKeyToken=adb9793829ddae60".
             Resolved file path is "C:\Users\MUKHIL\.nuget\packages\microsoft.aspnetcore.app.ref\8.0.22\ref\net8.0\Microsoft.AspNetCore.WebSockets.dll".
             Reference found at search path location "{RawFileName}".
             This reference is not "CopyLocal" because at least one source item had "Private" set to "false" and no source items had "Private" set to "true".
         Primary reference "Microsoft.AspNetCore.WebUtilities, Version=8.0.0.0, Culture=neutral, PublicKeyToken=adb9793829ddae60".
             Resolved file path is "C:\Users\MUKHIL\.nuget\packages\microsoft.aspnetcore.app.ref\8.0.22\ref\net8.0\Microsoft.AspNetCore.WebUtilities.dll".
             Reference found at search path location "{RawFileName}".
             This reference is not "CopyLocal" because at least one source item had "Private" set to "false" and no source items had "Private" set to "true".
         Primary reference "Microsoft.AspNetCore, Version=8.0.0.0, Culture=neutral, PublicKeyToken=adb9793829ddae60".
             Resolved file path is "C:\Users\MUKHIL\.nuget\packages\microsoft.aspnetcore.app.ref\8.0.22\ref\net8.0\Microsoft.AspNetCore.dll".
             Reference found at search path location "{RawFileName}".
             This reference is not "CopyLocal" because at least one source item had "Private" set to "false" and no source items had "Private" set to "true".
         Primary reference "Microsoft.Extensions.Caching.Abstractions, Version=8.0.0.0, Culture=neutral, PublicKeyToken=adb9793829ddae60".
             Resolved file path is "C:\Users\MUKHIL\.nuget\packages\microsoft.aspnetcore.app.ref\8.0.22\ref\net8.0\Microsoft.Extensions.Caching.Abstractions.dll".
             Reference found at search path location "{RawFileName}".
             This reference is not "CopyLocal" because at least one source item had "Private" set to "false" and no source items had "Private" set to "true".
         Primary reference "Microsoft.Extensions.Caching.Memory, Version=8.0.0.0, Culture=neutral, PublicKeyToken=adb9793829ddae60".
             Resolved file path is "C:\Users\MUKHIL\.nuget\packages\microsoft.aspnetcore.app.ref\8.0.22\ref\net8.0\Microsoft.Extensions.Caching.Memory.dll".
             Reference found at search path location "{RawFileName}".
             This reference is not "CopyLocal" because at least one source item had "Private" set to "false" and no source items had "Private" set to "true".
         Primary reference "Microsoft.Extensions.Configuration.Abstractions, Version=8.0.0.0, Culture=neutral, PublicKeyToken=adb9793829ddae60".
             Resolved file path is "C:\Users\MUKHIL\.nuget\packages\microsoft.aspnetcore.app.ref\8.0.22\ref\net8.0\Microsoft.Extensions.Configuration.Abstractions.dll".
             Reference found at search path location "{RawFileName}".
             This reference is not "CopyLocal" because at least one source item had "Private" set to "false" and no source items had "Private" set to "true".
         Primary reference "Microsoft.Extensions.Configuration.Binder, Version=8.0.0.0, Culture=neutral, PublicKeyToken=adb9793829ddae60".
             Resolved file path is "C:\Users\MUKHIL\.nuget\packages\microsoft.aspnetcore.app.ref\8.0.22\ref\net8.0\Microsoft.Extensions.Configuration.Binder.dll".
             Reference found at search path location "{RawFileName}".
             This reference is not "CopyLocal" because at least one source item had "Private" set to "false" and no source items had "Private" set to "true".
         Primary reference "Microsoft.Extensions.Configuration.CommandLine, Version=8.0.0.0, Culture=neutral, PublicKeyToken=adb9793829ddae60".
             Resolved file path is "C:\Users\MUKHIL\.nuget\packages\microsoft.aspnetcore.app.ref\8.0.22\ref\net8.0\Microsoft.Extensions.Configuration.CommandLine.dll".
             Reference found at search path location "{RawFileName}".
             This reference is not "CopyLocal" because at least one source item had "Private" set to "false" and no source items had "Private" set to "true".
         Primary reference "Microsoft.Extensions.Configuration.EnvironmentVariables, Version=8.0.0.0, Culture=neutral, PublicKeyToken=adb9793829ddae60".
             Resolved file path is "C:\Users\MUKHIL\.nuget\packages\microsoft.aspnetcore.app.ref\8.0.22\ref\net8.0\Microsoft.Extensions.Configuration.EnvironmentVariables.dll".
             Reference found at search path location "{RawFileName}".
             This reference is not "CopyLocal" because at least one source item had "Private" set to "false" and no source items had "Private" set to "true".
         Primary reference "Microsoft.Extensions.Configuration.FileExtensions, Version=8.0.0.0, Culture=neutral, PublicKeyToken=adb9793829ddae60".
             Resolved file path is "C:\Users\MUKHIL\.nuget\packages\microsoft.aspnetcore.app.ref\8.0.22\ref\net8.0\Microsoft.Extensions.Configuration.FileExtensions.dll".
             Reference found at search path location "{RawFileName}".
             This reference is not "CopyLocal" because at least one source item had "Private" set to "false" and no source items had "Private" set to "true".
         Primary reference "Microsoft.Extensions.Configuration.Ini, Version=8.0.0.0, Culture=neutral, PublicKeyToken=adb9793829ddae60".
             Resolved file path is "C:\Users\MUKHIL\.nuget\packages\microsoft.aspnetcore.app.ref\8.0.22\ref\net8.0\Microsoft.Extensions.Configuration.Ini.dll".
             Reference found at search path location "{RawFileName}".
             This reference is not "CopyLocal" because at least one source item had "Private" set to "false" and no source items had "Private" set to "true".
         Primary reference "Microsoft.Extensions.Configuration.Json, Version=8.0.0.0, Culture=neutral, PublicKeyToken=adb9793829ddae60".
             Resolved file path is "C:\Users\MUKHIL\.nuget\packages\microsoft.aspnetcore.app.ref\8.0.22\ref\net8.0\Microsoft.Extensions.Configuration.Json.dll".
             Reference found at search path location "{RawFileName}".
             This reference is not "CopyLocal" because at least one source item had "Private" set to "false" and no source items had "Private" set to "true".
         Primary reference "Microsoft.Extensions.Configuration.KeyPerFile, Version=8.0.0.0, Culture=neutral, PublicKeyToken=adb9793829ddae60".
             Resolved file path is "C:\Users\MUKHIL\.nuget\packages\microsoft.aspnetcore.app.ref\8.0.22\ref\net8.0\Microsoft.Extensions.Configuration.KeyPerFile.dll".
             Reference found at search path location "{RawFileName}".
             This reference is not "CopyLocal" because at least one source item had "Private" set to "false" and no source items had "Private" set to "true".
         Primary reference "Microsoft.Extensions.Configuration.UserSecrets, Version=8.0.0.0, Culture=neutral, PublicKeyToken=adb9793829ddae60".
             Resolved file path is "C:\Users\MUKHIL\.nuget\packages\microsoft.aspnetcore.app.ref\8.0.22\ref\net8.0\Microsoft.Extensions.Configuration.UserSecrets.dll".
             Reference found at search path location "{RawFileName}".
             This reference is not "CopyLocal" because at least one source item had "Private" set to "false" and no source items had "Private" set to "true".
         Primary reference "Microsoft.Extensions.Configuration.Xml, Version=8.0.0.0, Culture=neutral, PublicKeyToken=adb9793829ddae60".
             Resolved file path is "C:\Users\MUKHIL\.nuget\packages\microsoft.aspnetcore.app.ref\8.0.22\ref\net8.0\Microsoft.Extensions.Configuration.Xml.dll".
             Reference found at search path location "{RawFileName}".
             This reference is not "CopyLocal" because at least one source item had "Private" set to "false" and no source items had "Private" set to "true".
         Primary reference "Microsoft.Extensions.Configuration, Version=8.0.0.0, Culture=neutral, PublicKeyToken=adb9793829ddae60".
             Resolved file path is "C:\Users\MUKHIL\.nuget\packages\microsoft.aspnetcore.app.ref\8.0.22\ref\net8.0\Microsoft.Extensions.Configuration.dll".
             Reference found at search path location "{RawFileName}".
             This reference is not "CopyLocal" because at least one source item had "Private" set to "false" and no source items had "Private" set to "true".
         Primary reference "Microsoft.Extensions.DependencyInjection.Abstractions, Version=8.0.0.0, Culture=neutral, PublicKeyToken=adb9793829ddae60".
             Resolved file path is "C:\Users\MUKHIL\.nuget\packages\microsoft.aspnetcore.app.ref\8.0.22\ref\net8.0\Microsoft.Extensions.DependencyInjection.Abstractions.dll".
             Reference found at search path location "{RawFileName}".
             This reference is not "CopyLocal" because at least one source item had "Private" set to "false" and no source items had "Private" set to "true".
         Primary reference "Microsoft.Extensions.DependencyInjection, Version=8.0.0.0, Culture=neutral, PublicKeyToken=adb9793829ddae60".
             Resolved file path is "C:\Users\MUKHIL\.nuget\packages\microsoft.aspnetcore.app.ref\8.0.22\ref\net8.0\Microsoft.Extensions.DependencyInjection.dll".
             Reference found at search path location "{RawFileName}".
             This reference is not "CopyLocal" because at least one source item had "Private" set to "false" and no source items had "Private" set to "true".
         Primary reference "Microsoft.Extensions.Diagnostics.Abstractions, Version=8.0.0.0, Culture=neutral, PublicKeyToken=adb9793829ddae60".
             Resolved file path is "C:\Users\MUKHIL\.nuget\packages\microsoft.aspnetcore.app.ref\8.0.22\ref\net8.0\Microsoft.Extensions.Diagnostics.Abstractions.dll".
             Reference found at search path location "{RawFileName}".
             This reference is not "CopyLocal" because at least one source item had "Private" set to "false" and no source items had "Private" set to "true".
         Primary reference "Microsoft.Extensions.Diagnostics.HealthChecks.Abstractions, Version=8.0.0.0, Culture=neutral, PublicKeyToken=adb9793829ddae60".
             Resolved file path is "C:\Users\MUKHIL\.nuget\packages\microsoft.aspnetcore.app.ref\8.0.22\ref\net8.0\Microsoft.Extensions.Diagnostics.HealthChecks.Abstractions.dll".
             Reference found at search path location "{RawFileName}".
             This reference is not "CopyLocal" because at least one source item had "Private" set to "false" and no source items had "Private" set to "true".
         Primary reference "Microsoft.Extensions.Diagnostics.HealthChecks, Version=8.0.0.0, Culture=neutral, PublicKeyToken=adb9793829ddae60".
             Resolved file path is "C:\Users\MUKHIL\.nuget\packages\microsoft.aspnetcore.app.ref\8.0.22\ref\net8.0\Microsoft.Extensions.Diagnostics.HealthChecks.dll".
             Reference found at search path location "{RawFileName}".
             This reference is not "CopyLocal" because at least one source item had "Private" set to "false" and no source items had "Private" set to "true".
         Primary reference "Microsoft.Extensions.Diagnostics, Version=8.0.0.0, Culture=neutral, PublicKeyToken=adb9793829ddae60".
             Resolved file path is "C:\Users\MUKHIL\.nuget\packages\microsoft.aspnetcore.app.ref\8.0.22\ref\net8.0\Microsoft.Extensions.Diagnostics.dll".
             Reference found at search path location "{RawFileName}".
             This reference is not "CopyLocal" because at least one source item had "Private" set to "false" and no source items had "Private" set to "true".
         Primary reference "Microsoft.Extensions.Features, Version=8.0.0.0, Culture=neutral, PublicKeyToken=adb9793829ddae60".
             Resolved file path is "C:\Users\MUKHIL\.nuget\packages\microsoft.aspnetcore.app.ref\8.0.22\ref\net8.0\Microsoft.Extensions.Features.dll".
             Reference found at search path location "{RawFileName}".
             This reference is not "CopyLocal" because at least one source item had "Private" set to "false" and no source items had "Private" set to "true".
         Primary reference "Microsoft.Extensions.FileProviders.Abstractions, Version=8.0.0.0, Culture=neutral, PublicKeyToken=adb9793829ddae60".
             Resolved file path is "C:\Users\MUKHIL\.nuget\packages\microsoft.aspnetcore.app.ref\8.0.22\ref\net8.0\Microsoft.Extensions.FileProviders.Abstractions.dll".
             Reference found at search path location "{RawFileName}".
             This reference is not "CopyLocal" because at least one source item had "Private" set to "false" and no source items had "Private" set to "true".
         Primary reference "Microsoft.Extensions.FileProviders.Composite, Version=8.0.0.0, Culture=neutral, PublicKeyToken=adb9793829ddae60".
             Resolved file path is "C:\Users\MUKHIL\.nuget\packages\microsoft.aspnetcore.app.ref\8.0.22\ref\net8.0\Microsoft.Extensions.FileProviders.Composite.dll".
             Reference found at search path location "{RawFileName}".
             This reference is not "CopyLocal" because at least one source item had "Private" set to "false" and no source items had "Private" set to "true".
         Primary reference "Microsoft.Extensions.FileProviders.Embedded, Version=8.0.0.0, Culture=neutral, PublicKeyToken=adb9793829ddae60".
             Resolved file path is "C:\Users\MUKHIL\.nuget\packages\microsoft.aspnetcore.app.ref\8.0.22\ref\net8.0\Microsoft.Extensions.FileProviders.Embedded.dll".
             Reference found at search path location "{RawFileName}".
             This reference is not "CopyLocal" because at least one source item had "Private" set to "false" and no source items had "Private" set to "true".
         Primary reference "Microsoft.Extensions.FileProviders.Physical, Version=8.0.0.0, Culture=neutral, PublicKeyToken=adb9793829ddae60".
             Resolved file path is "C:\Users\MUKHIL\.nuget\packages\microsoft.aspnetcore.app.ref\8.0.22\ref\net8.0\Microsoft.Extensions.FileProviders.Physical.dll".
             Reference found at search path location "{RawFileName}".
             This reference is not "CopyLocal" because at least one source item had "Private" set to "false" and no source items had "Private" set to "true".
         Primary reference "Microsoft.Extensions.FileSystemGlobbing, Version=8.0.0.0, Culture=neutral, PublicKeyToken=adb9793829ddae60".
             Resolved file path is "C:\Users\MUKHIL\.nuget\packages\microsoft.aspnetcore.app.ref\8.0.22\ref\net8.0\Microsoft.Extensions.FileSystemGlobbing.dll".
             Reference found at search path location "{RawFileName}".
             This reference is not "CopyLocal" because at least one source item had "Private" set to "false" and no source items had "Private" set to "true".
         Primary reference "Microsoft.Extensions.Hosting.Abstractions, Version=8.0.0.0, Culture=neutral, PublicKeyToken=adb9793829ddae60".
             Resolved file path is "C:\Users\MUKHIL\.nuget\packages\microsoft.aspnetcore.app.ref\8.0.22\ref\net8.0\Microsoft.Extensions.Hosting.Abstractions.dll".
             Reference found at search path location "{RawFileName}".
             This reference is not "CopyLocal" because at least one source item had "Private" set to "false" and no source items had "Private" set to "true".
         Primary reference "Microsoft.Extensions.Hosting, Version=8.0.0.0, Culture=neutral, PublicKeyToken=adb9793829ddae60".
             Resolved file path is "C:\Users\MUKHIL\.nuget\packages\microsoft.aspnetcore.app.ref\8.0.22\ref\net8.0\Microsoft.Extensions.Hosting.dll".
             Reference found at search path location "{RawFileName}".
             This reference is not "CopyLocal" because at least one source item had "Private" set to "false" and no source items had "Private" set to "true".
         Primary reference "Microsoft.Extensions.Http, Version=8.0.0.0, Culture=neutral, PublicKeyToken=adb9793829ddae60".
             Resolved file path is "C:\Users\MUKHIL\.nuget\packages\microsoft.aspnetcore.app.ref\8.0.22\ref\net8.0\Microsoft.Extensions.Http.dll".
             Reference found at search path location "{RawFileName}".
             This reference is not "CopyLocal" because at least one source item had "Private" set to "false" and no source items had "Private" set to "true".
         Primary reference "Microsoft.Extensions.Identity.Core, Version=8.0.0.0, Culture=neutral, PublicKeyToken=adb9793829ddae60".
             Resolved file path is "C:\Users\MUKHIL\.nuget\packages\microsoft.aspnetcore.app.ref\8.0.22\ref\net8.0\Microsoft.Extensions.Identity.Core.dll".
             Reference found at search path location "{RawFileName}".
             This reference is not "CopyLocal" because at least one source item had "Private" set to "false" and no source items had "Private" set to "true".
         Primary reference "Microsoft.Extensions.Identity.Stores, Version=8.0.0.0, Culture=neutral, PublicKeyToken=adb9793829ddae60".
             Resolved file path is "C:\Users\MUKHIL\.nuget\packages\microsoft.aspnetcore.app.ref\8.0.22\ref\net8.0\Microsoft.Extensions.Identity.Stores.dll".
             Reference found at search path location "{RawFileName}".
             This reference is not "CopyLocal" because at least one source item had "Private" set to "false" and no source items had "Private" set to "true".
         Primary reference "Microsoft.Extensions.Localization.Abstractions, Version=8.0.0.0, Culture=neutral, PublicKeyToken=adb9793829ddae60".
             Resolved file path is "C:\Users\MUKHIL\.nuget\packages\microsoft.aspnetcore.app.ref\8.0.22\ref\net8.0\Microsoft.Extensions.Localization.Abstractions.dll".
             Reference found at search path location "{RawFileName}".
             This reference is not "CopyLocal" because at least one source item had "Private" set to "false" and no source items had "Private" set to "true".
         Primary reference "Microsoft.Extensions.Localization, Version=8.0.0.0, Culture=neutral, PublicKeyToken=adb9793829ddae60".
             Resolved file path is "C:\Users\MUKHIL\.nuget\packages\microsoft.aspnetcore.app.ref\8.0.22\ref\net8.0\Microsoft.Extensions.Localization.dll".
             Reference found at search path location "{RawFileName}".
             This reference is not "CopyLocal" because at least one source item had "Private" set to "false" and no source items had "Private" set to "true".
         Primary reference "Microsoft.Extensions.Logging.Abstractions, Version=8.0.0.0, Culture=neutral, PublicKeyToken=adb9793829ddae60".
             Resolved file path is "C:\Users\MUKHIL\.nuget\packages\microsoft.aspnetcore.app.ref\8.0.22\ref\net8.0\Microsoft.Extensions.Logging.Abstractions.dll".
             Reference found at search path location "{RawFileName}".
             This reference is not "CopyLocal" because at least one source item had "Private" set to "false" and no source items had "Private" set to "true".
         Primary reference "Microsoft.Extensions.Logging.Configuration, Version=8.0.0.0, Culture=neutral, PublicKeyToken=adb9793829ddae60".
             Resolved file path is "C:\Users\MUKHIL\.nuget\packages\microsoft.aspnetcore.app.ref\8.0.22\ref\net8.0\Microsoft.Extensions.Logging.Configuration.dll".
             Reference found at search path location "{RawFileName}".
             This reference is not "CopyLocal" because at least one source item had "Private" set to "false" and no source items had "Private" set to "true".
         Primary reference "Microsoft.Extensions.Logging.Console, Version=8.0.0.0, Culture=neutral, PublicKeyToken=adb9793829ddae60".
             Resolved file path is "C:\Users\MUKHIL\.nuget\packages\microsoft.aspnetcore.app.ref\8.0.22\ref\net8.0\Microsoft.Extensions.Logging.Console.dll".
             Reference found at search path location "{RawFileName}".
             This reference is not "CopyLocal" because at least one source item had "Private" set to "false" and no source items had "Private" set to "true".
         Primary reference "Microsoft.Extensions.Logging.Debug, Version=8.0.0.0, Culture=neutral, PublicKeyToken=adb9793829ddae60".
             Resolved file path is "C:\Users\MUKHIL\.nuget\packages\microsoft.aspnetcore.app.ref\8.0.22\ref\net8.0\Microsoft.Extensions.Logging.Debug.dll".
             Reference found at search path location "{RawFileName}".
             This reference is not "CopyLocal" because at least one source item had "Private" set to "false" and no source items had "Private" set to "true".
         Primary reference "Microsoft.Extensions.Logging.EventLog, Version=8.0.0.0, Culture=neutral, PublicKeyToken=adb9793829ddae60".
             Resolved file path is "C:\Users\MUKHIL\.nuget\packages\microsoft.aspnetcore.app.ref\8.0.22\ref\net8.0\Microsoft.Extensions.Logging.EventLog.dll".
             Reference found at search path location "{RawFileName}".
             This reference is not "CopyLocal" because at least one source item had "Private" set to "false" and no source items had "Private" set to "true".
         Primary reference "Microsoft.Extensions.Logging.EventSource, Version=8.0.0.0, Culture=neutral, PublicKeyToken=adb9793829ddae60".
             Resolved file path is "C:\Users\MUKHIL\.nuget\packages\microsoft.aspnetcore.app.ref\8.0.22\ref\net8.0\Microsoft.Extensions.Logging.EventSource.dll".
             Reference found at search path location "{RawFileName}".
             This reference is not "CopyLocal" because at least one source item had "Private" set to "false" and no source items had "Private" set to "true".
         Primary reference "Microsoft.Extensions.Logging.TraceSource, Version=8.0.0.0, Culture=neutral, PublicKeyToken=adb9793829ddae60".
             Resolved file path is "C:\Users\MUKHIL\.nuget\packages\microsoft.aspnetcore.app.ref\8.0.22\ref\net8.0\Microsoft.Extensions.Logging.TraceSource.dll".
             Reference found at search path location "{RawFileName}".
             This reference is not "CopyLocal" because at least one source item had "Private" set to "false" and no source items had "Private" set to "true".
         Primary reference "Microsoft.Extensions.Logging, Version=8.0.0.0, Culture=neutral, PublicKeyToken=adb9793829ddae60".
             Resolved file path is "C:\Users\MUKHIL\.nuget\packages\microsoft.aspnetcore.app.ref\8.0.22\ref\net8.0\Microsoft.Extensions.Logging.dll".
             Reference found at search path location "{RawFileName}".
             This reference is not "CopyLocal" because at least one source item had "Private" set to "false" and no source items had "Private" set to "true".
         Primary reference "Microsoft.Extensions.ObjectPool, Version=8.0.0.0, Culture=neutral, PublicKeyToken=adb9793829ddae60".
             Resolved file path is "C:\Users\MUKHIL\.nuget\packages\microsoft.aspnetcore.app.ref\8.0.22\ref\net8.0\Microsoft.Extensions.ObjectPool.dll".
             Reference found at search path location "{RawFileName}".
             This reference is not "CopyLocal" because at least one source item had "Private" set to "false" and no source items had "Private" set to "true".
         Primary reference "Microsoft.Extensions.Options.ConfigurationExtensions, Version=8.0.0.0, Culture=neutral, PublicKeyToken=adb9793829ddae60".
             Resolved file path is "C:\Users\MUKHIL\.nuget\packages\microsoft.aspnetcore.app.ref\8.0.22\ref\net8.0\Microsoft.Extensions.Options.ConfigurationExtensions.dll".
             Reference found at search path location "{RawFileName}".
             This reference is not "CopyLocal" because at least one source item had "Private" set to "false" and no source items had "Private" set to "true".
         Primary reference "Microsoft.Extensions.Options.DataAnnotations, Version=8.0.0.0, Culture=neutral, PublicKeyToken=adb9793829ddae60".
             Resolved file path is "C:\Users\MUKHIL\.nuget\packages\microsoft.aspnetcore.app.ref\8.0.22\ref\net8.0\Microsoft.Extensions.Options.DataAnnotations.dll".
             Reference found at search path location "{RawFileName}".
             This reference is not "CopyLocal" because at least one source item had "Private" set to "false" and no source items had "Private" set to "true".
         Primary reference "Microsoft.Extensions.Options, Version=8.0.0.0, Culture=neutral, PublicKeyToken=adb9793829ddae60".
             Resolved file path is "C:\Users\MUKHIL\.nuget\packages\microsoft.aspnetcore.app.ref\8.0.22\ref\net8.0\Microsoft.Extensions.Options.dll".
             Reference found at search path location "{RawFileName}".
             This reference is not "CopyLocal" because at least one source item had "Private" set to "false" and no source items had "Private" set to "true".
         Primary reference "Microsoft.Extensions.Primitives, Version=8.0.0.0, Culture=neutral, PublicKeyToken=adb9793829ddae60".
             Resolved file path is "C:\Users\MUKHIL\.nuget\packages\microsoft.aspnetcore.app.ref\8.0.22\ref\net8.0\Microsoft.Extensions.Primitives.dll".
             Reference found at search path location "{RawFileName}".
             This reference is not "CopyLocal" because at least one source item had "Private" set to "false" and no source items had "Private" set to "true".
         Primary reference "Microsoft.Extensions.WebEncoders, Version=8.0.0.0, Culture=neutral, PublicKeyToken=adb9793829ddae60".
             Resolved file path is "C:\Users\MUKHIL\.nuget\packages\microsoft.aspnetcore.app.ref\8.0.22\ref\net8.0\Microsoft.Extensions.WebEncoders.dll".
             Reference found at search path location "{RawFileName}".
             This reference is not "CopyLocal" because at least one source item had "Private" set to "false" and no source items had "Private" set to "true".
         Primary reference "Microsoft.JSInterop, Version=8.0.0.0, Culture=neutral, PublicKeyToken=adb9793829ddae60".
             Resolved file path is "C:\Users\MUKHIL\.nuget\packages\microsoft.aspnetcore.app.ref\8.0.22\ref\net8.0\Microsoft.JSInterop.dll".
             Reference found at search path location "{RawFileName}".
             This reference is not "CopyLocal" because at least one source item had "Private" set to "false" and no source items had "Private" set to "true".
         Primary reference "Microsoft.Net.Http.Headers, Version=8.0.0.0, Culture=neutral, PublicKeyToken=adb9793829ddae60".
             Resolved file path is "C:\Users\MUKHIL\.nuget\packages\microsoft.aspnetcore.app.ref\8.0.22\ref\net8.0\Microsoft.Net.Http.Headers.dll".
             Reference found at search path location "{RawFileName}".
             This reference is not "CopyLocal" because at least one source item had "Private" set to "false" and no source items had "Private" set to "true".
         Primary reference "System.Diagnostics.EventLog, Version=8.0.0.0, Culture=neutral, PublicKeyToken=cc7b13ffcd2ddd51".
             Resolved file path is "C:\Users\MUKHIL\.nuget\packages\microsoft.aspnetcore.app.ref\8.0.22\ref\net8.0\System.Diagnostics.EventLog.dll".
             Reference found at search path location "{RawFileName}".
             This reference is not "CopyLocal" because at least one source item had "Private" set to "false" and no source items had "Private" set to "true".
         Primary reference "System.IO.Pipelines, Version=8.0.0.0, Culture=neutral, PublicKeyToken=cc7b13ffcd2ddd51".
             Resolved file path is "C:\Users\MUKHIL\.nuget\packages\microsoft.aspnetcore.app.ref\8.0.22\ref\net8.0\System.IO.Pipelines.dll".
             Reference found at search path location "{RawFileName}".
             This reference is not "CopyLocal" because at least one source item had "Private" set to "false" and no source items had "Private" set to "true".
         Primary reference "System.Security.Cryptography.Xml, Version=8.0.0.0, Culture=neutral, PublicKeyToken=cc7b13ffcd2ddd51".
             Resolved file path is "C:\Users\MUKHIL\.nuget\packages\microsoft.aspnetcore.app.ref\8.0.22\ref\net8.0\System.Security.Cryptography.Xml.dll".
             Reference found at search path location "{RawFileName}".
             This reference is not "CopyLocal" because at least one source item had "Private" set to "false" and no source items had "Private" set to "true".
         Primary reference "System.Threading.RateLimiting, Version=8.0.0.0, Culture=neutral, PublicKeyToken=cc7b13ffcd2ddd51".
             Resolved file path is "C:\Users\MUKHIL\.nuget\packages\microsoft.aspnetcore.app.ref\8.0.22\ref\net8.0\System.Threading.RateLimiting.dll".
             Reference found at search path location "{RawFileName}".
             This reference is not "CopyLocal" because at least one source item had "Private" set to "false" and no source items had "Private" set to "true".
       Done executing task "ResolveAssemblyReference".
   1:7>Done building target "ResolveAssemblyReferences" in project "InternalExamScrutinySystem.Api.csproj".
   1:7>Target "AfterResolveReferences" in file "C:\Program Files\dotnet\sdk\10.0.101\Microsoft.Common.CurrentVersion.targets" from project "c:\krishna mini project\backend\InternalExamScrutinySystem.Api\InternalExamScrutinySystem.Api.csproj" (target "ResolveReferences" depends on it):
   1:7>Done building target "AfterResolveReferences" in project "InternalExamScrutinySystem.Api.csproj".
   1:7>Target "ResolveReferences" in file "C:\Program Files\dotnet\sdk\10.0.101\Microsoft.Common.CurrentVersion.targets" from project "c:\krishna mini project\backend\InternalExamScrutinySystem.Api\InternalExamScrutinySystem.Api.csproj" (target "_BlockWinMDsOnUnsupportedTFMs" depends on it):
   1:7>Done building target "ResolveReferences" in project "InternalExamScrutinySystem.Api.csproj".
   1:7>Target "_BlockWinMDsOnUnsupportedTFMs" in file "C:\Program Files\dotnet\sdk\10.0.101\Sdks\Microsoft.NET.Sdk\targets\Microsoft.NET.Sdk.targets" from project "c:\krishna mini project\backend\InternalExamScrutinySystem.Api\InternalExamScrutinySystem.Api.csproj" (target "CoreBuild" depends on it):
       Using "CheckForUnsupportedWinMDReferences" task from assembly "C:\Program Files\dotnet\sdk\10.0.101\Sdks\Microsoft.NET.Sdk\targets\..\tools\net10.0\Microsoft.NET.Build.Tasks.dll".
       Task "CheckForUnsupportedWinMDReferences"
       Done executing task "CheckForUnsupportedWinMDReferences".
   1:7>Done building target "_BlockWinMDsOnUnsupportedTFMs" in project "InternalExamScrutinySystem.Api.csproj".
       Target "ResolveReferences" skipped. Previously built successfully.
       Target "ResolvePackageDependenciesForBuild" skipped. Previously built successfully.
       Target "_HandlePackageFileConflicts" skipped. Previously built successfully.
   1:7>Target "CopyAdditionalFiles" in file "C:\Program Files\dotnet\sdk\10.0.101\Roslyn\Microsoft.Managed.Core.targets" from project "c:\krishna mini project\backend\InternalExamScrutinySystem.Api\InternalExamScrutinySystem.Api.csproj" (target "AssignTargetPaths" depends on it):
   1:7>Done building target "CopyAdditionalFiles" in project "InternalExamScrutinySystem.Api.csproj".
       Target "ResolvePackageAssets" skipped. Previously built successfully.
       Target "ResolveFrameworkReferences" skipped. Previously built successfully.
   1:7>Target "_GetAppHostPaths" in file "C:\Program Files\dotnet\sdk\10.0.101\Sdks\Microsoft.NET.Sdk\targets\Microsoft.NET.Sdk.targets" from project "c:\krishna mini project\backend\InternalExamScrutinySystem.Api\InternalExamScrutinySystem.Api.csproj" (target "_ComputeNETCoreBuildOutputFiles" depends on it):
   1:7>Done building target "_GetAppHostPaths" in project "InternalExamScrutinySystem.Api.csproj".
   1:7>Target "_GetAppHostCreationConfiguration" in file "C:\Program Files\dotnet\sdk\10.0.101\Sdks\Microsoft.NET.Sdk\targets\Microsoft.NET.Sdk.targets" from project "c:\krishna mini project\backend\InternalExamScrutinySystem.Api\InternalExamScrutinySystem.Api.csproj" (target "_ComputeNETCoreBuildOutputFiles" depends on it):
   1:7>Done building target "_GetAppHostCreationConfiguration" in project "InternalExamScrutinySystem.Api.csproj".
   1:7>Target "_ComputeNETCoreBuildOutputFiles" in file "C:\Program Files\dotnet\sdk\10.0.101\Sdks\Microsoft.NET.Sdk\targets\Microsoft.NET.Sdk.targets" from project "c:\krishna mini project\backend\InternalExamScrutinySystem.Api\InternalExamScrutinySystem.Api.csproj" (target "AssignTargetPaths" depends on it):
   1:7>Done building target "_ComputeNETCoreBuildOutputFiles" in project "InternalExamScrutinySystem.Api.csproj".
   1:7>Target "ResolveStaticWebAssetsConfiguration" in file "C:\Program Files\dotnet\sdk\10.0.101\Sdks\Microsoft.NET.Sdk.StaticWebAssets\targets\Microsoft.NET.Sdk.StaticWebAssets.targets" from project "c:\krishna mini project\backend\InternalExamScrutinySystem.Api\InternalExamScrutinySystem.Api.csproj" (target "ResolveProjectStaticWebAssets" depends on it):
   1:7>Done building target "ResolveStaticWebAssetsConfiguration" in project "InternalExamScrutinySystem.Api.csproj".
   1:7>Target "UpdateExistingPackageStaticWebAssets" in file "C:\Program Files\dotnet\sdk\10.0.101\Sdks\Microsoft.NET.Sdk.StaticWebAssets\targets\Microsoft.NET.Sdk.StaticWebAssets.targets" from project "c:\krishna mini project\backend\InternalExamScrutinySystem.Api\InternalExamScrutinySystem.Api.csproj" (target "ResolveProjectStaticWebAssets" depends on it):
       Using "UpdatePackageStaticWebAssets" task from assembly "C:\Program Files\dotnet\sdk\10.0.101\Sdks\Microsoft.NET.Sdk.StaticWebAssets\targets\..\tasks\net10.0\Microsoft.NET.Sdk.StaticWebAssets.Tasks.dll".
       Task "UpdatePackageStaticWebAssets"
       Done executing task "UpdatePackageStaticWebAssets".
       Using "DefineStaticWebAssetEndpoints" task from assembly "C:\Program Files\dotnet\sdk\10.0.101\Sdks\Microsoft.NET.Sdk.StaticWebAssets\targets\..\tasks\net10.0\Microsoft.NET.Sdk.StaticWebAssets.Tasks.dll".
       Task "DefineStaticWebAssetEndpoints"
       Done executing task "DefineStaticWebAssetEndpoints".
   1:7>Done building target "UpdateExistingPackageStaticWebAssets" in project "InternalExamScrutinySystem.Api.csproj".
   1:7>Target "ResolveProjectStaticWebAssets" in file "C:\Program Files\dotnet\sdk\10.0.101\Sdks\Microsoft.NET.Sdk.StaticWebAssets\targets\Microsoft.NET.Sdk.StaticWebAssets.targets" from project "c:\krishna mini project\backend\InternalExamScrutinySystem.Api\InternalExamScrutinySystem.Api.csproj" (target "AssignTargetPaths" depends on it):
       Using "DefineStaticWebAssets" task from assembly "C:\Program Files\dotnet\sdk\10.0.101\Sdks\Microsoft.NET.Sdk.StaticWebAssets\targets\..\tasks\net10.0\Microsoft.NET.Sdk.StaticWebAssets.Tasks.dll".
       Task "DefineStaticWebAssets"
         Cache is fully up to date.
       Done executing task "DefineStaticWebAssets".
       Task "DefineStaticWebAssetEndpoints"
         Matched Uploads/QuestionPapers/17_1_PCCST302_Series 1_639104078366935320.pdf to application/pdf using pattern *.pdf
         Matched Uploads/QuestionPapers/17_1_PCCST302_Series 1_639104196116497569.pdf to application/pdf using pattern *.pdf
         Matched Uploads/QuestionPapers/17_1_PCCST303_639098918922192437.pdf to application/pdf using pattern *.pdf
         Matched Uploads/QuestionPapers/17_1_PCCST302_Series 1_639104291661147989.pdf to application/pdf using pattern *.pdf
         Matched Uploads/QuestionPapers/10_2_UCEST105_Series 1_639104279340516048.pdf to application/pdf using pattern *.pdf
         Matched Uploads/QuestionPapers/17_1_PCCST302_Series 1_639103740504164414.pdf to application/pdf using pattern *.pdf
         Matched Uploads/QuestionPapers/17_1_PCCST303_Series 1_639103711579744496.pdf to application/pdf using pattern *.pdf
         Matched Uploads/QuestionPapers/17_1_PCCST302_Series 1_639104023765524990.pdf to application/pdf using pattern *.pdf
         Matched Uploads/QuestionPapers/10_2_UCEST105_Series 1_639104123320048341.pdf to application/pdf using pattern *.pdf
         Matched Uploads/QuestionPapers/17_1_PCCST302_Series 2_639104295546139500.pdf to application/pdf using pattern *.pdf
         Matched Uploads/QuestionPapers/17_1_PCCST302_Series 1_639104322600824607.pdf to application/pdf using pattern *.pdf
         Matched Uploads/QuestionPapers/17_1_PCCST302_Series 1_639104287669713693.pdf to application/pdf using pattern *.pdf
         Matched Uploads/QuestionPapers/17_1_PCCST302_Series 1_639104285950751364.pdf to application/pdf using pattern *.pdf
         Matched Uploads/QuestionPapers/17_1_PCCST302_Series 1_639104293168649804.pdf to application/pdf using pattern *.pdf
         Adding endpoint Uploads/QuestionPapers/10_2_UCEST105_Series 1_639104279340516048.pdf for asset c:\krishna mini project\backend\InternalExamScrutinySystem.Api\wwwroot\Uploads\QuestionPapers\10_2_UCEST105_Series 1_639104279340516048.pdf.
         Adding endpoint Uploads/QuestionPapers/17_1_PCCST302_Series 1_639103740504164414.pdf for asset c:\krishna mini project\backend\InternalExamScrutinySystem.Api\wwwroot\Uploads\QuestionPapers\17_1_PCCST302_Series 1_639103740504164414.pdf.
         Adding endpoint Uploads/QuestionPapers/17_1_PCCST302_Series 1_639104078366935320.pdf for asset c:\krishna mini project\backend\InternalExamScrutinySystem.Api\wwwroot\Uploads\QuestionPapers\17_1_PCCST302_Series 1_639104078366935320.pdf.
         Adding endpoint Uploads/QuestionPapers/17_1_PCCST302_Series 1_639104196116497569.pdf for asset c:\krishna mini project\backend\InternalExamScrutinySystem.Api\wwwroot\Uploads\QuestionPapers\17_1_PCCST302_Series 1_639104196116497569.pdf.
         Adding endpoint Uploads/QuestionPapers/17_1_PCCST302_Series 1_639104293168649804.pdf for asset c:\krishna mini project\backend\InternalExamScrutinySystem.Api\wwwroot\Uploads\QuestionPapers\17_1_PCCST302_Series 1_639104293168649804.pdf.
         Adding endpoint Uploads/QuestionPapers/17_1_PCCST303_639098918922192437.pdf for asset c:\krishna mini project\backend\InternalExamScrutinySystem.Api\wwwroot\Uploads\QuestionPapers\17_1_PCCST303_639098918922192437.pdf.
         Adding endpoint Uploads/QuestionPapers/17_1_PCCST302_Series 1_639104287669713693.pdf for asset c:\krishna mini project\backend\InternalExamScrutinySystem.Api\wwwroot\Uploads\QuestionPapers\17_1_PCCST302_Series 1_639104287669713693.pdf.
         Adding endpoint Uploads/QuestionPapers/17_1_PCCST303_Series 1_639103711579744496.pdf for asset c:\krishna mini project\backend\InternalExamScrutinySystem.Api\wwwroot\Uploads\QuestionPapers\17_1_PCCST303_Series 1_639103711579744496.pdf.
         Adding endpoint Uploads/QuestionPapers/17_1_PCCST302_Series 1_639104322600824607.pdf for asset c:\krishna mini project\backend\InternalExamScrutinySystem.Api\wwwroot\Uploads\QuestionPapers\17_1_PCCST302_Series 1_639104322600824607.pdf.
         Matched Uploads/QuestionPapers/17_1_PCCST303_Series 1_639103711579744496.pdf to application/pdf using pattern *.pdf
         Matched Uploads/QuestionPapers/10_2_UCEST105_Series 1_639104279340516048.pdf to application/pdf using pattern *.pdf
         Matched Uploads/QuestionPapers/17_1_PCCST303_639098918922192437.pdf to application/pdf using pattern *.pdf
         Matched Uploads/QuestionPapers/17_1_PCCST302_Series 1_639104287669713693.pdf to application/pdf using pattern *.pdf
         Matched Uploads/QuestionPapers/17_1_PCCST302_Series 1_639104293168649804.pdf to application/pdf using pattern *.pdf
         Matched Uploads/QuestionPapers/17_1_PCCST302_Series 1_639104322600824607.pdf to application/pdf using pattern *.pdf
         Matched Uploads/QuestionPapers/17_1_PCCST302_Series 1_639103740504164414.pdf to application/pdf using pattern *.pdf
         Matched Uploads/QuestionPapers/17_1_PCCST302_Series 1_639104078366935320.pdf to application/pdf using pattern *.pdf
         Adding endpoint Uploads/QuestionPapers/10_2_UCEST105_Series 1_639104123320048341.pdf for asset c:\krishna mini project\backend\InternalExamScrutinySystem.Api\wwwroot\Uploads\QuestionPapers\10_2_UCEST105_Series 1_639104123320048341.pdf.
         Matched Uploads/QuestionPapers/17_1_PCCST302_Series 1_639104196116497569.pdf to application/pdf using pattern *.pdf
         Adding endpoint Uploads/QuestionPapers/17_1_PCCST302_Series 1_639104023765524990.pdf for asset c:\krishna mini project\backend\InternalExamScrutinySystem.Api\wwwroot\Uploads\QuestionPapers\17_1_PCCST302_Series 1_639104023765524990.pdf.
         Adding endpoint Uploads/QuestionPapers/17_1_PCCST302_Series 1_639104285950751364.pdf for asset c:\krishna mini project\backend\InternalExamScrutinySystem.Api\wwwroot\Uploads\QuestionPapers\17_1_PCCST302_Series 1_639104285950751364.pdf.
         Matched Uploads/QuestionPapers/10_2_UCEST105_Series 1_639104123320048341.pdf to application/pdf using pattern *.pdf
         Adding endpoint Uploads/QuestionPapers/17_1_PCCST302_Series 1_639104291661147989.pdf for asset c:\krishna mini project\backend\InternalExamScrutinySystem.Api\wwwroot\Uploads\QuestionPapers\17_1_PCCST302_Series 1_639104291661147989.pdf.
         Matched Uploads/QuestionPapers/17_1_PCCST302_Series 1_639104023765524990.pdf to application/pdf using pattern *.pdf
         Adding endpoint Uploads/QuestionPapers/17_1_PCCST302_Series 2_639104295546139500.pdf for asset c:\krishna mini project\backend\InternalExamScrutinySystem.Api\wwwroot\Uploads\QuestionPapers\17_1_PCCST302_Series 2_639104295546139500.pdf.
         Matched Uploads/QuestionPapers/17_1_PCCST302_Series 1_639104291661147989.pdf to application/pdf using pattern *.pdf
         Matched Uploads/QuestionPapers/17_1_PCCST302_Series 1_639104285950751364.pdf to application/pdf using pattern *.pdf
         Matched Uploads/QuestionPapers/17_1_PCCST302_Series 2_639104295546139500.pdf to application/pdf using pattern *.pdf
         Adding endpoint Uploads/QuestionPapers/17_1_PCCST302_Series 1_639104196116497569.1npmhcscf5.pdf for asset c:\krishna mini project\backend\InternalExamScrutinySystem.Api\wwwroot\Uploads\QuestionPapers\17_1_PCCST302_Series 1_639104196116497569.pdf.
         Adding endpoint Uploads/QuestionPapers/17_1_PCCST303_639098918922192437.1npmhcscf5.pdf for asset c:\krishna mini project\backend\InternalExamScrutinySystem.Api\wwwroot\Uploads\QuestionPapers\17_1_PCCST303_639098918922192437.pdf.
         Adding endpoint Uploads/QuestionPapers/17_1_PCCST302_Series 1_639104285950751364.7b9msp428h.pdf for asset c:\krishna mini project\backend\InternalExamScrutinySystem.Api\wwwroot\Uploads\QuestionPapers\17_1_PCCST302_Series 1_639104285950751364.pdf.
         Adding endpoint Uploads/QuestionPapers/17_1_PCCST302_Series 1_639104293168649804.7b9msp428h.pdf for asset c:\krishna mini project\backend\InternalExamScrutinySystem.Api\wwwroot\Uploads\QuestionPapers\17_1_PCCST302_Series 1_639104293168649804.pdf.
         Adding endpoint Uploads/QuestionPapers/17_1_PCCST302_Series 1_639103740504164414.1npmhcscf5.pdf for asset c:\krishna mini project\backend\InternalExamScrutinySystem.Api\wwwroot\Uploads\QuestionPapers\17_1_PCCST302_Series 1_639103740504164414.pdf.
         Adding endpoint Uploads/QuestionPapers/17_1_PCCST302_Series 1_639104078366935320.1npmhcscf5.pdf for asset c:\krishna mini project\backend\InternalExamScrutinySystem.Api\wwwroot\Uploads\QuestionPapers\17_1_PCCST302_Series 1_639104078366935320.pdf.
         Adding endpoint Uploads/QuestionPapers/10_2_UCEST105_Series 1_639104123320048341.1npmhcscf5.pdf for asset c:\krishna mini project\backend\InternalExamScrutinySystem.Api\wwwroot\Uploads\QuestionPapers\10_2_UCEST105_Series 1_639104123320048341.pdf.
         Adding endpoint Uploads/QuestionPapers/17_1_PCCST302_Series 1_639104287669713693.7b9msp428h.pdf for asset c:\krishna mini project\backend\InternalExamScrutinySystem.Api\wwwroot\Uploads\QuestionPapers\17_1_PCCST302_Series 1_639104287669713693.pdf.
         Adding endpoint Uploads/QuestionPapers/17_1_PCCST302_Series 1_639104291661147989.7b9msp428h.pdf for asset c:\krishna mini project\backend\InternalExamScrutinySystem.Api\wwwroot\Uploads\QuestionPapers\17_1_PCCST302_Series 1_639104291661147989.pdf.
         Adding endpoint Uploads/QuestionPapers/10_2_UCEST105_Series 1_639104279340516048.7b9msp428h.pdf for asset c:\krishna mini project\backend\InternalExamScrutinySystem.Api\wwwroot\Uploads\QuestionPapers\10_2_UCEST105_Series 1_639104279340516048.pdf.
         Adding endpoint Uploads/QuestionPapers/17_1_PCCST302_Series 2_639104295546139500.7b9msp428h.pdf for asset c:\krishna mini project\backend\InternalExamScrutinySystem.Api\wwwroot\Uploads\QuestionPapers\17_1_PCCST302_Series 2_639104295546139500.pdf.
         Adding endpoint Uploads/QuestionPapers/17_1_PCCST302_Series 1_639104322600824607.7b9msp428h.pdf for asset c:\krishna mini project\backend\InternalExamScrutinySystem.Api\wwwroot\Uploads\QuestionPapers\17_1_PCCST302_Series 1_639104322600824607.pdf.
         Adding endpoint Uploads/QuestionPapers/17_1_PCCST303_Series 1_639103711579744496.9xceufu70q.pdf for asset c:\krishna mini project\backend\InternalExamScrutinySystem.Api\wwwroot\Uploads\QuestionPapers\17_1_PCCST303_Series 1_639103711579744496.pdf.
         Adding endpoint Uploads/QuestionPapers/17_1_PCCST302_Series 1_639104023765524990.9xceufu70q.pdf for asset c:\krishna mini project\backend\InternalExamScrutinySystem.Api\wwwroot\Uploads\QuestionPapers\17_1_PCCST302_Series 1_639104023765524990.pdf.
         Matched Uploads/QuestionPapers/17_1_PCCST303_Series 2_639103907867228022.pdf to application/pdf using pattern *.pdf
         Matched Uploads/QuestionPapers/18_2_PBCST 304_639099531071334486.pdf to application/pdf using pattern *.pdf
         Adding endpoint Uploads/QuestionPapers/17_1_PCCST303_Series 2_639103907867228022.pdf for asset c:\krishna mini project\backend\InternalExamScrutinySystem.Api\wwwroot\Uploads\QuestionPapers\17_1_PCCST303_Series 2_639103907867228022.pdf.
         Adding endpoint Uploads/QuestionPapers/18_2_PBCST 304_639099531071334486.pdf for asset c:\krishna mini project\backend\InternalExamScrutinySystem.Api\wwwroot\Uploads\QuestionPapers\18_2_PBCST 304_639099531071334486.pdf.
         Matched Uploads/QuestionPapers/17_1_PCCST303_Series 2_639103907867228022.pdf to application/pdf using pattern *.pdf
         Matched Uploads/QuestionPapers/18_2_PBCST 304_639099531071334486.pdf to application/pdf using pattern *.pdf
         Adding endpoint Uploads/QuestionPapers/18_2_PBCST 304_639099531071334486.7b9msp428h.pdf for asset c:\krishna mini project\backend\InternalExamScrutinySystem.Api\wwwroot\Uploads\QuestionPapers\18_2_PBCST 304_639099531071334486.pdf.
         Adding endpoint Uploads/QuestionPapers/17_1_PCCST303_Series 2_639103907867228022.9xceufu70q.pdf for asset c:\krishna mini project\backend\InternalExamScrutinySystem.Api\wwwroot\Uploads\QuestionPapers\17_1_PCCST303_Series 2_639103907867228022.pdf.
         Assembly loaded during TaskRun (Microsoft.AspNetCore.StaticWebAssets.Tasks.DefineStaticWebAssetEndpoints): System.IO.Pipelines, Version=10.0.0.0, Culture=neutral, PublicKeyToken=cc7b13ffcd2ddd51 (location: C:\Program Files\dotnet\shared\Microsoft.NETCore.App\10.0.1\System.IO.Pipelines.dll, MVID: 006963d0-f696-4038-8cbb-4596a6aedc7d, AssemblyLoadContext: Default)
       Done executing task "DefineStaticWebAssetEndpoints".
   1:7>Done building target "ResolveProjectStaticWebAssets" in project "InternalExamScrutinySystem.Api.csproj".
   1:7>Target "AssignTargetPaths" in file "C:\Program Files\dotnet\sdk\10.0.101\Microsoft.Common.CurrentVersion.targets" from project "c:\krishna mini project\backend\InternalExamScrutinySystem.Api\InternalExamScrutinySystem.Api.csproj" (target "PrepareResourceNames" depends on it):
       Using "AssignTargetPath" task from assembly "Microsoft.Build.Tasks.Core, Version=15.1.0.0, Culture=neutral, PublicKeyToken=b03f5f7f11d50a3a".
       Task "AssignTargetPath"
       Done executing task "AssignTargetPath".
       Task "AssignTargetPath"
       Done executing task "AssignTargetPath".
       Task "AssignTargetPath"
       Done executing task "AssignTargetPath".
       Task "AssignTargetPath"
       Done executing task "AssignTargetPath".
   1:7>Done building target "AssignTargetPaths" in project "InternalExamScrutinySystem.Api.csproj".
       Target "AssignTargetPaths" skipped. Previously built successfully.
   1:7>Target "SplitResourcesByCulture" in file "C:\Program Files\dotnet\sdk\10.0.101\Microsoft.Common.CurrentVersion.targets" from project "c:\krishna mini project\backend\InternalExamScrutinySystem.Api\InternalExamScrutinySystem.Api.csproj" (target "PrepareResourceNames" depends on it):
       Using "AssignCulture" task from assembly "Microsoft.Build.Tasks.Core, Version=15.1.0.0, Culture=neutral, PublicKeyToken=b03f5f7f11d50a3a".
       Task "AssignCulture"
       Done executing task "AssignCulture".
   1:7>Done building target "SplitResourcesByCulture" in project "InternalExamScrutinySystem.Api.csproj".
   1:7>Target "CreateCustomManifestResourceNames" in file "C:\Program Files\dotnet\sdk\10.0.101\Microsoft.Common.CurrentVersion.targets" from project "c:\krishna mini project\backend\InternalExamScrutinySystem.Api\InternalExamScrutinySystem.Api.csproj" (target "PrepareResourceNames" depends on it):
   1:7>Done building target "CreateCustomManifestResourceNames" in project "InternalExamScrutinySystem.Api.csproj".
   1:7>Target "PrepareResourceNames" in file "C:\Program Files\dotnet\sdk\10.0.101\Microsoft.Common.CurrentVersion.targets" from project "c:\krishna mini project\backend\InternalExamScrutinySystem.Api\InternalExamScrutinySystem.Api.csproj" (target "PrepareResources" depends on it):
   1:7>Done building target "PrepareResourceNames" in project "InternalExamScrutinySystem.Api.csproj".
       Target "ResolveAssemblyReferences" skipped. Previously built successfully.
       Target "SplitResourcesByCulture" skipped. Previously built successfully.
   1:7>Target "BeforeResGen" in file "C:\Program Files\dotnet\sdk\10.0.101\Microsoft.Common.CurrentVersion.targets" from project "c:\krishna mini project\backend\InternalExamScrutinySystem.Api\InternalExamScrutinySystem.Api.csproj" (target "ResGen" depends on it):
   1:7>Done building target "BeforeResGen" in project "InternalExamScrutinySystem.Api.csproj".
       Target "ResolveReferences" skipped. Previously built successfully.
   1:7>Target "FindReferenceAssembliesForReferences" in file "C:\Program Files\dotnet\sdk\10.0.101\Microsoft.Common.CurrentVersion.targets" from project "c:\krishna mini project\backend\InternalExamScrutinySystem.Api\InternalExamScrutinySystem.Api.csproj" (target "CoreResGen" depends on it):
   1:7>Done building target "FindReferenceAssembliesForReferences" in project "InternalExamScrutinySystem.Api.csproj".
   1:7>Target "CoreResGen" in file "C:\Program Files\dotnet\sdk\10.0.101\Microsoft.Common.CurrentVersion.targets" from project "c:\krishna mini project\backend\InternalExamScrutinySystem.Api\InternalExamScrutinySystem.Api.csproj" (target "ResGen" depends on it):
   1:7>Done building target "CoreResGen" in project "InternalExamScrutinySystem.Api.csproj".
   1:7>Target "AfterResGen" in file "C:\Program Files\dotnet\sdk\10.0.101\Microsoft.Common.CurrentVersion.targets" from project "c:\krishna mini project\backend\InternalExamScrutinySystem.Api\InternalExamScrutinySystem.Api.csproj" (target "ResGen" depends on it):
   1:7>Done building target "AfterResGen" in project "InternalExamScrutinySystem.Api.csproj".
   1:7>Target "ResGen" in file "C:\Program Files\dotnet\sdk\10.0.101\Microsoft.Common.CurrentVersion.targets" from project "c:\krishna mini project\backend\InternalExamScrutinySystem.Api\InternalExamScrutinySystem.Api.csproj" (target "PrepareResources" depends on it):
   1:7>Done building target "ResGen" in project "InternalExamScrutinySystem.Api.csproj".
   1:7>Target "PrepareResources" in file "C:\Program Files\dotnet\sdk\10.0.101\Microsoft.Common.CurrentVersion.targets" from project "c:\krishna mini project\backend\InternalExamScrutinySystem.Api\InternalExamScrutinySystem.Api.csproj" (target "CoreBuild" depends on it):
   1:7>Done building target "PrepareResources" in project "InternalExamScrutinySystem.Api.csproj".
       Target "ResolveReferences" skipped. Previously built successfully.
   1:7>Target "_SetEmbeddedWin32ManifestProperties" in file "C:\Program Files\dotnet\sdk\10.0.101\Microsoft.Common.CurrentVersion.targets" from project "c:\krishna mini project\backend\InternalExamScrutinySystem.Api\InternalExamScrutinySystem.Api.csproj" (target "SetWin32ManifestProperties" depends on it):
       Using "GetFrameworkPath" task from assembly "Microsoft.Build.Tasks.Core, Version=15.1.0.0, Culture=neutral, PublicKeyToken=b03f5f7f11d50a3a".
       Task "GetFrameworkPath"
       Done executing task "GetFrameworkPath".
   1:7>Done building target "_SetEmbeddedWin32ManifestProperties" in project "InternalExamScrutinySystem.Api.csproj".
   1:7>Target "SetWin32ManifestProperties" in file "C:\Program Files\dotnet\sdk\10.0.101\Microsoft.Common.CurrentVersion.targets" from project "c:\krishna mini project\backend\InternalExamScrutinySystem.Api\InternalExamScrutinySystem.Api.csproj" (target "Compile" depends on it):
   1:7>Done building target "SetWin32ManifestProperties" in project "InternalExamScrutinySystem.Api.csproj".
       Target "FindReferenceAssembliesForReferences" skipped. Previously built successfully.
   1:7>Target "_GenerateCompileInputs" in file "C:\Program Files\dotnet\sdk\10.0.101\Microsoft.Common.CurrentVersion.targets" from project "c:\krishna mini project\backend\InternalExamScrutinySystem.Api\InternalExamScrutinySystem.Api.csproj" (target "Compile" depends on it):
   1:7>Done building target "_GenerateCompileInputs" in project "InternalExamScrutinySystem.Api.csproj".
       Target "PrepareForBuild" skipped. Previously built successfully.
   1:7>Target "ResolveRazorConfiguration" in file "C:\Program Files\dotnet\sdk\10.0.101\Sdks\Microsoft.NET.Sdk.Razor\targets\Sdk.Razor.CurrentVersion.targets" from project "c:\krishna mini project\backend\InternalExamScrutinySystem.Api\InternalExamScrutinySystem.Api.csproj" (target "PrepareForRazorGenerate" depends on it):
       Using "FindInList" task from assembly "Microsoft.Build.Tasks.Core, Version=15.1.0.0, Culture=neutral, PublicKeyToken=b03f5f7f11d50a3a".
       Task "FindInList"
         Found "MVC-3.0".
       Done executing task "FindInList".
   1:7>Done building target "ResolveRazorConfiguration" in project "InternalExamScrutinySystem.Api.csproj".
       Target "ResolveRazorGenerateInputs" skipped. Previously built successfully.
   1:7>Target "ResolveScopedCssInputs" in file "C:\Program Files\dotnet\sdk\10.0.101\Sdks\Microsoft.NET.Sdk.StaticWebAssets\targets\Microsoft.NET.Sdk.StaticWebAssets.ScopedCss.targets" from project "c:\krishna mini project\backend\InternalExamScrutinySystem.Api\InternalExamScrutinySystem.Api.csproj" (target "ComputeCssScope" depends on it):
       Using "DiscoverDefaultScopedCssItems" task from assembly "C:\Program Files\dotnet\sdk\10.0.101\Sdks\Microsoft.NET.Sdk.StaticWebAssets\targets\..\tasks\net10.0\Microsoft.NET.Sdk.StaticWebAssets.Tasks.dll".
       Task "DiscoverDefaultScopedCssItems"
       Done executing task "DiscoverDefaultScopedCssItems".
   1:7>Done building target "ResolveScopedCssInputs" in project "InternalExamScrutinySystem.Api.csproj".
   1:7>Target "ComputeCssScope" in file "C:\Program Files\dotnet\sdk\10.0.101\Sdks\Microsoft.NET.Sdk.StaticWebAssets\targets\Microsoft.NET.Sdk.StaticWebAssets.ScopedCss.targets" from project "c:\krishna mini project\backend\InternalExamScrutinySystem.Api\InternalExamScrutinySystem.Api.csproj" (target "ResolveCssScopes" depends on it):
       Using "ComputeCssScope" task from assembly "C:\Program Files\dotnet\sdk\10.0.101\Sdks\Microsoft.NET.Sdk.StaticWebAssets\targets\..\tasks\net10.0\Microsoft.NET.Sdk.StaticWebAssets.Tasks.dll".
       Task "ComputeCssScope"
       Done executing task "ComputeCssScope".
   1:7>Done building target "ComputeCssScope" in project "InternalExamScrutinySystem.Api.csproj".
       Target "ResolveRazorComponentInputs" skipped. Previously built successfully.
       Target "ResolveRazorGenerateInputs" skipped. Previously built successfully.
   1:7>Target "ResolveCssScopes" in file "C:\Program Files\dotnet\sdk\10.0.101\Sdks\Microsoft.NET.Sdk.Razor\targets\Sdk.Razor.CurrentVersion.targets" from project "c:\krishna mini project\backend\InternalExamScrutinySystem.Api\InternalExamScrutinySystem.Api.csproj" (target "AssignRazorGenerateTargetPaths" depends on it):
       Using "ApplyCssScopes" task from assembly "C:\Program Files\dotnet\sdk\10.0.101\Sdks\Microsoft.NET.Sdk.StaticWebAssets\targets\..\tasks\net10.0\Microsoft.NET.Sdk.StaticWebAssets.Tasks.dll".
       Task "ApplyCssScopes"
       Done executing task "ApplyCssScopes".
   1:7>Done building target "ResolveCssScopes" in project "InternalExamScrutinySystem.Api.csproj".
   1:7>Target "_ResolveGeneratedRazorCompileInputs" in file "C:\Program Files\dotnet\sdk\10.0.101\Sdks\Microsoft.NET.Sdk.Razor\targets\Sdk.Razor.CurrentVersion.targets" from project "c:\krishna mini project\backend\InternalExamScrutinySystem.Api\InternalExamScrutinySystem.Api.csproj" (target "PrepareForRazorGenerate" depends on it):
   1:7>Done building target "_ResolveGeneratedRazorCompileInputs" in project "InternalExamScrutinySystem.Api.csproj".
   1:7>Target "PrepareForRazorGenerate" in file "C:\Program Files\dotnet\sdk\10.0.101\Sdks\Microsoft.NET.Sdk.Razor\targets\Sdk.Razor.CurrentVersion.targets" from project "c:\krishna mini project\backend\InternalExamScrutinySystem.Api\InternalExamScrutinySystem.Api.csproj" (target "_PrepareRazorSourceGenerators" depends on it):
   1:7>Done building target "PrepareForRazorGenerate" in project "InternalExamScrutinySystem.Api.csproj".
       Target "ResolveRazorConfiguration" skipped. Previously built successfully.
       Target "ResolveRazorComponentInputs" skipped. Previously built successfully.
   1:7>Target "PrepareForRazorComponentGenerate" in file "C:\Program Files\dotnet\sdk\10.0.101\Sdks\Microsoft.NET.Sdk.Razor\targets\Sdk.Razor.CurrentVersion.targets" from project "c:\krishna mini project\backend\InternalExamScrutinySystem.Api\InternalExamScrutinySystem.Api.csproj" (target "_PrepareRazorSourceGenerators" depends on it):
   1:7>Done building target "PrepareForRazorComponentGenerate" in project "InternalExamScrutinySystem.Api.csproj".
   1:7>Target "_PrepareRazorSourceGenerators" in file "C:\Program Files\dotnet\sdk\10.0.101\Sdks\Microsoft.NET.Sdk.Razor\targets\Microsoft.NET.Sdk.Razor.SourceGenerators.targets" from project "c:\krishna mini project\backend\InternalExamScrutinySystem.Api\InternalExamScrutinySystem.Api.csproj" (target "GenerateMSBuildEditorConfigFileShouldRun" depends on it):
       Using "EncodeRazorInputItem" task from assembly "C:\Program Files\dotnet\sdk\10.0.101\Sdks\Microsoft.NET.Sdk.Razor\targets\..\tasks\net10.0\Microsoft.NET.Sdk.Razor.Tasks.dll".
       Task "EncodeRazorInputItem"
       Done executing task "EncodeRazorInputItem".
   1:7>Done building target "_PrepareRazorSourceGenerators" in project "InternalExamScrutinySystem.Api.csproj".
   1:7>Target "GenerateMSBuildEditorConfigFileShouldRun" in file "C:\Program Files\dotnet\sdk\10.0.101\Roslyn\Microsoft.Managed.Core.targets" from project "c:\krishna mini project\backend\InternalExamScrutinySystem.Api\InternalExamScrutinySystem.Api.csproj" (target "GenerateMSBuildEditorConfigFile" depends on it):
   1:7>Done building target "GenerateMSBuildEditorConfigFileShouldRun" in project "InternalExamScrutinySystem.Api.csproj".
   1:7>Target "AddGlobalAnalyzerConfigForPackage_MicrosoftCodeAnalysisCSharpCodeStyle" in file "C:\Program Files\dotnet\sdk\10.0.101\Sdks\Microsoft.NET.Sdk\codestyle\cs\build\Microsoft.CodeAnalysis.CSharp.CodeStyle.targets" from project "c:\krishna mini project\backend\InternalExamScrutinySystem.Api\InternalExamScrutinySystem.Api.csproj" (target "GenerateMSBuildEditorConfigFileCore" depends on it):
   1:7>Done building target "AddGlobalAnalyzerConfigForPackage_MicrosoftCodeAnalysisCSharpCodeStyle" in project "InternalExamScrutinySystem.Api.csproj".
   1:7>Target "GenerateMSBuildEditorConfigFileCore" in file "C:\Program Files\dotnet\sdk\10.0.101\Roslyn\Microsoft.Managed.Core.targets" from project "c:\krishna mini project\backend\InternalExamScrutinySystem.Api\InternalExamScrutinySystem.Api.csproj" (target "GenerateMSBuildEditorConfigFile" depends on it):
       Building target "GenerateMSBuildEditorConfigFileCore" completely.
       No input files were specified.
       Using "GenerateMSBuildEditorConfig" task from assembly "C:\Program Files\dotnet\sdk\10.0.101\Sdks\Microsoft.NET.Sdk\targets\..\..\..\Roslyn\Microsoft.Build.Tasks.CodeAnalysis.dll".
       Task "GenerateMSBuildEditorConfig"
       Done executing task "GenerateMSBuildEditorConfig".
   1:7>Done building target "GenerateMSBuildEditorConfigFileCore" in project "InternalExamScrutinySystem.Api.csproj".
   1:7>Target "GenerateMSBuildEditorConfigFile" in file "C:\Program Files\dotnet\sdk\10.0.101\Roslyn\Microsoft.Managed.Core.targets" from project "c:\krishna mini project\backend\InternalExamScrutinySystem.Api\InternalExamScrutinySystem.Api.csproj" (target "BeforeCompile" depends on it):
   1:7>Done building target "GenerateMSBuildEditorConfigFile" in project "InternalExamScrutinySystem.Api.csproj".
       Target "PrepareForBuild" skipped. Previously built successfully.
       Target "GetReferenceAssemblyPaths" skipped. Previously built successfully.
   1:7>Target "_SetTargetFrameworkMonikerAttribute" in file "C:\Program Files\dotnet\sdk\10.0.101\Microsoft.CSharp.CurrentVersion.targets" from project "c:\krishna mini project\backend\InternalExamScrutinySystem.Api\InternalExamScrutinySystem.Api.csproj" (target "GenerateTargetFrameworkMonikerAttribute" depends on it):
   1:7>Done building target "_SetTargetFrameworkMonikerAttribute" in project "InternalExamScrutinySystem.Api.csproj".
   1:7>Target "GenerateTargetFrameworkMonikerAttribute" in file "C:\Program Files\dotnet\sdk\10.0.101\Microsoft.Common.CurrentVersion.targets" from project "c:\krishna mini project\backend\InternalExamScrutinySystem.Api\InternalExamScrutinySystem.Api.csproj" (target "BeforeCompile" depends on it):
       Skipping target "GenerateTargetFrameworkMonikerAttribute" because all output files are up-to-date with respect to the input files.
       Input files: C:\Program Files\dotnet\sdk\10.0.101\Microsoft.Common.targets
       Output files: obj\Debug\net8.0\.NETCoreApp,Version=v8.0.AssemblyAttributes.cs
   1:7>Done building target "GenerateTargetFrameworkMonikerAttribute" in project "InternalExamScrutinySystem.Api.csproj".
       Target "PrepareForBuild" skipped. Previously built successfully.
   1:7>Target "GetAssemblyVersion" in file "C:\Program Files\dotnet\sdk\10.0.101\Sdks\Microsoft.NET.Sdk\targets\Microsoft.NET.GenerateAssemblyInfo.targets" from project "c:\krishna mini project\backend\InternalExamScrutinySystem.Api\InternalExamScrutinySystem.Api.csproj" (target "GetAssemblyAttributes" depends on it):
       Using "GetAssemblyVersion" task from assembly "C:\Program Files\dotnet\sdk\10.0.101\Sdks\Microsoft.NET.Sdk\targets\..\tools\net10.0\Microsoft.NET.Build.Tasks.dll".
       Task "GetAssemblyVersion"
       Done executing task "GetAssemblyVersion".
   1:7>Done building target "GetAssemblyVersion" in project "InternalExamScrutinySystem.Api.csproj".
   1:7>Target "InitializeSourceControlInformationFromSourceControlManager" in file "C:\Program Files\dotnet\sdk\10.0.101\Sdks\Microsoft.Build.Tasks.Git\build\Microsoft.Build.Tasks.Git.targets" from project "c:\krishna mini project\backend\InternalExamScrutinySystem.Api\InternalExamScrutinySystem.Api.csproj" (target "_InitializeSourceControlInformationFromSourceControlManager" depends on it):
       Using "Microsoft.Build.Tasks.Git.LocateRepository" task from assembly "C:\Program Files\dotnet\sdk\10.0.101\Sdks\Microsoft.Build.Tasks.Git\build\..\tools\net\Microsoft.Build.Tasks.Git.dll".
       Task "Microsoft.Build.Tasks.Git.LocateRepository"
         SourceLink: Repository instance not found in cache: '*:c:\krishna mini project\.git'
       Done executing task "Microsoft.Build.Tasks.Git.LocateRepository".
   1:7>Done building target "InitializeSourceControlInformationFromSourceControlManager" in project "InternalExamScrutinySystem.Api.csproj".
   1:7>Target "_SourceLinkHasSingleProvider" in file "C:\Program Files\dotnet\sdk\10.0.101\Sdks\Microsoft.SourceLink.Common\build\InitializeSourceControlInformation.targets" from project "c:\krishna mini project\backend\InternalExamScrutinySystem.Api\InternalExamScrutinySystem.Api.csproj" (target "_InitializeSourceControlInformationFromSourceControlManager" depends on it):
       Assembly loaded during TaskRun: Microsoft.SourceLink.Common, Version=10.0.13.7005, Culture=neutral, PublicKeyToken=31bf3856ad364e35 (location: C:\Program Files\dotnet\sdk\10.0.101\Sdks\Microsoft.SourceLink.Common\tools\net\Microsoft.SourceLink.Common.dll, MVID: 3cb9be59-45f3-469a-bcf6-c9ffcd17a00c, AssemblyLoadContext: MSBuild plugin C:\Program Files\dotnet\sdk\10.0.101\Sdks\Microsoft.SourceLink.Common\tools\net\Microsoft.SourceLink.Common.dll)
       Using "Microsoft.SourceLink.Common.SourceLinkHasSingleProvider" task from assembly "C:\Program Files\dotnet\sdk\10.0.101\Sdks\Microsoft.SourceLink.Common\build\..\tools\net\Microsoft.SourceLink.Common.dll".
       Task "Microsoft.SourceLink.Common.SourceLinkHasSingleProvider"
       Done executing task "Microsoft.SourceLink.Common.SourceLinkHasSingleProvider".
   1:7>Done building target "_SourceLinkHasSingleProvider" in project "InternalExamScrutinySystem.Api.csproj".
   1:7>Target "TranslateGitHubUrlsInSourceControlInformation" in file "C:\Program Files\dotnet\sdk\10.0.101\Sdks\Microsoft.SourceLink.GitHub\build\Microsoft.SourceLink.GitHub.targets" from project "c:\krishna mini project\backend\InternalExamScrutinySystem.Api\InternalExamScrutinySystem.Api.csproj" (target "_InitializeSourceControlInformationFromSourceControlManager" depends on it):
       Assembly loaded during TaskRun: Microsoft.SourceLink.GitHub, Version=10.0.13.7005, Culture=neutral, PublicKeyToken=31bf3856ad364e35 (location: C:\Program Files\dotnet\sdk\10.0.101\Sdks\Microsoft.SourceLink.GitHub\tools\net\Microsoft.SourceLink.GitHub.dll, MVID: 36076676-40e3-4132-a682-ec33e7c38cb5, AssemblyLoadContext: MSBuild plugin C:\Program Files\dotnet\sdk\10.0.101\Sdks\Microsoft.SourceLink.GitHub\tools\net\Microsoft.SourceLink.GitHub.dll)
       Using "Microsoft.SourceLink.GitHub.TranslateRepositoryUrls" task from assembly "C:\Program Files\dotnet\sdk\10.0.101\Sdks\Microsoft.SourceLink.GitHub\build\..\tools\net\Microsoft.SourceLink.GitHub.dll".
       Task "Microsoft.SourceLink.GitHub.TranslateRepositoryUrls"
       Done executing task "Microsoft.SourceLink.GitHub.TranslateRepositoryUrls".
   1:7>Done building target "TranslateGitHubUrlsInSourceControlInformation" in project "InternalExamScrutinySystem.Api.csproj".
   1:7>Target "TranslateGitLabUrlsInSourceControlInformation" in file "C:\Program Files\dotnet\sdk\10.0.101\Sdks\Microsoft.SourceLink.GitLab\build\Microsoft.SourceLink.GitLab.targets" from project "c:\krishna mini project\backend\InternalExamScrutinySystem.Api\InternalExamScrutinySystem.Api.csproj" (target "_InitializeSourceControlInformationFromSourceControlManager" depends on it):
       Assembly loaded during TaskRun: Microsoft.SourceLink.GitLab, Version=10.0.13.7005, Culture=neutral, PublicKeyToken=31bf3856ad364e35 (location: C:\Program Files\dotnet\sdk\10.0.101\Sdks\Microsoft.SourceLink.GitLab\tools\net\Microsoft.SourceLink.GitLab.dll, MVID: ecde11a6-fe59-46bf-9fae-7364c94777ba, AssemblyLoadContext: MSBuild plugin C:\Program Files\dotnet\sdk\10.0.101\Sdks\Microsoft.SourceLink.GitLab\tools\net\Microsoft.SourceLink.GitLab.dll)
       Using "Microsoft.SourceLink.GitLab.TranslateRepositoryUrls" task from assembly "C:\Program Files\dotnet\sdk\10.0.101\Sdks\Microsoft.SourceLink.GitLab\build\..\tools\net\Microsoft.SourceLink.GitLab.dll".
       Task "Microsoft.SourceLink.GitLab.TranslateRepositoryUrls"
       Done executing task "Microsoft.SourceLink.GitLab.TranslateRepositoryUrls".
   1:7>Done building target "TranslateGitLabUrlsInSourceControlInformation" in project "InternalExamScrutinySystem.Api.csproj".
   1:7>Target "TranslateAzureReposGitUrlsInSourceControlInformation" in file "C:\Program Files\dotnet\sdk\10.0.101\Sdks\Microsoft.SourceLink.AzureRepos.Git\build\Microsoft.SourceLink.AzureRepos.Git.targets" from project "c:\krishna mini project\backend\InternalExamScrutinySystem.Api\InternalExamScrutinySystem.Api.csproj" (target "_InitializeSourceControlInformationFromSourceControlManager" depends on it):
       Assembly loaded during TaskRun: Microsoft.SourceLink.AzureRepos.Git, Version=10.0.13.7005, Culture=neutral, PublicKeyToken=31bf3856ad364e35 (location: C:\Program Files\dotnet\sdk\10.0.101\Sdks\Microsoft.SourceLink.AzureRepos.Git\tools\net\Microsoft.SourceLink.AzureRepos.Git.dll, MVID: 0c017808-bddf-44d0-8d72-b0d1c8417eac, AssemblyLoadContext: MSBuild plugin C:\Program Files\dotnet\sdk\10.0.101\Sdks\Microsoft.SourceLink.AzureRepos.Git\tools\net\Microsoft.SourceLink.AzureRepos.Git.dll)
       Using "Microsoft.SourceLink.AzureRepos.Git.TranslateRepositoryUrls" task from assembly "C:\Program Files\dotnet\sdk\10.0.101\Sdks\Microsoft.SourceLink.AzureRepos.Git\build\..\tools\net\Microsoft.SourceLink.AzureRepos.Git.dll".
       Task "Microsoft.SourceLink.AzureRepos.Git.TranslateRepositoryUrls"
       Done executing task "Microsoft.SourceLink.AzureRepos.Git.TranslateRepositoryUrls".
   1:7>Done building target "TranslateAzureReposGitUrlsInSourceControlInformation" in project "InternalExamScrutinySystem.Api.csproj".
   1:7>Target "TranslateBitbucketGitUrlsInSourceControlInformation" in file "C:\Program Files\dotnet\sdk\10.0.101\Sdks\Microsoft.SourceLink.Bitbucket.Git\build\Microsoft.SourceLink.Bitbucket.Git.targets" from project "c:\krishna mini project\backend\InternalExamScrutinySystem.Api\InternalExamScrutinySystem.Api.csproj" (target "_InitializeSourceControlInformationFromSourceControlManager" depends on it):
       Assembly loaded during TaskRun: Microsoft.SourceLink.Bitbucket.Git, Version=10.0.13.7005, Culture=neutral, PublicKeyToken=31bf3856ad364e35 (location: C:\Program Files\dotnet\sdk\10.0.101\Sdks\Microsoft.SourceLink.Bitbucket.Git\tools\net\Microsoft.SourceLink.Bitbucket.Git.dll, MVID: 4b52ed62-9a3e-4649-b031-80835f902681, AssemblyLoadContext: MSBuild plugin C:\Program Files\dotnet\sdk\10.0.101\Sdks\Microsoft.SourceLink.Bitbucket.Git\tools\net\Microsoft.SourceLink.Bitbucket.Git.dll)
       Using "Microsoft.SourceLink.Bitbucket.Git.TranslateRepositoryUrls" task from assembly "C:\Program Files\dotnet\sdk\10.0.101\Sdks\Microsoft.SourceLink.Bitbucket.Git\build\..\tools\net\Microsoft.SourceLink.Bitbucket.Git.dll".
       Task "Microsoft.SourceLink.Bitbucket.Git.TranslateRepositoryUrls"
       Done executing task "Microsoft.SourceLink.Bitbucket.Git.TranslateRepositoryUrls".
   1:7>Done building target "TranslateBitbucketGitUrlsInSourceControlInformation" in project "InternalExamScrutinySystem.Api.csproj".
   1:7>Target "SourceControlManagerPublishTranslatedUrls" in file "C:\Program Files\dotnet\sdk\10.0.101\Sdks\Microsoft.SourceLink.Common\build\InitializeSourceControlInformation.targets" from project "c:\krishna mini project\backend\InternalExamScrutinySystem.Api\InternalExamScrutinySystem.Api.csproj" (target "_InitializeSourceControlInformationFromSourceControlManager" depends on it):
   1:7>Done building target "SourceControlManagerPublishTranslatedUrls" in project "InternalExamScrutinySystem.Api.csproj".
   1:7>Target "_InitializeSourceControlInformationFromSourceControlManager" in file "C:\Program Files\dotnet\sdk\10.0.101\Sdks\Microsoft.SourceLink.Common\build\InitializeSourceControlInformation.targets" from project "c:\krishna mini project\backend\InternalExamScrutinySystem.Api\InternalExamScrutinySystem.Api.csproj" (target "InitializeSourceControlInformation" depends on it):
   1:7>Done building target "_InitializeSourceControlInformationFromSourceControlManager" in project "InternalExamScrutinySystem.Api.csproj".
   1:7>Target "InitializeSourceControlInformation" in file "C:\Program Files\dotnet\sdk\10.0.101\Microsoft.Common.CurrentVersion.targets" from project "c:\krishna mini project\backend\InternalExamScrutinySystem.Api\InternalExamScrutinySystem.Api.csproj" (target "GetAssemblyAttributes" depends on it):
   1:7>Done building target "InitializeSourceControlInformation" in project "InternalExamScrutinySystem.Api.csproj".
       Target "GetAssemblyVersion" skipped. Previously built successfully.
       Target "InitializeSourceControlInformation" skipped. Previously built successfully.
   1:7>Target "AddSourceRevisionToInformationalVersion" in file "C:\Program Files\dotnet\sdk\10.0.101\Sdks\Microsoft.NET.Sdk\targets\Microsoft.NET.GenerateAssemblyInfo.targets" from project "c:\krishna mini project\backend\InternalExamScrutinySystem.Api\InternalExamScrutinySystem.Api.csproj" (target "GetAssemblyAttributes" depends on it):
       C:\Program Files\dotnet\sdk\10.0.101\Sdks\Microsoft.NET.Sdk\targets\Microsoft.NET.GenerateAssemblyInfo.targets(70,7): message : Property reassignment: $(InformationalVersion)="1.0.0+a496d4e237e6bab534c84a346329a724ea5888af" (previous value: "1.0.0") at C:\Program Files\dotnet\sdk\10.0.101\Sdks\Microsoft.NET.Sdk\targets\Microsoft.NET.GenerateAssemblyInfo.targets (70,7) [c:\krishna mini project\backend\InternalExamScrutinySystem.Api\InternalExamScrutinySystem.Api.csproj]
   1:7>Done building target "AddSourceRevisionToInformationalVersion" in project "InternalExamScrutinySystem.Api.csproj".
   1:7>Target "GetAssemblyAttributes" in file "C:\Program Files\dotnet\sdk\10.0.101\Sdks\Microsoft.NET.Sdk\targets\Microsoft.NET.GenerateAssemblyInfo.targets" from project "c:\krishna mini project\backend\InternalExamScrutinySystem.Api\InternalExamScrutinySystem.Api.csproj" (target "CreateGeneratedAssemblyInfoInputsCacheFile" depends on it):
   1:7>Done building target "GetAssemblyAttributes" in project "InternalExamScrutinySystem.Api.csproj".
   1:7>Target "CreateGeneratedAssemblyInfoInputsCacheFile" in file "C:\Program Files\dotnet\sdk\10.0.101\Sdks\Microsoft.NET.Sdk\targets\Microsoft.NET.GenerateAssemblyInfo.targets" from project "c:\krishna mini project\backend\InternalExamScrutinySystem.Api\InternalExamScrutinySystem.Api.csproj" (target "CoreGenerateAssemblyInfo" depends on it):
       Using "Hash" task from assembly "Microsoft.Build.Tasks.Core, Version=15.1.0.0, Culture=neutral, PublicKeyToken=b03f5f7f11d50a3a".
       Task "Hash"
       Done executing task "Hash".
       Task "WriteLinesToFile"
         Skipping write to file "obj\Debug\net8.0\InternalExamScrutinySystem.Api.AssemblyInfoInputs.cache" because content would not change.
       Done executing task "WriteLinesToFile".
   1:7>Done building target "CreateGeneratedAssemblyInfoInputsCacheFile" in project "InternalExamScrutinySystem.Api.csproj".
   1:7>Target "CoreGenerateAssemblyInfo" in file "C:\Program Files\dotnet\sdk\10.0.101\Sdks\Microsoft.NET.Sdk\targets\Microsoft.NET.GenerateAssemblyInfo.targets" from project "c:\krishna mini project\backend\InternalExamScrutinySystem.Api\InternalExamScrutinySystem.Api.csproj" (target "GenerateAssemblyInfo" depends on it):
       Skipping target "CoreGenerateAssemblyInfo" because all output files are up-to-date with respect to the input files.
       Input files: obj\Debug\net8.0\InternalExamScrutinySystem.Api.AssemblyInfoInputs.cache
       Output files: obj\Debug\net8.0\InternalExamScrutinySystem.Api.AssemblyInfo.cs
   1:7>Done building target "CoreGenerateAssemblyInfo" in project "InternalExamScrutinySystem.Api.csproj".
   1:7>Target "GenerateAssemblyInfo" in file "C:\Program Files\dotnet\sdk\10.0.101\Sdks\Microsoft.NET.Sdk\targets\Microsoft.NET.GenerateAssemblyInfo.targets" from project "c:\krishna mini project\backend\InternalExamScrutinySystem.Api\InternalExamScrutinySystem.Api.csproj" (target "BeforeCompile" depends on it):
   1:7>Done building target "GenerateAssemblyInfo" in project "InternalExamScrutinySystem.Api.csproj".
   1:7>Target "BeforeCompile" in file "C:\Program Files\dotnet\sdk\10.0.101\Microsoft.Common.CurrentVersion.targets" from project "c:\krishna mini project\backend\InternalExamScrutinySystem.Api\InternalExamScrutinySystem.Api.csproj" (target "Compile" depends on it):
   1:7>Done building target "BeforeCompile" in project "InternalExamScrutinySystem.Api.csproj".
       Target "ResolveAssemblyReferences" skipped. Previously built successfully.
       Target "_GenerateCompileInputs" skipped. Previously built successfully.
   1:7>Target "_GenerateCompileDependencyCache" in file "C:\Program Files\dotnet\sdk\10.0.101\Microsoft.Common.CurrentVersion.targets" from project "c:\krishna mini project\backend\InternalExamScrutinySystem.Api\InternalExamScrutinySystem.Api.csproj" (target "Compile" depends on it):
       Task "Hash"
       Done executing task "Hash".
       Task "WriteLinesToFile"
         Skipping write to file "obj\Debug\net8.0\InternalExamScrutinySystem.Api.csproj.CoreCompileInputs.cache" because content would not change.
       Done executing task "WriteLinesToFile".
   1:7>Done building target "_GenerateCompileDependencyCache" in project "InternalExamScrutinySystem.Api.csproj".
       Target "ResolveAssemblyReferences" skipped. Previously built successfully.
   1:7>Target "_DiscoverMvcApplicationParts" in file "C:\Program Files\dotnet\sdk\10.0.101\Sdks\Microsoft.NET.Sdk.Razor\targets\Microsoft.NET.Sdk.Razor.MvcApplicationPartsDiscovery.targets" from project "c:\krishna mini project\backend\InternalExamScrutinySystem.Api\InternalExamScrutinySystem.Api.csproj" (target "CoreCompile" depends on it):
       Skipping target "_DiscoverMvcApplicationParts" because all output files are up-to-date with respect to the input files.
       Input files: 
           c:\krishna mini project\backend\InternalExamScrutinySystem.Api\obj\project.assets.json
           c:\krishna mini project\backend\InternalExamScrutinySystem.Api\obj\InternalExamScrutinySystem.Api.csproj.nuget.g.props
           C:\Program Files\dotnet\sdk\10.0.101\Current\Microsoft.Common.targets\ImportAfter\Microsoft.TestPlatform.ImportAfter.targets
       Output files: obj\Debug\net8.0\InternalExamScrutinySystem.Api.MvcApplicationPartsAssemblyInfo.cache
   1:7>Done building target "_DiscoverMvcApplicationParts" in project "InternalExamScrutinySystem.Api.csproj".
       Target "ResolveRazorGenerateInputs" skipped. Previously built successfully.
   1:7>Target "_ResolveMvcAssemblyAttributes" in file "C:\Program Files\dotnet\sdk\10.0.101\Sdks\Microsoft.NET.Sdk.Razor\targets\Microsoft.NET.Sdk.Razor.Configuration.targets" from project "c:\krishna mini project\backend\InternalExamScrutinySystem.Api\InternalExamScrutinySystem.Api.csproj" (target "_GenerateRazorAssemblyInfo" depends on it):
   1:7>Done building target "_ResolveMvcAssemblyAttributes" in project "InternalExamScrutinySystem.Api.csproj".
       Target "PrepareForBuild" skipped. Previously built successfully.
   1:7>Target "_GenerateRazorAssemblyInfo" in file "C:\Program Files\dotnet\sdk\10.0.101\Sdks\Microsoft.NET.Sdk.Razor\targets\Microsoft.NET.Sdk.Razor.GenerateAssemblyInfo.targets" from project "c:\krishna mini project\backend\InternalExamScrutinySystem.Api\InternalExamScrutinySystem.Api.csproj" (target "CoreCompile" depends on it):
   1:7>Done building target "_GenerateRazorAssemblyInfo" in project "InternalExamScrutinySystem.Api.csproj".
   1:7>Target "_BeforeVBCSCoreCompile" in file "C:\Program Files\dotnet\sdk\10.0.101\Roslyn\Microsoft.Managed.Core.targets" from project "c:\krishna mini project\backend\InternalExamScrutinySystem.Api\InternalExamScrutinySystem.Api.csproj" (target "CoreCompile" depends on it):
   1:7>Done building target "_BeforeVBCSCoreCompile" in project "InternalExamScrutinySystem.Api.csproj".
   1:7>Target "_ComputeSkipAnalyzers" in file "C:\Program Files\dotnet\sdk\10.0.101\Roslyn\Microsoft.Managed.Core.targets" from project "c:\krishna mini project\backend\InternalExamScrutinySystem.Api\InternalExamScrutinySystem.Api.csproj" (target "CoreCompile" depends on it):
   1:7>Done building target "_ComputeSkipAnalyzers" in project "InternalExamScrutinySystem.Api.csproj".
       Target "BeforeCompile" skipped. Previously built successfully.
       Target "InitializeSourceControlInformationFromSourceControlManager" skipped. Previously built successfully.
   1:7>Target "SetEmbeddedFilesFromSourceControlManagerUntrackedFiles" in file "C:\Program Files\dotnet\sdk\10.0.101\Sdks\Microsoft.Build.Tasks.Git\build\Microsoft.Build.Tasks.Git.targets" from project "c:\krishna mini project\backend\InternalExamScrutinySystem.Api\InternalExamScrutinySystem.Api.csproj" (target "_SetEmbeddedFilesFromSourceControlManagerUntrackedFiles" depends on it):
       Using "Microsoft.Build.Tasks.Git.GetUntrackedFiles" task from assembly "C:\Program Files\dotnet\sdk\10.0.101\Sdks\Microsoft.Build.Tasks.Git\build\..\tools\net\Microsoft.Build.Tasks.Git.dll".
       Task "Microsoft.Build.Tasks.Git.GetUntrackedFiles"
         SourceLink: Reusing cached git repository information.
       Done executing task "Microsoft.Build.Tasks.Git.GetUntrackedFiles".
   1:7>Done building target "SetEmbeddedFilesFromSourceControlManagerUntrackedFiles" in project "InternalExamScrutinySystem.Api.csproj".
   1:7>Target "_SetEmbeddedFilesFromSourceControlManagerUntrackedFiles" in file "C:\Program Files\dotnet\sdk\10.0.101\Sdks\Microsoft.SourceLink.Common\build\Microsoft.SourceLink.Common.targets" from project "c:\krishna mini project\backend\InternalExamScrutinySystem.Api\InternalExamScrutinySystem.Api.csproj" (target "CoreCompile" depends on it):
   1:7>Done building target "_SetEmbeddedFilesFromSourceControlManagerUntrackedFiles" in project "InternalExamScrutinySystem.Api.csproj".
       Target "InitializeSourceControlInformation" skipped. Previously built successfully.
   1:7>Target "_SetSourceLinkFilePath" in file "C:\Program Files\dotnet\sdk\10.0.101\Sdks\Microsoft.SourceLink.Common\build\Microsoft.SourceLink.Common.targets" from project "c:\krishna mini project\backend\InternalExamScrutinySystem.Api\InternalExamScrutinySystem.Api.csproj" (target "_GenerateSourceLinkFile" depends on it):
   1:7>Done building target "_SetSourceLinkFilePath" in project "InternalExamScrutinySystem.Api.csproj".
       Target "InitializeSourceControlInformation" skipped. Previously built successfully.
   1:7>Target "_InitializeSourceRootMappedPathsFromSourceControl" in file "C:\Program Files\dotnet\sdk\10.0.101\Roslyn\Microsoft.Managed.Core.targets" from project "c:\krishna mini project\backend\InternalExamScrutinySystem.Api\InternalExamScrutinySystem.Api.csproj" (target "InitializeSourceRootMappedPaths" depends on it):
   1:7>Done building target "_InitializeSourceRootMappedPathsFromSourceControl" in project "InternalExamScrutinySystem.Api.csproj".
   1:7>Target "InitializeSourceRootMappedPaths" in file "C:\Program Files\dotnet\sdk\10.0.101\Roslyn\Microsoft.Managed.Core.targets" from project "c:\krishna mini project\backend\InternalExamScrutinySystem.Api\InternalExamScrutinySystem.Api.csproj" (target "_InitializeSourceRootMappedPathsOpt" depends on it):
       Using "Microsoft.CodeAnalysis.BuildTasks.MapSourceRoots" task from assembly "C:\Program Files\dotnet\sdk\10.0.101\Sdks\Microsoft.NET.Sdk\targets\..\..\..\Roslyn\Microsoft.Build.Tasks.CodeAnalysis.dll".
       Task "Microsoft.CodeAnalysis.BuildTasks.MapSourceRoots"
       Done executing task "Microsoft.CodeAnalysis.BuildTasks.MapSourceRoots".
   1:7>Done building target "InitializeSourceRootMappedPaths" in project "InternalExamScrutinySystem.Api.csproj".
   1:7>Target "_InitializeSourceRootMappedPathsOpt" in file "C:\Program Files\dotnet\sdk\10.0.101\Sdks\Microsoft.SourceLink.Common\build\Microsoft.SourceLink.Common.targets" from project "c:\krishna mini project\backend\InternalExamScrutinySystem.Api\InternalExamScrutinySystem.Api.csproj" (target "_GenerateSourceLinkFile" depends on it):
   1:7>Done building target "_InitializeSourceRootMappedPathsOpt" in project "InternalExamScrutinySystem.Api.csproj".
   1:7>Target "_InitializeGitHubSourceLinkUrl" in file "C:\Program Files\dotnet\sdk\10.0.101\Sdks\Microsoft.SourceLink.GitHub\build\Microsoft.SourceLink.GitHub.targets" from project "c:\krishna mini project\backend\InternalExamScrutinySystem.Api\InternalExamScrutinySystem.Api.csproj" (target "_GenerateSourceLinkFile" depends on it):
       Building target "_InitializeGitHubSourceLinkUrl" completely.
       No input files were specified.
       Using "Microsoft.SourceLink.GitHub.GetSourceLinkUrl" task from assembly "C:\Program Files\dotnet\sdk\10.0.101\Sdks\Microsoft.SourceLink.GitHub\build\..\tools\net\Microsoft.SourceLink.GitHub.dll".
       Task "Microsoft.SourceLink.GitHub.GetSourceLinkUrl"
       Done executing task "Microsoft.SourceLink.GitHub.GetSourceLinkUrl".
   1:7>Done building target "_InitializeGitHubSourceLinkUrl" in project "InternalExamScrutinySystem.Api.csproj".
   1:7>Target "_InitializeGitHubSourceLinkUrl" in file "C:\Program Files\dotnet\sdk\10.0.101\Sdks\Microsoft.SourceLink.GitHub\build\Microsoft.SourceLink.GitHub.targets" from project "c:\krishna mini project\backend\InternalExamScrutinySystem.Api\InternalExamScrutinySystem.Api.csproj" (target "_GenerateSourceLinkFile" depends on it):
       Building target "_InitializeGitHubSourceLinkUrl" completely.
       No input files were specified.
       Task "Microsoft.SourceLink.GitHub.GetSourceLinkUrl"
       Done executing task "Microsoft.SourceLink.GitHub.GetSourceLinkUrl".
   1:7>Done building target "_InitializeGitHubSourceLinkUrl" in project "InternalExamScrutinySystem.Api.csproj".
   1:7>Target "_InitializeGitLabSourceLinkUrl" in file "C:\Program Files\dotnet\sdk\10.0.101\Sdks\Microsoft.SourceLink.GitLab\build\Microsoft.SourceLink.GitLab.targets" from project "c:\krishna mini project\backend\InternalExamScrutinySystem.Api\InternalExamScrutinySystem.Api.csproj" (target "_GenerateSourceLinkFile" depends on it):
       Building target "_InitializeGitLabSourceLinkUrl" completely.
       No input files were specified.
       Using "Microsoft.SourceLink.GitLab.GetSourceLinkUrl" task from assembly "C:\Program Files\dotnet\sdk\10.0.101\Sdks\Microsoft.SourceLink.GitLab\build\..\tools\net\Microsoft.SourceLink.GitLab.dll".
       Task "Microsoft.SourceLink.GitLab.GetSourceLinkUrl"
       C:\Program Files\dotnet\sdk\10.0.101\Sdks\Microsoft.SourceLink.GitLab\build\Microsoft.SourceLink.GitLab.targets(37,7): message : Property reassignment: $(_SourceLinkUrlToUpdate)="N/A" (previous value: "https://raw.githubusercontent.com/Krishnamp1025/mini-project-krishna/a496d4e237e6bab534c84a346329a724ea5888af/*") at C:\Program Files\dotnet\sdk\10.0.101\Sdks\Microsoft.SourceLink.GitLab\build\Microsoft.SourceLink.GitLab.targets (37,7) [c:\krishna mini project\backend\InternalExamScrutinySystem.Api\InternalExamScrutinySystem.Api.csproj]
       Done executing task "Microsoft.SourceLink.GitLab.GetSourceLinkUrl".
   1:7>Done building target "_InitializeGitLabSourceLinkUrl" in project "InternalExamScrutinySystem.Api.csproj".
   1:7>Target "_InitializeGitLabSourceLinkUrl" in file "C:\Program Files\dotnet\sdk\10.0.101\Sdks\Microsoft.SourceLink.GitLab\build\Microsoft.SourceLink.GitLab.targets" from project "c:\krishna mini project\backend\InternalExamScrutinySystem.Api\InternalExamScrutinySystem.Api.csproj" (target "_GenerateSourceLinkFile" depends on it):
       Building target "_InitializeGitLabSourceLinkUrl" completely.
       No input files were specified.
       Task "Microsoft.SourceLink.GitLab.GetSourceLinkUrl"
       C:\Program Files\dotnet\sdk\10.0.101\Sdks\Microsoft.SourceLink.GitLab\build\Microsoft.SourceLink.GitLab.targets(37,7): message : Property reassignment: $(_SourceLinkUrlToUpdate)="N/A" (previous value: "https://raw.githubusercontent.com/Krishnamp1025/mini-project-krishna/a496d4e237e6bab534c84a346329a724ea5888af/*") at C:\Program Files\dotnet\sdk\10.0.101\Sdks\Microsoft.SourceLink.GitLab\build\Microsoft.SourceLink.GitLab.targets (37,7) [c:\krishna mini project\backend\InternalExamScrutinySystem.Api\InternalExamScrutinySystem.Api.csproj]
       Done executing task "Microsoft.SourceLink.GitLab.GetSourceLinkUrl".
   1:7>Done building target "_InitializeGitLabSourceLinkUrl" in project "InternalExamScrutinySystem.Api.csproj".
   1:7>Target "_InitializeAzureReposGitSourceLinkUrl" in file "C:\Program Files\dotnet\sdk\10.0.101\Sdks\Microsoft.SourceLink.AzureRepos.Git\build\Microsoft.SourceLink.AzureRepos.Git.targets" from project "c:\krishna mini project\backend\InternalExamScrutinySystem.Api\InternalExamScrutinySystem.Api.csproj" (target "_GenerateSourceLinkFile" depends on it):
       Building target "_InitializeAzureReposGitSourceLinkUrl" completely.
       No input files were specified.
       Using "Microsoft.SourceLink.AzureRepos.Git.GetSourceLinkUrl" task from assembly "C:\Program Files\dotnet\sdk\10.0.101\Sdks\Microsoft.SourceLink.AzureRepos.Git\build\..\tools\net\Microsoft.SourceLink.AzureRepos.Git.dll".
       Task "Microsoft.SourceLink.AzureRepos.Git.GetSourceLinkUrl"
       Done executing task "Microsoft.SourceLink.AzureRepos.Git.GetSourceLinkUrl".
   1:7>Done building target "_InitializeAzureReposGitSourceLinkUrl" in project "InternalExamScrutinySystem.Api.csproj".
   1:7>Target "_InitializeAzureReposGitSourceLinkUrl" in file "C:\Program Files\dotnet\sdk\10.0.101\Sdks\Microsoft.SourceLink.AzureRepos.Git\build\Microsoft.SourceLink.AzureRepos.Git.targets" from project "c:\krishna mini project\backend\InternalExamScrutinySystem.Api\InternalExamScrutinySystem.Api.csproj" (target "_GenerateSourceLinkFile" depends on it):
       Building target "_InitializeAzureReposGitSourceLinkUrl" completely.
       No input files were specified.
       Task "Microsoft.SourceLink.AzureRepos.Git.GetSourceLinkUrl"
       Done executing task "Microsoft.SourceLink.AzureRepos.Git.GetSourceLinkUrl".
   1:7>Done building target "_InitializeAzureReposGitSourceLinkUrl" in project "InternalExamScrutinySystem.Api.csproj".
   1:7>Target "_InitializeBitbucketGitSourceLinkUrl" in file "C:\Program Files\dotnet\sdk\10.0.101\Sdks\Microsoft.SourceLink.Bitbucket.Git\build\Microsoft.SourceLink.Bitbucket.Git.targets" from project "c:\krishna mini project\backend\InternalExamScrutinySystem.Api\InternalExamScrutinySystem.Api.csproj" (target "_GenerateSourceLinkFile" depends on it):
       Building target "_InitializeBitbucketGitSourceLinkUrl" completely.
       No input files were specified.
       Using "Microsoft.SourceLink.Bitbucket.Git.GetSourceLinkUrl" task from assembly "C:\Program Files\dotnet\sdk\10.0.101\Sdks\Microsoft.SourceLink.Bitbucket.Git\build\..\tools\net\Microsoft.SourceLink.Bitbucket.Git.dll".
       Task "Microsoft.SourceLink.Bitbucket.Git.GetSourceLinkUrl"
       Done executing task "Microsoft.SourceLink.Bitbucket.Git.GetSourceLinkUrl".
   1:7>Done building target "_InitializeBitbucketGitSourceLinkUrl" in project "InternalExamScrutinySystem.Api.csproj".
   1:7>Target "_InitializeBitbucketGitSourceLinkUrl" in file "C:\Program Files\dotnet\sdk\10.0.101\Sdks\Microsoft.SourceLink.Bitbucket.Git\build\Microsoft.SourceLink.Bitbucket.Git.targets" from project "c:\krishna mini project\backend\InternalExamScrutinySystem.Api\InternalExamScrutinySystem.Api.csproj" (target "_GenerateSourceLinkFile" depends on it):
       Building target "_InitializeBitbucketGitSourceLinkUrl" completely.
       No input files were specified.
       Task "Microsoft.SourceLink.Bitbucket.Git.GetSourceLinkUrl"
       Done executing task "Microsoft.SourceLink.Bitbucket.Git.GetSourceLinkUrl".
   1:7>Done building target "_InitializeBitbucketGitSourceLinkUrl" in project "InternalExamScrutinySystem.Api.csproj".
   1:7>Target "_GenerateSourceLinkFile" in file "C:\Program Files\dotnet\sdk\10.0.101\Sdks\Microsoft.SourceLink.Common\build\Microsoft.SourceLink.Common.targets" from project "c:\krishna mini project\backend\InternalExamScrutinySystem.Api\InternalExamScrutinySystem.Api.csproj" (target "GenerateSourceLinkFile" depends on it):
       Building target "_GenerateSourceLinkFile" completely.
       No input files were specified.
       Using "Microsoft.SourceLink.Common.GenerateSourceLinkFile" task from assembly "C:\Program Files\dotnet\sdk\10.0.101\Sdks\Microsoft.SourceLink.Common\build\..\tools\net\Microsoft.SourceLink.Common.dll".
       Task "Microsoft.SourceLink.Common.GenerateSourceLinkFile"
         Source Link file 'obj\Debug\net8.0\InternalExamScrutinySystem.Api.sourcelink.json' is up-to-date.
       Done executing task "Microsoft.SourceLink.Common.GenerateSourceLinkFile".
   1:7>Done building target "_GenerateSourceLinkFile" in project "InternalExamScrutinySystem.Api.csproj".
   1:7>Target "GenerateSourceLinkFile" in file "C:\Program Files\dotnet\sdk\10.0.101\Sdks\Microsoft.SourceLink.Common\build\Microsoft.SourceLink.Common.targets" from project "c:\krishna mini project\backend\InternalExamScrutinySystem.Api\InternalExamScrutinySystem.Api.csproj" (target "CoreCompile" depends on it):
   1:7>Done building target "GenerateSourceLinkFile" in project "InternalExamScrutinySystem.Api.csproj".
   1:7>Target "AddGlobalAnalyzerConfigForPackage_MicrosoftCodeAnalysisNetAnalyzers" in file "C:\Program Files\dotnet\sdk\10.0.101\Sdks\Microsoft.NET.Sdk\analyzers\build\Microsoft.CodeAnalysis.NetAnalyzers.targets" from project "c:\krishna mini project\backend\InternalExamScrutinySystem.Api\InternalExamScrutinySystem.Api.csproj" (target "CoreCompile" depends on it):
   1:7>Done building target "AddGlobalAnalyzerConfigForPackage_MicrosoftCodeAnalysisNetAnalyzers" in project "InternalExamScrutinySystem.Api.csproj".
   1:7>Target "CoreCompile" in file "C:\Program Files\dotnet\sdk\10.0.101\Roslyn\Microsoft.CSharp.Core.targets" from project "c:\krishna mini project\backend\InternalExamScrutinySystem.Api\InternalExamScrutinySystem.Api.csproj" (target "Compile" depends on it):
       Skipping target "CoreCompile" because all output files are up-to-date with respect to the input files.
       Input files: 
           Contracts\AssignFacultySubjectDto.cs
           Contracts\EcDtos.cs
           Contracts\ExamDtos.cs
           Contracts\FacultyDtos.cs
           Contracts\HodDtos.cs
           Contracts\LoginResponse.cs
           Contracts\ModuleCoordinatorDtos.cs
           Controllers\AuthController.cs
           Controllers\DashboardController.cs
           Controllers\EcController.cs
           Controllers\ExamController.cs
           Controllers\FacultyAssignmentsController.cs
           Controllers\FacultyController.cs
           Controllers\HodController.cs
           Controllers\ModuleCoordinatorController.cs
           Controllers\NotificationController.cs
           Data\AppDbContext.cs
           Data\Entities.cs
           Migrations\20260322181514_Migration_v1_Sync.cs
           Migrations\20260323165210_AddExamTables.cs
           Migrations\20260323165210_AddExamTables.Designer.cs
           Migrations\20260324184850_AddSemesterToFacultyMapping.cs
           Migrations\20260324184850_AddSemesterToFacultyMapping.Designer.cs
           Migrations\20260324193256_AddSemesterToQuestionPaper.cs
           Migrations\20260324193256_AddSemesterToQuestionPaper.Designer.cs
           Migrations\20260324201606_AddSemesterToExamSubject.cs
           Migrations\20260324201606_AddSemesterToExamSubject.Designer.cs
           Migrations\AppDbContextModelSnapshot.cs
           Program.cs
           Security\JwtTokenService.cs
           Services\AuthService.cs
           Services\DashboardService.cs
           Services\EmailService.cs
           Services\ExamCoordinatorService.cs
           Services\ExamService.cs
           Services\FacultyService.cs
           Services\HodService.cs
           Services\ModuleCoordinatorService.cs
           Services\NotificationService.cs
           obj\Debug\net8.0\InternalExamScrutinySystem.Api.GlobalUsings.g.cs
           obj\Debug\net8.0\.NETCoreApp,Version=v8.0.AssemblyAttributes.cs
           obj\Debug\net8.0\InternalExamScrutinySystem.Api.AssemblyInfo.cs
           obj\Debug\net8.0\InternalExamScrutinySystem.Api.MvcApplicationPartsAssemblyInfo.cs
           C:\Users\MUKHIL\.nuget\packages\automapper\13.0.0\lib\net6.0\AutoMapper.dll
           C:\Users\MUKHIL\.nuget\packages\azure.core\1.38.0\lib\net6.0\Azure.Core.dll
           C:\Users\MUKHIL\.nuget\packages\azure.identity\1.11.4\lib\netstandard2.0\Azure.Identity.dll
           C:\Users\MUKHIL\.nuget\packages\microsoft.aspnetcore.app.ref\8.0.22\ref\net8.0\Microsoft.AspNetCore.Antiforgery.dll
           C:\Users\MUKHIL\.nuget\packages\microsoft.aspnetcore.app.ref\8.0.22\ref\net8.0\Microsoft.AspNetCore.Authentication.Abstractions.dll
           C:\Users\MUKHIL\.nuget\packages\microsoft.aspnetcore.app.ref\8.0.22\ref\net8.0\Microsoft.AspNetCore.Authentication.BearerToken.dll
           C:\Users\MUKHIL\.nuget\packages\microsoft.aspnetcore.app.ref\8.0.22\ref\net8.0\Microsoft.AspNetCore.Authentication.Cookies.dll
           C:\Users\MUKHIL\.nuget\packages\microsoft.aspnetcore.app.ref\8.0.22\ref\net8.0\Microsoft.AspNetCore.Authentication.Core.dll
           C:\Users\MUKHIL\.nuget\packages\microsoft.aspnetcore.app.ref\8.0.22\ref\net8.0\Microsoft.AspNetCore.Authentication.dll
           C:\Users\MUKHIL\.nuget\packages\microsoft.aspnetcore.authentication.jwtbearer\8.0.25\lib\net8.0\Microsoft.AspNetCore.Authentication.JwtBearer.dll
           C:\Users\MUKHIL\.nuget\packages\microsoft.aspnetcore.app.ref\8.0.22\ref\net8.0\Microsoft.AspNetCore.Authentication.OAuth.dll
           C:\Users\MUKHIL\.nuget\packages\microsoft.aspnetcore.app.ref\8.0.22\ref\net8.0\Microsoft.AspNetCore.Authorization.dll
           C:\Users\MUKHIL\.nuget\packages\microsoft.aspnetcore.app.ref\8.0.22\ref\net8.0\Microsoft.AspNetCore.Authorization.Policy.dll
           C:\Users\MUKHIL\.nuget\packages\microsoft.aspnetcore.app.ref\8.0.22\ref\net8.0\Microsoft.AspNetCore.Components.Authorization.dll
           C:\Users\MUKHIL\.nuget\packages\microsoft.aspnetcore.app.ref\8.0.22\ref\net8.0\Microsoft.AspNetCore.Components.dll
           C:\Users\MUKHIL\.nuget\packages\microsoft.aspnetcore.app.ref\8.0.22\ref\net8.0\Microsoft.AspNetCore.Components.Endpoints.dll
           C:\Users\MUKHIL\.nuget\packages\microsoft.aspnetcore.app.ref\8.0.22\ref\net8.0\Microsoft.AspNetCore.Components.Forms.dll
           C:\Users\MUKHIL\.nuget\packages\microsoft.aspnetcore.app.ref\8.0.22\ref\net8.0\Microsoft.AspNetCore.Components.Server.dll
           C:\Users\MUKHIL\.nuget\packages\microsoft.aspnetcore.app.ref\8.0.22\ref\net8.0\Microsoft.AspNetCore.Components.Web.dll
           C:\Users\MUKHIL\.nuget\packages\microsoft.aspnetcore.app.ref\8.0.22\ref\net8.0\Microsoft.AspNetCore.Connections.Abstractions.dll
           C:\Users\MUKHIL\.nuget\packages\microsoft.aspnetcore.app.ref\8.0.22\ref\net8.0\Microsoft.AspNetCore.CookiePolicy.dll
           C:\Users\MUKHIL\.nuget\packages\microsoft.aspnetcore.app.ref\8.0.22\ref\net8.0\Microsoft.AspNetCore.Cors.dll
           C:\Users\MUKHIL\.nuget\packages\microsoft.aspnetcore.app.ref\8.0.22\ref\net8.0\Microsoft.AspNetCore.Cryptography.Internal.dll
           C:\Users\MUKHIL\.nuget\packages\microsoft.aspnetcore.app.ref\8.0.22\ref\net8.0\Microsoft.AspNetCore.Cryptography.KeyDerivation.dll
           C:\Users\MUKHIL\.nuget\packages\microsoft.aspnetcore.app.ref\8.0.22\ref\net8.0\Microsoft.AspNetCore.DataProtection.Abstractions.dll
           C:\Users\MUKHIL\.nuget\packages\microsoft.aspnetcore.app.ref\8.0.22\ref\net8.0\Microsoft.AspNetCore.DataProtection.dll
           C:\Users\MUKHIL\.nuget\packages\microsoft.aspnetcore.app.ref\8.0.22\ref\net8.0\Microsoft.AspNetCore.DataProtection.Extensions.dll
           C:\Users\MUKHIL\.nuget\packages\microsoft.aspnetcore.app.ref\8.0.22\ref\net8.0\Microsoft.AspNetCore.Diagnostics.Abstractions.dll
           C:\Users\MUKHIL\.nuget\packages\microsoft.aspnetcore.app.ref\8.0.22\ref\net8.0\Microsoft.AspNetCore.Diagnostics.dll
           C:\Users\MUKHIL\.nuget\packages\microsoft.aspnetcore.app.ref\8.0.22\ref\net8.0\Microsoft.AspNetCore.Diagnostics.HealthChecks.dll
           C:\Users\MUKHIL\.nuget\packages\microsoft.aspnetcore.app.ref\8.0.22\ref\net8.0\Microsoft.AspNetCore.dll
           C:\Users\MUKHIL\.nuget\packages\microsoft.aspnetcore.app.ref\8.0.22\ref\net8.0\Microsoft.AspNetCore.HostFiltering.dll
           C:\Users\MUKHIL\.nuget\packages\microsoft.aspnetcore.app.ref\8.0.22\ref\net8.0\Microsoft.AspNetCore.Hosting.Abstractions.dll
           C:\Users\MUKHIL\.nuget\packages\microsoft.aspnetcore.app.ref\8.0.22\ref\net8.0\Microsoft.AspNetCore.Hosting.dll
           C:\Users\MUKHIL\.nuget\packages\microsoft.aspnetcore.app.ref\8.0.22\ref\net8.0\Microsoft.AspNetCore.Hosting.Server.Abstractions.dll
           C:\Users\MUKHIL\.nuget\packages\microsoft.aspnetcore.app.ref\8.0.22\ref\net8.0\Microsoft.AspNetCore.Html.Abstractions.dll
           C:\Users\MUKHIL\.nuget\packages\microsoft.aspnetcore.app.ref\8.0.22\ref\net8.0\Microsoft.AspNetCore.Http.Abstractions.dll
           C:\Users\MUKHIL\.nuget\packages\microsoft.aspnetcore.app.ref\8.0.22\ref\net8.0\Microsoft.AspNetCore.Http.Connections.Common.dll
           C:\Users\MUKHIL\.nuget\packages\microsoft.aspnetcore.app.ref\8.0.22\ref\net8.0\Microsoft.AspNetCore.Http.Connections.dll
           C:\Users\MUKHIL\.nuget\packages\microsoft.aspnetcore.app.ref\8.0.22\ref\net8.0\Microsoft.AspNetCore.Http.dll
           C:\Users\MUKHIL\.nuget\packages\microsoft.aspnetcore.app.ref\8.0.22\ref\net8.0\Microsoft.AspNetCore.Http.Extensions.dll
           C:\Users\MUKHIL\.nuget\packages\microsoft.aspnetcore.app.ref\8.0.22\ref\net8.0\Microsoft.AspNetCore.Http.Features.dll
           C:\Users\MUKHIL\.nuget\packages\microsoft.aspnetcore.app.ref\8.0.22\ref\net8.0\Microsoft.AspNetCore.Http.Results.dll
           C:\Users\MUKHIL\.nuget\packages\microsoft.aspnetcore.app.ref\8.0.22\ref\net8.0\Microsoft.AspNetCore.HttpLogging.dll
           C:\Users\MUKHIL\.nuget\packages\microsoft.aspnetcore.app.ref\8.0.22\ref\net8.0\Microsoft.AspNetCore.HttpOverrides.dll
           C:\Users\MUKHIL\.nuget\packages\microsoft.aspnetcore.app.ref\8.0.22\ref\net8.0\Microsoft.AspNetCore.HttpsPolicy.dll
           C:\Users\MUKHIL\.nuget\packages\microsoft.aspnetcore.app.ref\8.0.22\ref\net8.0\Microsoft.AspNetCore.Identity.dll
           C:\Users\MUKHIL\.nuget\packages\microsoft.aspnetcore.app.ref\8.0.22\ref\net8.0\Microsoft.AspNetCore.Localization.dll
           C:\Users\MUKHIL\.nuget\packages\microsoft.aspnetcore.app.ref\8.0.22\ref\net8.0\Microsoft.AspNetCore.Localization.Routing.dll
           C:\Users\MUKHIL\.nuget\packages\microsoft.aspnetcore.app.ref\8.0.22\ref\net8.0\Microsoft.AspNetCore.Metadata.dll
           C:\Users\MUKHIL\.nuget\packages\microsoft.aspnetcore.app.ref\8.0.22\ref\net8.0\Microsoft.AspNetCore.Mvc.Abstractions.dll
           C:\Users\MUKHIL\.nuget\packages\microsoft.aspnetcore.app.ref\8.0.22\ref\net8.0\Microsoft.AspNetCore.Mvc.ApiExplorer.dll
           C:\Users\MUKHIL\.nuget\packages\microsoft.aspnetcore.app.ref\8.0.22\ref\net8.0\Microsoft.AspNetCore.Mvc.Core.dll
           C:\Users\MUKHIL\.nuget\packages\microsoft.aspnetcore.app.ref\8.0.22\ref\net8.0\Microsoft.AspNetCore.Mvc.Cors.dll
           C:\Users\MUKHIL\.nuget\packages\microsoft.aspnetcore.app.ref\8.0.22\ref\net8.0\Microsoft.AspNetCore.Mvc.DataAnnotations.dll
           C:\Users\MUKHIL\.nuget\packages\microsoft.aspnetcore.app.ref\8.0.22\ref\net8.0\Microsoft.AspNetCore.Mvc.dll
           C:\Users\MUKHIL\.nuget\packages\microsoft.aspnetcore.app.ref\8.0.22\ref\net8.0\Microsoft.AspNetCore.Mvc.Formatters.Json.dll
           C:\Users\MUKHIL\.nuget\packages\microsoft.aspnetcore.app.ref\8.0.22\ref\net8.0\Microsoft.AspNetCore.Mvc.Formatters.Xml.dll
           C:\Users\MUKHIL\.nuget\packages\microsoft.aspnetcore.app.ref\8.0.22\ref\net8.0\Microsoft.AspNetCore.Mvc.Localization.dll
           C:\Users\MUKHIL\.nuget\packages\microsoft.aspnetcore.app.ref\8.0.22\ref\net8.0\Microsoft.AspNetCore.Mvc.Razor.dll
           C:\Users\MUKHIL\.nuget\packages\microsoft.aspnetcore.app.ref\8.0.22\ref\net8.0\Microsoft.AspNetCore.Mvc.RazorPages.dll
           C:\Users\MUKHIL\.nuget\packages\microsoft.aspnetcore.app.ref\8.0.22\ref\net8.0\Microsoft.AspNetCore.Mvc.TagHelpers.dll
           C:\Users\MUKHIL\.nuget\packages\microsoft.aspnetcore.app.ref\8.0.22\ref\net8.0\Microsoft.AspNetCore.Mvc.ViewFeatures.dll
           C:\Users\MUKHIL\.nuget\packages\microsoft.aspnetcore.openapi\8.0.8\lib\net8.0\Microsoft.AspNetCore.OpenApi.dll
           C:\Users\MUKHIL\.nuget\packages\microsoft.aspnetcore.app.ref\8.0.22\ref\net8.0\Microsoft.AspNetCore.OutputCaching.dll
           C:\Users\MUKHIL\.nuget\packages\microsoft.aspnetcore.app.ref\8.0.22\ref\net8.0\Microsoft.AspNetCore.RateLimiting.dll
           C:\Users\MUKHIL\.nuget\packages\microsoft.aspnetcore.app.ref\8.0.22\ref\net8.0\Microsoft.AspNetCore.Razor.dll
           C:\Users\MUKHIL\.nuget\packages\microsoft.aspnetcore.app.ref\8.0.22\ref\net8.0\Microsoft.AspNetCore.Razor.Runtime.dll
           C:\Users\MUKHIL\.nuget\packages\microsoft.aspnetcore.app.ref\8.0.22\ref\net8.0\Microsoft.AspNetCore.RequestDecompression.dll
           C:\Users\MUKHIL\.nuget\packages\microsoft.aspnetcore.app.ref\8.0.22\ref\net8.0\Microsoft.AspNetCore.ResponseCaching.Abstractions.dll
           C:\Users\MUKHIL\.nuget\packages\microsoft.aspnetcore.app.ref\8.0.22\ref\net8.0\Microsoft.AspNetCore.ResponseCaching.dll
           C:\Users\MUKHIL\.nuget\packages\microsoft.aspnetcore.app.ref\8.0.22\ref\net8.0\Microsoft.AspNetCore.ResponseCompression.dll
           C:\Users\MUKHIL\.nuget\packages\microsoft.aspnetcore.app.ref\8.0.22\ref\net8.0\Microsoft.AspNetCore.Rewrite.dll
           C:\Users\MUKHIL\.nuget\packages\microsoft.aspnetcore.app.ref\8.0.22\ref\net8.0\Microsoft.AspNetCore.Routing.Abstractions.dll
           C:\Users\MUKHIL\.nuget\packages\microsoft.aspnetcore.app.ref\8.0.22\ref\net8.0\Microsoft.AspNetCore.Routing.dll
           C:\Users\MUKHIL\.nuget\packages\microsoft.aspnetcore.app.ref\8.0.22\ref\net8.0\Microsoft.AspNetCore.Server.HttpSys.dll
           C:\Users\MUKHIL\.nuget\packages\microsoft.aspnetcore.app.ref\8.0.22\ref\net8.0\Microsoft.AspNetCore.Server.IIS.dll
           C:\Users\MUKHIL\.nuget\packages\microsoft.aspnetcore.app.ref\8.0.22\ref\net8.0\Microsoft.AspNetCore.Server.IISIntegration.dll
           C:\Users\MUKHIL\.nuget\packages\microsoft.aspnetcore.app.ref\8.0.22\ref\net8.0\Microsoft.AspNetCore.Server.Kestrel.Core.dll
           C:\Users\MUKHIL\.nuget\packages\microsoft.aspnetcore.app.ref\8.0.22\ref\net8.0\Microsoft.AspNetCore.Server.Kestrel.dll
           C:\Users\MUKHIL\.nuget\packages\microsoft.aspnetcore.app.ref\8.0.22\ref\net8.0\Microsoft.AspNetCore.Server.Kestrel.Transport.NamedPipes.dll
           C:\Users\MUKHIL\.nuget\packages\microsoft.aspnetcore.app.ref\8.0.22\ref\net8.0\Microsoft.AspNetCore.Server.Kestrel.Transport.Quic.dll
           C:\Users\MUKHIL\.nuget\packages\microsoft.aspnetcore.app.ref\8.0.22\ref\net8.0\Microsoft.AspNetCore.Server.Kestrel.Transport.Sockets.dll
           C:\Users\MUKHIL\.nuget\packages\microsoft.aspnetcore.app.ref\8.0.22\ref\net8.0\Microsoft.AspNetCore.Session.dll
           C:\Users\MUKHIL\.nuget\packages\microsoft.aspnetcore.app.ref\8.0.22\ref\net8.0\Microsoft.AspNetCore.SignalR.Common.dll
           C:\Users\MUKHIL\.nuget\packages\microsoft.aspnetcore.app.ref\8.0.22\ref\net8.0\Microsoft.AspNetCore.SignalR.Core.dll
           C:\Users\MUKHIL\.nuget\packages\microsoft.aspnetcore.app.ref\8.0.22\ref\net8.0\Microsoft.AspNetCore.SignalR.dll
           C:\Users\MUKHIL\.nuget\packages\microsoft.aspnetcore.app.ref\8.0.22\ref\net8.0\Microsoft.AspNetCore.SignalR.Protocols.Json.dll
           C:\Users\MUKHIL\.nuget\packages\microsoft.aspnetcore.app.ref\8.0.22\ref\net8.0\Microsoft.AspNetCore.StaticFiles.dll
           C:\Users\MUKHIL\.nuget\packages\microsoft.aspnetcore.app.ref\8.0.22\ref\net8.0\Microsoft.AspNetCore.WebSockets.dll
           C:\Users\MUKHIL\.nuget\packages\microsoft.aspnetcore.app.ref\8.0.22\ref\net8.0\Microsoft.AspNetCore.WebUtilities.dll
           C:\Users\MUKHIL\.nuget\packages\microsoft.bcl.asyncinterfaces\6.0.0\lib\netstandard2.1\Microsoft.Bcl.AsyncInterfaces.dll
           C:\Users\MUKHIL\.nuget\packages\microsoft.netcore.app.ref\8.0.22\ref\net8.0\Microsoft.CSharp.dll
           C:\Users\MUKHIL\.nuget\packages\microsoft.data.sqlclient\5.1.7\ref\net6.0\Microsoft.Data.SqlClient.dll
           C:\Users\MUKHIL\.nuget\packages\microsoft.entityframeworkcore.abstractions\8.0.25\lib\net8.0\Microsoft.EntityFrameworkCore.Abstractions.dll
           C:\Users\MUKHIL\.nuget\packages\microsoft.entityframeworkcore\8.0.25\lib\net8.0\Microsoft.EntityFrameworkCore.dll
           C:\Users\MUKHIL\.nuget\packages\microsoft.entityframeworkcore.relational\8.0.25\lib\net8.0\Microsoft.EntityFrameworkCore.Relational.dll
           C:\Users\MUKHIL\.nuget\packages\microsoft.entityframeworkcore.sqlserver\8.0.25\lib\net8.0\Microsoft.EntityFrameworkCore.SqlServer.dll
           C:\Users\MUKHIL\.nuget\packages\microsoft.aspnetcore.app.ref\8.0.22\ref\net8.0\Microsoft.Extensions.Caching.Abstractions.dll
           C:\Users\MUKHIL\.nuget\packages\microsoft.aspnetcore.app.ref\8.0.22\ref\net8.0\Microsoft.Extensions.Caching.Memory.dll
           C:\Users\MUKHIL\.nuget\packages\microsoft.aspnetcore.app.ref\8.0.22\ref\net8.0\Microsoft.Extensions.Configuration.Abstractions.dll
           C:\Users\MUKHIL\.nuget\packages\microsoft.aspnetcore.app.ref\8.0.22\ref\net8.0\Microsoft.Extensions.Configuration.Binder.dll
           C:\Users\MUKHIL\.nuget\packages\microsoft.aspnetcore.app.ref\8.0.22\ref\net8.0\Microsoft.Extensions.Configuration.CommandLine.dll
           C:\Users\MUKHIL\.nuget\packages\microsoft.aspnetcore.app.ref\8.0.22\ref\net8.0\Microsoft.Extensions.Configuration.dll
           C:\Users\MUKHIL\.nuget\packages\microsoft.aspnetcore.app.ref\8.0.22\ref\net8.0\Microsoft.Extensions.Configuration.EnvironmentVariables.dll
           C:\Users\MUKHIL\.nuget\packages\microsoft.aspnetcore.app.ref\8.0.22\ref\net8.0\Microsoft.Extensions.Configuration.FileExtensions.dll
           C:\Users\MUKHIL\.nuget\packages\microsoft.aspnetcore.app.ref\8.0.22\ref\net8.0\Microsoft.Extensions.Configuration.Ini.dll
           C:\Users\MUKHIL\.nuget\packages\microsoft.aspnetcore.app.ref\8.0.22\ref\net8.0\Microsoft.Extensions.Configuration.Json.dll
           C:\Users\MUKHIL\.nuget\packages\microsoft.aspnetcore.app.ref\8.0.22\ref\net8.0\Microsoft.Extensions.Configuration.KeyPerFile.dll
           C:\Users\MUKHIL\.nuget\packages\microsoft.aspnetcore.app.ref\8.0.22\ref\net8.0\Microsoft.Extensions.Configuration.UserSecrets.dll
           C:\Users\MUKHIL\.nuget\packages\microsoft.aspnetcore.app.ref\8.0.22\ref\net8.0\Microsoft.Extensions.Configuration.Xml.dll
           C:\Users\MUKHIL\.nuget\packages\microsoft.aspnetcore.app.ref\8.0.22\ref\net8.0\Microsoft.Extensions.DependencyInjection.Abstractions.dll
           C:\Users\MUKHIL\.nuget\packages\microsoft.aspnetcore.app.ref\8.0.22\ref\net8.0\Microsoft.Extensions.DependencyInjection.dll
           C:\Users\MUKHIL\.nuget\packages\microsoft.aspnetcore.app.ref\8.0.22\ref\net8.0\Microsoft.Extensions.Diagnostics.Abstractions.dll
           C:\Users\MUKHIL\.nuget\packages\microsoft.aspnetcore.app.ref\8.0.22\ref\net8.0\Microsoft.Extensions.Diagnostics.dll
           C:\Users\MUKHIL\.nuget\packages\microsoft.aspnetcore.app.ref\8.0.22\ref\net8.0\Microsoft.Extensions.Diagnostics.HealthChecks.Abstractions.dll
           C:\Users\MUKHIL\.nuget\packages\microsoft.aspnetcore.app.ref\8.0.22\ref\net8.0\Microsoft.Extensions.Diagnostics.HealthChecks.dll
           C:\Users\MUKHIL\.nuget\packages\microsoft.aspnetcore.app.ref\8.0.22\ref\net8.0\Microsoft.Extensions.Features.dll
           C:\Users\MUKHIL\.nuget\packages\microsoft.aspnetcore.app.ref\8.0.22\ref\net8.0\Microsoft.Extensions.FileProviders.Abstractions.dll
           C:\Users\MUKHIL\.nuget\packages\microsoft.aspnetcore.app.ref\8.0.22\ref\net8.0\Microsoft.Extensions.FileProviders.Composite.dll
           C:\Users\MUKHIL\.nuget\packages\microsoft.aspnetcore.app.ref\8.0.22\ref\net8.0\Microsoft.Extensions.FileProviders.Embedded.dll
           C:\Users\MUKHIL\.nuget\packages\microsoft.aspnetcore.app.ref\8.0.22\ref\net8.0\Microsoft.Extensions.FileProviders.Physical.dll
           C:\Users\MUKHIL\.nuget\packages\microsoft.aspnetcore.app.ref\8.0.22\ref\net8.0\Microsoft.Extensions.FileSystemGlobbing.dll
           C:\Users\MUKHIL\.nuget\packages\microsoft.aspnetcore.app.ref\8.0.22\ref\net8.0\Microsoft.Extensions.Hosting.Abstractions.dll
           C:\Users\MUKHIL\.nuget\packages\microsoft.aspnetcore.app.ref\8.0.22\ref\net8.0\Microsoft.Extensions.Hosting.dll
           C:\Users\MUKHIL\.nuget\packages\microsoft.aspnetcore.app.ref\8.0.22\ref\net8.0\Microsoft.Extensions.Http.dll
           C:\Users\MUKHIL\.nuget\packages\microsoft.aspnetcore.app.ref\8.0.22\ref\net8.0\Microsoft.Extensions.Identity.Core.dll
           C:\Users\MUKHIL\.nuget\packages\microsoft.aspnetcore.app.ref\8.0.22\ref\net8.0\Microsoft.Extensions.Identity.Stores.dll
           C:\Users\MUKHIL\.nuget\packages\microsoft.aspnetcore.app.ref\8.0.22\ref\net8.0\Microsoft.Extensions.Localization.Abstractions.dll
           C:\Users\MUKHIL\.nuget\packages\microsoft.aspnetcore.app.ref\8.0.22\ref\net8.0\Microsoft.Extensions.Localization.dll
           C:\Users\MUKHIL\.nuget\packages\microsoft.aspnetcore.app.ref\8.0.22\ref\net8.0\Microsoft.Extensions.Logging.Abstractions.dll
           C:\Users\MUKHIL\.nuget\packages\microsoft.aspnetcore.app.ref\8.0.22\ref\net8.0\Microsoft.Extensions.Logging.Configuration.dll
           C:\Users\MUKHIL\.nuget\packages\microsoft.aspnetcore.app.ref\8.0.22\ref\net8.0\Microsoft.Extensions.Logging.Console.dll
           C:\Users\MUKHIL\.nuget\packages\microsoft.aspnetcore.app.ref\8.0.22\ref\net8.0\Microsoft.Extensions.Logging.Debug.dll
           C:\Users\MUKHIL\.nuget\packages\microsoft.aspnetcore.app.ref\8.0.22\ref\net8.0\Microsoft.Extensions.Logging.dll
           C:\Users\MUKHIL\.nuget\packages\microsoft.aspnetcore.app.ref\8.0.22\ref\net8.0\Microsoft.Extensions.Logging.EventLog.dll
           C:\Users\MUKHIL\.nuget\packages\microsoft.aspnetcore.app.ref\8.0.22\ref\net8.0\Microsoft.Extensions.Logging.EventSource.dll
           C:\Users\MUKHIL\.nuget\packages\microsoft.aspnetcore.app.ref\8.0.22\ref\net8.0\Microsoft.Extensions.Logging.TraceSource.dll
           C:\Users\MUKHIL\.nuget\packages\microsoft.aspnetcore.app.ref\8.0.22\ref\net8.0\Microsoft.Extensions.ObjectPool.dll
           C:\Users\MUKHIL\.nuget\packages\microsoft.aspnetcore.app.ref\8.0.22\ref\net8.0\Microsoft.Extensions.Options.ConfigurationExtensions.dll
           C:\Users\MUKHIL\.nuget\packages\microsoft.aspnetcore.app.ref\8.0.22\ref\net8.0\Microsoft.Extensions.Options.DataAnnotations.dll
           C:\Users\MUKHIL\.nuget\packages\microsoft.aspnetcore.app.ref\8.0.22\ref\net8.0\Microsoft.Extensions.Options.dll
           C:\Users\MUKHIL\.nuget\packages\microsoft.aspnetcore.app.ref\8.0.22\ref\net8.0\Microsoft.Extensions.Primitives.dll
           C:\Users\MUKHIL\.nuget\packages\microsoft.aspnetcore.app.ref\8.0.22\ref\net8.0\Microsoft.Extensions.WebEncoders.dll
           C:\Users\MUKHIL\.nuget\packages\microsoft.identity.client\4.61.3\lib\net6.0\Microsoft.Identity.Client.dll
           C:\Users\MUKHIL\.nuget\packages\microsoft.identity.client.extensions.msal\4.61.3\lib\net6.0\Microsoft.Identity.Client.Extensions.Msal.dll
           C:\Users\MUKHIL\.nuget\packages\microsoft.identitymodel.abstractions\7.1.2\lib\net8.0\Microsoft.IdentityModel.Abstractions.dll
           C:\Users\MUKHIL\.nuget\packages\microsoft.identitymodel.jsonwebtokens\7.1.2\lib\net8.0\Microsoft.IdentityModel.JsonWebTokens.dll
           C:\Users\MUKHIL\.nuget\packages\microsoft.identitymodel.logging\7.1.2\lib\net8.0\Microsoft.IdentityModel.Logging.dll
           C:\Users\MUKHIL\.nuget\packages\microsoft.identitymodel.protocols\7.1.2\lib\net8.0\Microsoft.IdentityModel.Protocols.dll
           C:\Users\MUKHIL\.nuget\packages\microsoft.identitymodel.protocols.openidconnect\7.1.2\lib\net8.0\Microsoft.IdentityModel.Protocols.OpenIdConnect.dll
           C:\Users\MUKHIL\.nuget\packages\microsoft.identitymodel.tokens\7.1.2\lib\net8.0\Microsoft.IdentityModel.Tokens.dll
           C:\Users\MUKHIL\.nuget\packages\microsoft.aspnetcore.app.ref\8.0.22\ref\net8.0\Microsoft.JSInterop.dll
           C:\Users\MUKHIL\.nuget\packages\microsoft.aspnetcore.app.ref\8.0.22\ref\net8.0\Microsoft.Net.Http.Headers.dll
           C:\Users\MUKHIL\.nuget\packages\microsoft.openapi\1.6.14\lib\netstandard2.0\Microsoft.OpenApi.dll
           C:\Users\MUKHIL\.nuget\packages\microsoft.sqlserver.server\1.0.0\lib\netstandard2.0\Microsoft.SqlServer.Server.dll
           C:\Users\MUKHIL\.nuget\packages\microsoft.netcore.app.ref\8.0.22\ref\net8.0\Microsoft.VisualBasic.Core.dll
           C:\Users\MUKHIL\.nuget\packages\microsoft.netcore.app.ref\8.0.22\ref\net8.0\Microsoft.VisualBasic.dll
           C:\Users\MUKHIL\.nuget\packages\microsoft.netcore.app.ref\8.0.22\ref\net8.0\Microsoft.Win32.Primitives.dll
           C:\Users\MUKHIL\.nuget\packages\microsoft.netcore.app.ref\8.0.22\ref\net8.0\Microsoft.Win32.Registry.dll
           C:\Users\MUKHIL\.nuget\packages\microsoft.netcore.app.ref\8.0.22\ref\net8.0\mscorlib.dll
           C:\Users\MUKHIL\.nuget\packages\microsoft.netcore.app.ref\8.0.22\ref\net8.0\netstandard.dll
           C:\Users\MUKHIL\.nuget\packages\swashbuckle.aspnetcore.swagger\6.6.2\lib\net8.0\Swashbuckle.AspNetCore.Swagger.dll
           C:\Users\MUKHIL\.nuget\packages\swashbuckle.aspnetcore.swaggergen\6.6.2\lib\net8.0\Swashbuckle.AspNetCore.SwaggerGen.dll
           C:\Users\MUKHIL\.nuget\packages\swashbuckle.aspnetcore.swaggerui\6.6.2\lib\net8.0\Swashbuckle.AspNetCore.SwaggerUI.dll
           C:\Users\MUKHIL\.nuget\packages\microsoft.netcore.app.ref\8.0.22\ref\net8.0\System.AppContext.dll
           C:\Users\MUKHIL\.nuget\packages\microsoft.netcore.app.ref\8.0.22\ref\net8.0\System.Buffers.dll
           C:\Users\MUKHIL\.nuget\packages\system.clientmodel\1.0.0\lib\net6.0\System.ClientModel.dll
           C:\Users\MUKHIL\.nuget\packages\microsoft.netcore.app.ref\8.0.22\ref\net8.0\System.Collections.Concurrent.dll
           C:\Users\MUKHIL\.nuget\packages\microsoft.netcore.app.ref\8.0.22\ref\net8.0\System.Collections.dll
           C:\Users\MUKHIL\.nuget\packages\microsoft.netcore.app.ref\8.0.22\ref\net8.0\System.Collections.Immutable.dll
           C:\Users\MUKHIL\.nuget\packages\microsoft.netcore.app.ref\8.0.22\ref\net8.0\System.Collections.NonGeneric.dll
           C:\Users\MUKHIL\.nuget\packages\microsoft.netcore.app.ref\8.0.22\ref\net8.0\System.Collections.Specialized.dll
           C:\Users\MUKHIL\.nuget\packages\microsoft.netcore.app.ref\8.0.22\ref\net8.0\System.ComponentModel.Annotations.dll
           C:\Users\MUKHIL\.nuget\packages\microsoft.netcore.app.ref\8.0.22\ref\net8.0\System.ComponentModel.DataAnnotations.dll
           C:\Users\MUKHIL\.nuget\packages\microsoft.netcore.app.ref\8.0.22\ref\net8.0\System.ComponentModel.dll
           C:\Users\MUKHIL\.nuget\packages\microsoft.netcore.app.ref\8.0.22\ref\net8.0\System.ComponentModel.EventBasedAsync.dll
           C:\Users\MUKHIL\.nuget\packages\microsoft.netcore.app.ref\8.0.22\ref\net8.0\System.ComponentModel.Primitives.dll
           C:\Users\MUKHIL\.nuget\packages\microsoft.netcore.app.ref\8.0.22\ref\net8.0\System.ComponentModel.TypeConverter.dll
           C:\Users\MUKHIL\.nuget\packages\microsoft.netcore.app.ref\8.0.22\ref\net8.0\System.Configuration.dll
           C:\Users\MUKHIL\.nuget\packages\microsoft.netcore.app.ref\8.0.22\ref\net8.0\System.Console.dll
           C:\Users\MUKHIL\.nuget\packages\microsoft.netcore.app.ref\8.0.22\ref\net8.0\System.Core.dll
           C:\Users\MUKHIL\.nuget\packages\microsoft.netcore.app.ref\8.0.22\ref\net8.0\System.Data.Common.dll
           C:\Users\MUKHIL\.nuget\packages\microsoft.netcore.app.ref\8.0.22\ref\net8.0\System.Data.DataSetExtensions.dll
           C:\Users\MUKHIL\.nuget\packages\microsoft.netcore.app.ref\8.0.22\ref\net8.0\System.Data.dll
           C:\Users\MUKHIL\.nuget\packages\microsoft.netcore.app.ref\8.0.22\ref\net8.0\System.Diagnostics.Contracts.dll
           C:\Users\MUKHIL\.nuget\packages\microsoft.netcore.app.ref\8.0.22\ref\net8.0\System.Diagnostics.Debug.dll
           C:\Users\MUKHIL\.nuget\packages\microsoft.netcore.app.ref\8.0.22\ref\net8.0\System.Diagnostics.DiagnosticSource.dll
           C:\Users\MUKHIL\.nuget\packages\microsoft.aspnetcore.app.ref\8.0.22\ref\net8.0\System.Diagnostics.EventLog.dll
           C:\Users\MUKHIL\.nuget\packages\microsoft.netcore.app.ref\8.0.22\ref\net8.0\System.Diagnostics.FileVersionInfo.dll
           C:\Users\MUKHIL\.nuget\packages\microsoft.netcore.app.ref\8.0.22\ref\net8.0\System.Diagnostics.Process.dll
           C:\Users\MUKHIL\.nuget\packages\microsoft.netcore.app.ref\8.0.22\ref\net8.0\System.Diagnostics.StackTrace.dll
           C:\Users\MUKHIL\.nuget\packages\microsoft.netcore.app.ref\8.0.22\ref\net8.0\System.Diagnostics.TextWriterTraceListener.dll
           C:\Users\MUKHIL\.nuget\packages\microsoft.netcore.app.ref\8.0.22\ref\net8.0\System.Diagnostics.Tools.dll
           C:\Users\MUKHIL\.nuget\packages\microsoft.netcore.app.ref\8.0.22\ref\net8.0\System.Diagnostics.TraceSource.dll
           C:\Users\MUKHIL\.nuget\packages\microsoft.netcore.app.ref\8.0.22\ref\net8.0\System.Diagnostics.Tracing.dll
           C:\Users\MUKHIL\.nuget\packages\microsoft.netcore.app.ref\8.0.22\ref\net8.0\System.dll
           C:\Users\MUKHIL\.nuget\packages\microsoft.netcore.app.ref\8.0.22\ref\net8.0\System.Drawing.dll
           C:\Users\MUKHIL\.nuget\packages\microsoft.netcore.app.ref\8.0.22\ref\net8.0\System.Drawing.Primitives.dll
           C:\Users\MUKHIL\.nuget\packages\microsoft.netcore.app.ref\8.0.22\ref\net8.0\System.Dynamic.Runtime.dll
           C:\Users\MUKHIL\.nuget\packages\microsoft.netcore.app.ref\8.0.22\ref\net8.0\System.Formats.Asn1.dll
           C:\Users\MUKHIL\.nuget\packages\microsoft.netcore.app.ref\8.0.22\ref\net8.0\System.Formats.Tar.dll
           C:\Users\MUKHIL\.nuget\packages\microsoft.netcore.app.ref\8.0.22\ref\net8.0\System.Globalization.Calendars.dll
           C:\Users\MUKHIL\.nuget\packages\microsoft.netcore.app.ref\8.0.22\ref\net8.0\System.Globalization.dll
           C:\Users\MUKHIL\.nuget\packages\microsoft.netcore.app.ref\8.0.22\ref\net8.0\System.Globalization.Extensions.dll
           C:\Users\MUKHIL\.nuget\packages\system.identitymodel.tokens.jwt\7.1.2\lib\net8.0\System.IdentityModel.Tokens.Jwt.dll
           C:\Users\MUKHIL\.nuget\packages\microsoft.netcore.app.ref\8.0.22\ref\net8.0\System.IO.Compression.Brotli.dll
           C:\Users\MUKHIL\.nuget\packages\microsoft.netcore.app.ref\8.0.22\ref\net8.0\System.IO.Compression.dll
           C:\Users\MUKHIL\.nuget\packages\microsoft.netcore.app.ref\8.0.22\ref\net8.0\System.IO.Compression.FileSystem.dll
           C:\Users\MUKHIL\.nuget\packages\microsoft.netcore.app.ref\8.0.22\ref\net8.0\System.IO.Compression.ZipFile.dll
           C:\Users\MUKHIL\.nuget\packages\microsoft.netcore.app.ref\8.0.22\ref\net8.0\System.IO.dll
           C:\Users\MUKHIL\.nuget\packages\microsoft.netcore.app.ref\8.0.22\ref\net8.0\System.IO.FileSystem.AccessControl.dll
           C:\Users\MUKHIL\.nuget\packages\microsoft.netcore.app.ref\8.0.22\ref\net8.0\System.IO.FileSystem.dll
           C:\Users\MUKHIL\.nuget\packages\microsoft.netcore.app.ref\8.0.22\ref\net8.0\System.IO.FileSystem.DriveInfo.dll
           C:\Users\MUKHIL\.nuget\packages\microsoft.netcore.app.ref\8.0.22\ref\net8.0\System.IO.FileSystem.Primitives.dll
           C:\Users\MUKHIL\.nuget\packages\microsoft.netcore.app.ref\8.0.22\ref\net8.0\System.IO.FileSystem.Watcher.dll
           C:\Users\MUKHIL\.nuget\packages\microsoft.netcore.app.ref\8.0.22\ref\net8.0\System.IO.IsolatedStorage.dll
           C:\Users\MUKHIL\.nuget\packages\microsoft.netcore.app.ref\8.0.22\ref\net8.0\System.IO.MemoryMappedFiles.dll
           C:\Users\MUKHIL\.nuget\packages\microsoft.aspnetcore.app.ref\8.0.22\ref\net8.0\System.IO.Pipelines.dll
           C:\Users\MUKHIL\.nuget\packages\microsoft.netcore.app.ref\8.0.22\ref\net8.0\System.IO.Pipes.AccessControl.dll
           C:\Users\MUKHIL\.nuget\packages\microsoft.netcore.app.ref\8.0.22\ref\net8.0\System.IO.Pipes.dll
           C:\Users\MUKHIL\.nuget\packages\microsoft.netcore.app.ref\8.0.22\ref\net8.0\System.IO.UnmanagedMemoryStream.dll
           C:\Users\MUKHIL\.nuget\packages\microsoft.netcore.app.ref\8.0.22\ref\net8.0\System.Linq.dll
           C:\Users\MUKHIL\.nuget\packages\microsoft.netcore.app.ref\8.0.22\ref\net8.0\System.Linq.Expressions.dll
           C:\Users\MUKHIL\.nuget\packages\microsoft.netcore.app.ref\8.0.22\ref\net8.0\System.Linq.Parallel.dll
           C:\Users\MUKHIL\.nuget\packages\microsoft.netcore.app.ref\8.0.22\ref\net8.0\System.Linq.Queryable.dll
           C:\Users\MUKHIL\.nuget\packages\system.memory.data\1.0.2\lib\netstandard2.0\System.Memory.Data.dll
           C:\Users\MUKHIL\.nuget\packages\microsoft.netcore.app.ref\8.0.22\ref\net8.0\System.Memory.dll
           C:\Users\MUKHIL\.nuget\packages\microsoft.netcore.app.ref\8.0.22\ref\net8.0\System.Net.dll
           C:\Users\MUKHIL\.nuget\packages\microsoft.netcore.app.ref\8.0.22\ref\net8.0\System.Net.Http.dll
           C:\Users\MUKHIL\.nuget\packages\microsoft.netcore.app.ref\8.0.22\ref\net8.0\System.Net.Http.Json.dll
           C:\Users\MUKHIL\.nuget\packages\microsoft.netcore.app.ref\8.0.22\ref\net8.0\System.Net.HttpListener.dll
           C:\Users\MUKHIL\.nuget\packages\microsoft.netcore.app.ref\8.0.22\ref\net8.0\System.Net.Mail.dll
           C:\Users\MUKHIL\.nuget\packages\microsoft.netcore.app.ref\8.0.22\ref\net8.0\System.Net.NameResolution.dll
           C:\Users\MUKHIL\.nuget\packages\microsoft.netcore.app.ref\8.0.22\ref\net8.0\System.Net.NetworkInformation.dll
           C:\Users\MUKHIL\.nuget\packages\microsoft.netcore.app.ref\8.0.22\ref\net8.0\System.Net.Ping.dll
           C:\Users\MUKHIL\.nuget\packages\microsoft.netcore.app.ref\8.0.22\ref\net8.0\System.Net.Primitives.dll
           C:\Users\MUKHIL\.nuget\packages\microsoft.netcore.app.ref\8.0.22\ref\net8.0\System.Net.Quic.dll
           C:\Users\MUKHIL\.nuget\packages\microsoft.netcore.app.ref\8.0.22\ref\net8.0\System.Net.Requests.dll
           C:\Users\MUKHIL\.nuget\packages\microsoft.netcore.app.ref\8.0.22\ref\net8.0\System.Net.Security.dll
           C:\Users\MUKHIL\.nuget\packages\microsoft.netcore.app.ref\8.0.22\ref\net8.0\System.Net.ServicePoint.dll
           C:\Users\MUKHIL\.nuget\packages\microsoft.netcore.app.ref\8.0.22\ref\net8.0\System.Net.Sockets.dll
           C:\Users\MUKHIL\.nuget\packages\microsoft.netcore.app.ref\8.0.22\ref\net8.0\System.Net.WebClient.dll
           C:\Users\MUKHIL\.nuget\packages\microsoft.netcore.app.ref\8.0.22\ref\net8.0\System.Net.WebHeaderCollection.dll
           C:\Users\MUKHIL\.nuget\packages\microsoft.netcore.app.ref\8.0.22\ref\net8.0\System.Net.WebProxy.dll
           C:\Users\MUKHIL\.nuget\packages\microsoft.netcore.app.ref\8.0.22\ref\net8.0\System.Net.WebSockets.Client.dll
           C:\Users\MUKHIL\.nuget\packages\microsoft.netcore.app.ref\8.0.22\ref\net8.0\System.Net.WebSockets.dll
           C:\Users\MUKHIL\.nuget\packages\microsoft.netcore.app.ref\8.0.22\ref\net8.0\System.Numerics.dll
           C:\Users\MUKHIL\.nuget\packages\microsoft.netcore.app.ref\8.0.22\ref\net8.0\System.Numerics.Vectors.dll
           C:\Users\MUKHIL\.nuget\packages\microsoft.netcore.app.ref\8.0.22\ref\net8.0\System.ObjectModel.dll
           C:\Users\MUKHIL\.nuget\packages\microsoft.netcore.app.ref\8.0.22\ref\net8.0\System.Reflection.DispatchProxy.dll
           C:\Users\MUKHIL\.nuget\packages\microsoft.netcore.app.ref\8.0.22\ref\net8.0\System.Reflection.dll
           C:\Users\MUKHIL\.nuget\packages\microsoft.netcore.app.ref\8.0.22\ref\net8.0\System.Reflection.Emit.dll
           C:\Users\MUKHIL\.nuget\packages\microsoft.netcore.app.ref\8.0.22\ref\net8.0\System.Reflection.Emit.ILGeneration.dll
           C:\Users\MUKHIL\.nuget\packages\microsoft.netcore.app.ref\8.0.22\ref\net8.0\System.Reflection.Emit.Lightweight.dll
           C:\Users\MUKHIL\.nuget\packages\microsoft.netcore.app.ref\8.0.22\ref\net8.0\System.Reflection.Extensions.dll
           C:\Users\MUKHIL\.nuget\packages\microsoft.netcore.app.ref\8.0.22\ref\net8.0\System.Reflection.Metadata.dll
           C:\Users\MUKHIL\.nuget\packages\microsoft.netcore.app.ref\8.0.22\ref\net8.0\System.Reflection.Primitives.dll
           C:\Users\MUKHIL\.nuget\packages\microsoft.netcore.app.ref\8.0.22\ref\net8.0\System.Reflection.TypeExtensions.dll
           C:\Users\MUKHIL\.nuget\packages\microsoft.netcore.app.ref\8.0.22\ref\net8.0\System.Resources.Reader.dll
           C:\Users\MUKHIL\.nuget\packages\microsoft.netcore.app.ref\8.0.22\ref\net8.0\System.Resources.ResourceManager.dll
           C:\Users\MUKHIL\.nuget\packages\microsoft.netcore.app.ref\8.0.22\ref\net8.0\System.Resources.Writer.dll
           C:\Users\MUKHIL\.nuget\packages\microsoft.netcore.app.ref\8.0.22\ref\net8.0\System.Runtime.CompilerServices.Unsafe.dll
           C:\Users\MUKHIL\.nuget\packages\microsoft.netcore.app.ref\8.0.22\ref\net8.0\System.Runtime.CompilerServices.VisualC.dll
           C:\Users\MUKHIL\.nuget\packages\microsoft.netcore.app.ref\8.0.22\ref\net8.0\System.Runtime.dll
           C:\Users\MUKHIL\.nuget\packages\microsoft.netcore.app.ref\8.0.22\ref\net8.0\System.Runtime.Extensions.dll
           C:\Users\MUKHIL\.nuget\packages\microsoft.netcore.app.ref\8.0.22\ref\net8.0\System.Runtime.Handles.dll
           C:\Users\MUKHIL\.nuget\packages\microsoft.netcore.app.ref\8.0.22\ref\net8.0\System.Runtime.InteropServices.dll
           C:\Users\MUKHIL\.nuget\packages\microsoft.netcore.app.ref\8.0.22\ref\net8.0\System.Runtime.InteropServices.JavaScript.dll
           C:\Users\MUKHIL\.nuget\packages\microsoft.netcore.app.ref\8.0.22\ref\net8.0\System.Runtime.InteropServices.RuntimeInformation.dll
           C:\Users\MUKHIL\.nuget\packages\microsoft.netcore.app.ref\8.0.22\ref\net8.0\System.Runtime.Intrinsics.dll
           C:\Users\MUKHIL\.nuget\packages\microsoft.netcore.app.ref\8.0.22\ref\net8.0\System.Runtime.Loader.dll
           C:\Users\MUKHIL\.nuget\packages\microsoft.netcore.app.ref\8.0.22\ref\net8.0\System.Runtime.Numerics.dll
           C:\Users\MUKHIL\.nuget\packages\microsoft.netcore.app.ref\8.0.22\ref\net8.0\System.Runtime.Serialization.dll
           C:\Users\MUKHIL\.nuget\packages\microsoft.netcore.app.ref\8.0.22\ref\net8.0\System.Runtime.Serialization.Formatters.dll
           C:\Users\MUKHIL\.nuget\packages\microsoft.netcore.app.ref\8.0.22\ref\net8.0\System.Runtime.Serialization.Json.dll
           C:\Users\MUKHIL\.nuget\packages\microsoft.netcore.app.ref\8.0.22\ref\net8.0\System.Runtime.Serialization.Primitives.dll
           C:\Users\MUKHIL\.nuget\packages\microsoft.netcore.app.ref\8.0.22\ref\net8.0\System.Runtime.Serialization.Xml.dll
           C:\Users\MUKHIL\.nuget\packages\microsoft.netcore.app.ref\8.0.22\ref\net8.0\System.Security.AccessControl.dll
           C:\Users\MUKHIL\.nuget\packages\microsoft.netcore.app.ref\8.0.22\ref\net8.0\System.Security.Claims.dll
           C:\Users\MUKHIL\.nuget\packages\microsoft.netcore.app.ref\8.0.22\ref\net8.0\System.Security.Cryptography.Algorithms.dll
           C:\Users\MUKHIL\.nuget\packages\microsoft.netcore.app.ref\8.0.22\ref\net8.0\System.Security.Cryptography.Cng.dll
           C:\Users\MUKHIL\.nuget\packages\microsoft.netcore.app.ref\8.0.22\ref\net8.0\System.Security.Cryptography.Csp.dll
           C:\Users\MUKHIL\.nuget\packages\microsoft.netcore.app.ref\8.0.22\ref\net8.0\System.Security.Cryptography.dll
           C:\Users\MUKHIL\.nuget\packages\microsoft.netcore.app.ref\8.0.22\ref\net8.0\System.Security.Cryptography.Encoding.dll
           C:\Users\MUKHIL\.nuget\packages\microsoft.netcore.app.ref\8.0.22\ref\net8.0\System.Security.Cryptography.OpenSsl.dll
           C:\Users\MUKHIL\.nuget\packages\system.security.cryptography.pkcs\8.0.1\lib\net8.0\System.Security.Cryptography.Pkcs.dll
           C:\Users\MUKHIL\.nuget\packages\microsoft.netcore.app.ref\8.0.22\ref\net8.0\System.Security.Cryptography.Primitives.dll
           C:\Users\MUKHIL\.nuget\packages\system.security.cryptography.protecteddata\6.0.0\lib\net6.0\System.Security.Cryptography.ProtectedData.dll
           C:\Users\MUKHIL\.nuget\packages\microsoft.netcore.app.ref\8.0.22\ref\net8.0\System.Security.Cryptography.X509Certificates.dll
           C:\Users\MUKHIL\.nuget\packages\microsoft.aspnetcore.app.ref\8.0.22\ref\net8.0\System.Security.Cryptography.Xml.dll
           C:\Users\MUKHIL\.nuget\packages\microsoft.netcore.app.ref\8.0.22\ref\net8.0\System.Security.dll
           C:\Users\MUKHIL\.nuget\packages\microsoft.netcore.app.ref\8.0.22\ref\net8.0\System.Security.Principal.dll
           C:\Users\MUKHIL\.nuget\packages\microsoft.netcore.app.ref\8.0.22\ref\net8.0\System.Security.Principal.Windows.dll
           C:\Users\MUKHIL\.nuget\packages\microsoft.netcore.app.ref\8.0.22\ref\net8.0\System.Security.SecureString.dll
           C:\Users\MUKHIL\.nuget\packages\microsoft.netcore.app.ref\8.0.22\ref\net8.0\System.ServiceModel.Web.dll
           C:\Users\MUKHIL\.nuget\packages\microsoft.netcore.app.ref\8.0.22\ref\net8.0\System.ServiceProcess.dll
           C:\Users\MUKHIL\.nuget\packages\microsoft.netcore.app.ref\8.0.22\ref\net8.0\System.Text.Encoding.CodePages.dll
           C:\Users\MUKHIL\.nuget\packages\microsoft.netcore.app.ref\8.0.22\ref\net8.0\System.Text.Encoding.dll
           C:\Users\MUKHIL\.nuget\packages\microsoft.netcore.app.ref\8.0.22\ref\net8.0\System.Text.Encoding.Extensions.dll
           C:\Users\MUKHIL\.nuget\packages\microsoft.netcore.app.ref\8.0.22\ref\net8.0\System.Text.Encodings.Web.dll
           C:\Users\MUKHIL\.nuget\packages\microsoft.netcore.app.ref\8.0.22\ref\net8.0\System.Text.Json.dll
           C:\Users\MUKHIL\.nuget\packages\microsoft.netcore.app.ref\8.0.22\ref\net8.0\System.Text.RegularExpressions.dll
           C:\Users\MUKHIL\.nuget\packages\microsoft.netcore.app.ref\8.0.22\ref\net8.0\System.Threading.Channels.dll
           C:\Users\MUKHIL\.nuget\packages\microsoft.netcore.app.ref\8.0.22\ref\net8.0\System.Threading.dll
           C:\Users\MUKHIL\.nuget\packages\microsoft.netcore.app.ref\8.0.22\ref\net8.0\System.Threading.Overlapped.dll
           C:\Users\MUKHIL\.nuget\packages\microsoft.aspnetcore.app.ref\8.0.22\ref\net8.0\System.Threading.RateLimiting.dll
           C:\Users\MUKHIL\.nuget\packages\microsoft.netcore.app.ref\8.0.22\ref\net8.0\System.Threading.Tasks.Dataflow.dll
           C:\Users\MUKHIL\.nuget\packages\microsoft.netcore.app.ref\8.0.22\ref\net8.0\System.Threading.Tasks.dll
           C:\Users\MUKHIL\.nuget\packages\microsoft.netcore.app.ref\8.0.22\ref\net8.0\System.Threading.Tasks.Extensions.dll
           C:\Users\MUKHIL\.nuget\packages\microsoft.netcore.app.ref\8.0.22\ref\net8.0\System.Threading.Tasks.Parallel.dll
           C:\Users\MUKHIL\.nuget\packages\microsoft.netcore.app.ref\8.0.22\ref\net8.0\System.Threading.Thread.dll
           C:\Users\MUKHIL\.nuget\packages\microsoft.netcore.app.ref\8.0.22\ref\net8.0\System.Threading.ThreadPool.dll
           C:\Users\MUKHIL\.nuget\packages\microsoft.netcore.app.ref\8.0.22\ref\net8.0\System.Threading.Timer.dll
           C:\Users\MUKHIL\.nuget\packages\microsoft.netcore.app.ref\8.0.22\ref\net8.0\System.Transactions.dll
           C:\Users\MUKHIL\.nuget\packages\microsoft.netcore.app.ref\8.0.22\ref\net8.0\System.Transactions.Local.dll
           C:\Users\MUKHIL\.nuget\packages\microsoft.netcore.app.ref\8.0.22\ref\net8.0\System.ValueTuple.dll
           C:\Users\MUKHIL\.nuget\packages\microsoft.netcore.app.ref\8.0.22\ref\net8.0\System.Web.dll
           C:\Users\MUKHIL\.nuget\packages\microsoft.netcore.app.ref\8.0.22\ref\net8.0\System.Web.HttpUtility.dll
           C:\Users\MUKHIL\.nuget\packages\microsoft.netcore.app.ref\8.0.22\ref\net8.0\System.Windows.dll
           C:\Users\MUKHIL\.nuget\packages\microsoft.netcore.app.ref\8.0.22\ref\net8.0\System.Xml.dll
           C:\Users\MUKHIL\.nuget\packages\microsoft.netcore.app.ref\8.0.22\ref\net8.0\System.Xml.Linq.dll
           C:\Users\MUKHIL\.nuget\packages\microsoft.netcore.app.ref\8.0.22\ref\net8.0\System.Xml.ReaderWriter.dll
           C:\Users\MUKHIL\.nuget\packages\microsoft.netcore.app.ref\8.0.22\ref\net8.0\System.Xml.Serialization.dll
           C:\Users\MUKHIL\.nuget\packages\microsoft.netcore.app.ref\8.0.22\ref\net8.0\System.Xml.XDocument.dll
           C:\Users\MUKHIL\.nuget\packages\microsoft.netcore.app.ref\8.0.22\ref\net8.0\System.Xml.XmlDocument.dll
           C:\Users\MUKHIL\.nuget\packages\microsoft.netcore.app.ref\8.0.22\ref\net8.0\System.Xml.XmlSerializer.dll
           C:\Users\MUKHIL\.nuget\packages\microsoft.netcore.app.ref\8.0.22\ref\net8.0\System.Xml.XPath.dll
           C:\Users\MUKHIL\.nuget\packages\microsoft.netcore.app.ref\8.0.22\ref\net8.0\System.Xml.XPath.XDocument.dll
           C:\Users\MUKHIL\.nuget\packages\microsoft.netcore.app.ref\8.0.22\ref\net8.0\WindowsBase.dll
           obj\Debug\net8.0\InternalExamScrutinySystem.Api.csproj.CoreCompileInputs.cache
           obj\Debug\net8.0\InternalExamScrutinySystem.Api.csproj.BuildWithSkipAnalyzers
           C:\Program Files\dotnet\sdk\10.0.101\Sdks\Microsoft.NET.Sdk.Web\analyzers\cs\Microsoft.AspNetCore.Analyzers.dll
           C:\Program Files\dotnet\sdk\10.0.101\Sdks\Microsoft.NET.Sdk.Web\analyzers\cs\Microsoft.AspNetCore.Mvc.Analyzers.dll
           C:\Program Files\dotnet\sdk\10.0.101\Sdks\Microsoft.NET.Sdk\targets\..\analyzers\Microsoft.CodeAnalysis.CSharp.NetAnalyzers.dll
           C:\Program Files\dotnet\sdk\10.0.101\Sdks\Microsoft.NET.Sdk\targets\..\analyzers\Microsoft.CodeAnalysis.NetAnalyzers.dll
           C:\Users\MUKHIL\.nuget\packages\microsoft.codeanalysis.analyzers\3.3.3\analyzers\dotnet\cs\Microsoft.CodeAnalysis.Analyzers.dll
           C:\Users\MUKHIL\.nuget\packages\microsoft.codeanalysis.analyzers\3.3.3\analyzers\dotnet\cs\Microsoft.CodeAnalysis.CSharp.Analyzers.dll
           C:\Users\MUKHIL\.nuget\packages\microsoft.entityframeworkcore.analyzers\8.0.25\analyzers\dotnet\cs\Microsoft.EntityFrameworkCore.Analyzers.dll
           C:\Users\MUKHIL\.nuget\packages\microsoft.netcore.app.ref\8.0.22\analyzers/dotnet/cs/Microsoft.Interop.ComInterfaceGenerator.dll
           C:\Users\MUKHIL\.nuget\packages\microsoft.netcore.app.ref\8.0.22\analyzers/dotnet/cs/Microsoft.Interop.JavaScript.JSImportGenerator.dll
           C:\Users\MUKHIL\.nuget\packages\microsoft.netcore.app.ref\8.0.22\analyzers/dotnet/cs/Microsoft.Interop.LibraryImportGenerator.dll
           C:\Users\MUKHIL\.nuget\packages\microsoft.netcore.app.ref\8.0.22\analyzers/dotnet/cs/Microsoft.Interop.SourceGeneration.dll
           C:\Users\MUKHIL\.nuget\packages\microsoft.netcore.app.ref\8.0.22\analyzers/dotnet/cs/System.Text.Json.SourceGeneration.dll
           C:\Users\MUKHIL\.nuget\packages\microsoft.netcore.app.ref\8.0.22\analyzers/dotnet/cs/System.Text.RegularExpressions.Generator.dll
           C:\Users\MUKHIL\.nuget\packages\microsoft.aspnetcore.app.ref\8.0.22\analyzers/dotnet/cs/Microsoft.AspNetCore.App.Analyzers.dll
           C:\Users\MUKHIL\.nuget\packages\microsoft.aspnetcore.app.ref\8.0.22\analyzers/dotnet/cs/Microsoft.AspNetCore.App.CodeFixes.dll
           C:\Users\MUKHIL\.nuget\packages\microsoft.aspnetcore.app.ref\8.0.22\analyzers/dotnet/cs/Microsoft.AspNetCore.Components.Analyzers.dll
           C:\Users\MUKHIL\.nuget\packages\microsoft.aspnetcore.app.ref\8.0.22\analyzers/dotnet/roslyn4.4/cs/Microsoft.Extensions.Logging.Generators.dll
           C:\Users\MUKHIL\.nuget\packages\microsoft.aspnetcore.app.ref\8.0.22\analyzers/dotnet/roslyn4.4/cs/Microsoft.Extensions.Options.SourceGeneration.dll
           C:\Program Files\dotnet\sdk\10.0.101\Sdks\Microsoft.NET.Sdk.Razor\targets\..\source-generators\Microsoft.AspNetCore.Razor.Utilities.Shared.dll
           C:\Program Files\dotnet\sdk\10.0.101\Sdks\Microsoft.NET.Sdk.Razor\targets\..\source-generators\Microsoft.CodeAnalysis.Razor.Compiler.dll
           C:\Program Files\dotnet\sdk\10.0.101\Sdks\Microsoft.NET.Sdk.Razor\targets\..\source-generators\Microsoft.Extensions.ObjectPool.dll
           obj\Debug\net8.0\InternalExamScrutinySystem.Api.GeneratedMSBuildEditorConfig.editorconfig
           C:\Program Files\dotnet\sdk\10.0.101\Sdks\Microsoft.NET.Sdk\analyzers\build\config\analysislevel_8_default.globalconfig
           c:\krishna mini project\backend\InternalExamScrutinySystem.Api\obj\InternalExamScrutinySystem.Api.csproj.nuget.g.props
           C:\Program Files\dotnet\sdk\10.0.101\Current\Microsoft.Common.targets\ImportAfter\Microsoft.TestPlatform.ImportAfter.targets
           obj\Debug\net8.0\InternalExamScrutinySystem.Api.sourcelink.json
       Output files: 
           obj\Debug\net8.0\InternalExamScrutinySystem.Api.dll
           obj\Debug\net8.0\refint\InternalExamScrutinySystem.Api.dll
           obj\Debug\net8.0\InternalExamScrutinySystem.Api.pdb
       C:\Program Files\dotnet\sdk\10.0.101\Roslyn\Microsoft.CSharp.Core.targets(66,7): message : Property reassignment: $(NoWarn)="1701;1702;1701;1702" (previous value: "1701;1702") at C:\Program Files\dotnet\sdk\10.0.101\Roslyn\Microsoft.CSharp.Core.targets (66,7) [c:\krishna mini project\backend\InternalExamScrutinySystem.Api\InternalExamScrutinySystem.Api.csproj]
   1:7>Done building target "CoreCompile" in project "InternalExamScrutinySystem.Api.csproj".
   1:7>Target "AfterCompile" in file "C:\Program Files\dotnet\sdk\10.0.101\Microsoft.Common.CurrentVersion.targets" from project "c:\krishna mini project\backend\InternalExamScrutinySystem.Api\InternalExamScrutinySystem.Api.csproj" (target "Compile" depends on it):
   1:7>Done building target "AfterCompile" in project "InternalExamScrutinySystem.Api.csproj".
       Target "_GetAppHostPaths" skipped. Previously built successfully.
       Target "_GetAppHostCreationConfiguration" skipped. Previously built successfully.
       Target "CoreCompile" skipped. Previously built successfully.
   1:7>Target "_CreateAppHost" in file "C:\Program Files\dotnet\sdk\10.0.101\Sdks\Microsoft.NET.Sdk\targets\Microsoft.NET.Sdk.targets" from project "c:\krishna mini project\backend\InternalExamScrutinySystem.Api\InternalExamScrutinySystem.Api.csproj" (target "Compile" depends on it):
       Skipping target "_CreateAppHost" because all output files are up-to-date with respect to the input files.
       Input files: 
           obj\Debug\net8.0\InternalExamScrutinySystem.Api.dll
           C:\Users\MUKHIL\.nuget\packages\microsoft.netcore.app.host.win-x64\8.0.22\runtimes\win-x64\native\apphost.exe
       Output files: c:\krishna mini project\backend\InternalExamScrutinySystem.Api\obj\Debug\net8.0\apphost.exe
   1:7>Done building target "_CreateAppHost" in project "InternalExamScrutinySystem.Api.csproj".
   1:7>Target "Compile" in file "C:\Program Files\dotnet\sdk\10.0.101\Microsoft.Common.CurrentVersion.targets" from project "c:\krishna mini project\backend\InternalExamScrutinySystem.Api\InternalExamScrutinySystem.Api.csproj" (target "CoreBuild" depends on it):
   1:7>Done building target "Compile" in project "InternalExamScrutinySystem.Api.csproj".
   1:7>Target "_GenerateSatelliteAssemblyInputs" in file "C:\Program Files\dotnet\sdk\10.0.101\Microsoft.Common.CurrentVersion.targets" from project "c:\krishna mini project\backend\InternalExamScrutinySystem.Api\InternalExamScrutinySystem.Api.csproj" (target "CreateSatelliteAssemblies" depends on it):
   1:7>Done building target "_GenerateSatelliteAssemblyInputs" in project "InternalExamScrutinySystem.Api.csproj".
   1:7>Target "CreateSatelliteAssemblies" in file "C:\Program Files\dotnet\sdk\10.0.101\Microsoft.Common.CurrentVersion.targets" from project "c:\krishna mini project\backend\InternalExamScrutinySystem.Api\InternalExamScrutinySystem.Api.csproj" (target "CoreBuild" depends on it):
   1:7>Done building target "CreateSatelliteAssemblies" in project "InternalExamScrutinySystem.Api.csproj".
   1:7>Target "GetTargetPathWithTargetPlatformMoniker" in file "C:\Program Files\dotnet\sdk\10.0.101\Microsoft.Common.CurrentVersion.targets" from project "c:\krishna mini project\backend\InternalExamScrutinySystem.Api\InternalExamScrutinySystem.Api.csproj" (target "GetTargetPath" depends on it):
   1:7>Done building target "GetTargetPathWithTargetPlatformMoniker" in project "InternalExamScrutinySystem.Api.csproj".
   1:7>Target "GetTargetPath" in file "C:\Program Files\dotnet\sdk\10.0.101\Microsoft.Common.CurrentVersion.targets" from project "c:\krishna mini project\backend\InternalExamScrutinySystem.Api\InternalExamScrutinySystem.Api.csproj" (target "CoreBuild" depends on it):
   1:7>Done building target "GetTargetPath" in project "InternalExamScrutinySystem.Api.csproj".
   1:7>Target "RazorCompile" in file "C:\Program Files\dotnet\sdk\10.0.101\Sdks\Microsoft.NET.Sdk.Razor\targets\Sdk.Razor.CurrentVersion.targets" from project "c:\krishna mini project\backend\InternalExamScrutinySystem.Api\InternalExamScrutinySystem.Api.csproj" (target "_RazorPrepareForRun" depends on it):
   1:7>Done building target "RazorCompile" in project "InternalExamScrutinySystem.Api.csproj".
   1:7>Target "_RazorPrepareForRun" in file "C:\Program Files\dotnet\sdk\10.0.101\Sdks\Microsoft.NET.Sdk.Razor\targets\Sdk.Razor.CurrentVersion.targets" from project "c:\krishna mini project\backend\InternalExamScrutinySystem.Api\InternalExamScrutinySystem.Api.csproj" (target "PrepareForRun" depends on it):
   1:7>Done building target "_RazorPrepareForRun" in project "InternalExamScrutinySystem.Api.csproj".
       Target "UpdateExistingPackageStaticWebAssets" skipped. Previously built successfully.
       Target "ResolveProjectStaticWebAssets" skipped. Previously built successfully.
   1:7>Target "ResolveEmbeddedProjectsStaticWebAssets" in file "C:\Program Files\dotnet\sdk\10.0.101\Sdks\Microsoft.NET.Sdk.StaticWebAssets\targets\Microsoft.NET.Sdk.StaticWebAssets.EmbeddedAssets.targets" from project "c:\krishna mini project\backend\InternalExamScrutinySystem.Api\InternalExamScrutinySystem.Api.csproj" (target "ResolveCoreStaticWebAssets" depends on it):
   1:7>Done building target "ResolveEmbeddedProjectsStaticWebAssets" in project "InternalExamScrutinySystem.Api.csproj".
       Target "ResolveStaticWebAssetsConfiguration" skipped. Previously built successfully.
       Target "PrepareProjectReferences" skipped. Previously built successfully.
   1:7>Target "ResolveReferencedProjectsStaticWebAssetsConfiguration" in file "C:\Program Files\dotnet\sdk\10.0.101\Sdks\Microsoft.NET.Sdk.StaticWebAssets\targets\Microsoft.NET.Sdk.StaticWebAssets.References.targets" from project "c:\krishna mini project\backend\InternalExamScrutinySystem.Api\InternalExamScrutinySystem.Api.csproj" (target "ResolveReferencedProjectsStaticWebAssets" depends on it):
       Using "MergeConfigurationProperties" task from assembly "C:\Program Files\dotnet\sdk\10.0.101\Sdks\Microsoft.NET.Sdk.StaticWebAssets\targets\..\tasks\net10.0\Microsoft.NET.Sdk.StaticWebAssets.Tasks.dll".
       Task "MergeConfigurationProperties"
       Done executing task "MergeConfigurationProperties".
   1:7>Done building target "ResolveReferencedProjectsStaticWebAssetsConfiguration" in project "InternalExamScrutinySystem.Api.csproj".
   1:7>Target "ResolveReferencedProjectsStaticWebAssets" in file "C:\Program Files\dotnet\sdk\10.0.101\Sdks\Microsoft.NET.Sdk.StaticWebAssets\targets\Microsoft.NET.Sdk.StaticWebAssets.References.targets" from project "c:\krishna mini project\backend\InternalExamScrutinySystem.Api\InternalExamScrutinySystem.Api.csproj" (target "ResolveCoreStaticWebAssets" depends on it):
   1:7>Done building target "ResolveReferencedProjectsStaticWebAssets" in project "InternalExamScrutinySystem.Api.csproj".
   1:7>Target "ResolveJsInitializerModuleStaticWebAssets" in file "C:\Program Files\dotnet\sdk\10.0.101\Sdks\Microsoft.NET.Sdk.StaticWebAssets\targets\Microsoft.NET.Sdk.StaticWebAssets.JSModules.targets" from project "c:\krishna mini project\backend\InternalExamScrutinySystem.Api\InternalExamScrutinySystem.Api.csproj" (target "ResolveCoreStaticWebAssets" depends on it):
       Task "DefineStaticWebAssets"
         Cache is fully up to date.
       Done executing task "DefineStaticWebAssets".
       Task "DefineStaticWebAssetEndpoints"
         Removing endpoints for asset 'c:\krishna mini project\backend\InternalExamScrutinySystem.Api\wwwroot\Uploads\QuestionPapers\17_1_PCCST302_Series 1_639104293168649804.pdf' because it no longer exists.
         Removing endpoints for asset 'c:\krishna mini project\backend\InternalExamScrutinySystem.Api\wwwroot\Uploads\QuestionPapers\17_1_PCCST302_Series 1_639104293168649804.pdf' because it no longer exists.
         Removing endpoints for asset 'c:\krishna mini project\backend\InternalExamScrutinySystem.Api\wwwroot\Uploads\QuestionPapers\17_1_PCCST302_Series 1_639104078366935320.pdf' because it no longer exists.
         Removing endpoints for asset 'c:\krishna mini project\backend\InternalExamScrutinySystem.Api\wwwroot\Uploads\QuestionPapers\17_1_PCCST302_Series 1_639104078366935320.pdf' because it no longer exists.
         Removing endpoints for asset 'c:\krishna mini project\backend\InternalExamScrutinySystem.Api\wwwroot\Uploads\QuestionPapers\10_2_UCEST105_Series 1_639104123320048341.pdf' because it no longer exists.
         Removing endpoints for asset 'c:\krishna mini project\backend\InternalExamScrutinySystem.Api\wwwroot\Uploads\QuestionPapers\10_2_UCEST105_Series 1_639104123320048341.pdf' because it no longer exists.
         Removing endpoints for asset 'c:\krishna mini project\backend\InternalExamScrutinySystem.Api\wwwroot\Uploads\QuestionPapers\17_1_PCCST302_Series 1_639104322600824607.pdf' because it no longer exists.
         Removing endpoints for asset 'c:\krishna mini project\backend\InternalExamScrutinySystem.Api\wwwroot\Uploads\QuestionPapers\17_1_PCCST302_Series 1_639104322600824607.pdf' because it no longer exists.
         Removing endpoints for asset 'c:\krishna mini project\backend\InternalExamScrutinySystem.Api\wwwroot\Uploads\QuestionPapers\17_1_PCCST302_Series 1_639104023765524990.pdf' because it no longer exists.
         Removing endpoints for asset 'c:\krishna mini project\backend\InternalExamScrutinySystem.Api\wwwroot\Uploads\QuestionPapers\17_1_PCCST302_Series 1_639104023765524990.pdf' because it no longer exists.
         Removing endpoints for asset 'c:\krishna mini project\backend\InternalExamScrutinySystem.Api\wwwroot\Uploads\QuestionPapers\17_1_PCCST302_Series 1_639103740504164414.pdf' because it no longer exists.
         Removing endpoints for asset 'c:\krishna mini project\backend\InternalExamScrutinySystem.Api\wwwroot\Uploads\QuestionPapers\17_1_PCCST302_Series 1_639103740504164414.pdf' because it no longer exists.
         Removing endpoints for asset 'c:\krishna mini project\backend\InternalExamScrutinySystem.Api\wwwroot\Uploads\QuestionPapers\17_1_PCCST302_Series 1_639104287669713693.pdf' because it no longer exists.
         Removing endpoints for asset 'c:\krishna mini project\backend\InternalExamScrutinySystem.Api\wwwroot\Uploads\QuestionPapers\17_1_PCCST302_Series 1_639104287669713693.pdf' because it no longer exists.
         Removing endpoints for asset 'c:\krishna mini project\backend\InternalExamScrutinySystem.Api\wwwroot\Uploads\QuestionPapers\10_2_UCEST105_Series 1_639104279340516048.pdf' because it no longer exists.
         Removing endpoints for asset 'c:\krishna mini project\backend\InternalExamScrutinySystem.Api\wwwroot\Uploads\QuestionPapers\10_2_UCEST105_Series 1_639104279340516048.pdf' because it no longer exists.
         Removing endpoints for asset 'c:\krishna mini project\backend\InternalExamScrutinySystem.Api\wwwroot\Uploads\QuestionPapers\17_1_PCCST302_Series 1_639104291661147989.pdf' because it no longer exists.
         Removing endpoints for asset 'c:\krishna mini project\backend\InternalExamScrutinySystem.Api\wwwroot\Uploads\QuestionPapers\17_1_PCCST302_Series 1_639104291661147989.pdf' because it no longer exists.
         Removing endpoints for asset 'c:\krishna mini project\backend\InternalExamScrutinySystem.Api\wwwroot\Uploads\QuestionPapers\17_1_PCCST302_Series 1_639104196116497569.pdf' because it no longer exists.
         Removing endpoints for asset 'c:\krishna mini project\backend\InternalExamScrutinySystem.Api\wwwroot\Uploads\QuestionPapers\17_1_PCCST302_Series 1_639104196116497569.pdf' because it no longer exists.
         Removing endpoints for asset 'c:\krishna mini project\backend\InternalExamScrutinySystem.Api\wwwroot\Uploads\QuestionPapers\18_2_PBCST 304_639099531071334486.pdf' because it no longer exists.
         Removing endpoints for asset 'c:\krishna mini project\backend\InternalExamScrutinySystem.Api\wwwroot\Uploads\QuestionPapers\18_2_PBCST 304_639099531071334486.pdf' because it no longer exists.
         Removing endpoints for asset 'c:\krishna mini project\backend\InternalExamScrutinySystem.Api\wwwroot\Uploads\QuestionPapers\17_1_PCCST302_Series 1_639104285950751364.pdf' because it no longer exists.
         Removing endpoints for asset 'c:\krishna mini project\backend\InternalExamScrutinySystem.Api\wwwroot\Uploads\QuestionPapers\17_1_PCCST302_Series 1_639104285950751364.pdf' because it no longer exists.
         Removing endpoints for asset 'c:\krishna mini project\backend\InternalExamScrutinySystem.Api\wwwroot\Uploads\QuestionPapers\17_1_PCCST303_639098918922192437.pdf' because it no longer exists.
         Removing endpoints for asset 'c:\krishna mini project\backend\InternalExamScrutinySystem.Api\wwwroot\Uploads\QuestionPapers\17_1_PCCST303_639098918922192437.pdf' because it no longer exists.
         Removing endpoints for asset 'c:\krishna mini project\backend\InternalExamScrutinySystem.Api\wwwroot\Uploads\QuestionPapers\17_1_PCCST303_Series 2_639103907867228022.pdf' because it no longer exists.
         Removing endpoints for asset 'c:\krishna mini project\backend\InternalExamScrutinySystem.Api\wwwroot\Uploads\QuestionPapers\17_1_PCCST303_Series 2_639103907867228022.pdf' because it no longer exists.
         Removing endpoints for asset 'c:\krishna mini project\backend\InternalExamScrutinySystem.Api\wwwroot\Uploads\QuestionPapers\17_1_PCCST303_Series 1_639103711579744496.pdf' because it no longer exists.
         Removing endpoints for asset 'c:\krishna mini project\backend\InternalExamScrutinySystem.Api\wwwroot\Uploads\QuestionPapers\17_1_PCCST303_Series 1_639103711579744496.pdf' because it no longer exists.
         Removing endpoints for asset 'c:\krishna mini project\backend\InternalExamScrutinySystem.Api\wwwroot\Uploads\QuestionPapers\17_1_PCCST302_Series 2_639104295546139500.pdf' because it no longer exists.
         Removing endpoints for asset 'c:\krishna mini project\backend\InternalExamScrutinySystem.Api\wwwroot\Uploads\QuestionPapers\17_1_PCCST302_Series 2_639104295546139500.pdf' because it no longer exists.
       Done executing task "DefineStaticWebAssetEndpoints".
   1:7>Done building target "ResolveJsInitializerModuleStaticWebAssets" in project "InternalExamScrutinySystem.Api.csproj".
       Target "ResolveProjectStaticWebAssets" skipped. Previously built successfully.
       Target "ResolveRazorComponentInputs" skipped. Previously built successfully.
       Target "ResolveRazorGenerateInputs" skipped. Previously built successfully.
   1:7>Target "ResolveJSModuleStaticWebAssets" in file "C:\Program Files\dotnet\sdk\10.0.101\Sdks\Microsoft.NET.Sdk.StaticWebAssets\targets\Microsoft.NET.Sdk.StaticWebAssets.JSModules.targets" from project "c:\krishna mini project\backend\InternalExamScrutinySystem.Api\InternalExamScrutinySystem.Api.csproj" (target "ResolveCoreStaticWebAssets" depends on it):
       Task "DefineStaticWebAssets"
         Rejected asset 'build.log' for pattern '**/*.razor.js'
       Done executing task "DefineStaticWebAssets".
       Task "DefineStaticWebAssets"
         Rejected asset 'build.log' for pattern '**/*.cshtml.js'
       Done executing task "DefineStaticWebAssets".
       Task "DefineStaticWebAssetEndpoints"
         Removing endpoints for asset 'c:\krishna mini project\backend\InternalExamScrutinySystem.Api\wwwroot\Uploads\QuestionPapers\17_1_PCCST302_Series 1_639104293168649804.pdf' because it no longer exists.
         Removing endpoints for asset 'c:\krishna mini project\backend\InternalExamScrutinySystem.Api\wwwroot\Uploads\QuestionPapers\17_1_PCCST302_Series 1_639104293168649804.pdf' because it no longer exists.
         Removing endpoints for asset 'c:\krishna mini project\backend\InternalExamScrutinySystem.Api\wwwroot\Uploads\QuestionPapers\17_1_PCCST302_Series 1_639104078366935320.pdf' because it no longer exists.
         Removing endpoints for asset 'c:\krishna mini project\backend\InternalExamScrutinySystem.Api\wwwroot\Uploads\QuestionPapers\17_1_PCCST302_Series 1_639104078366935320.pdf' because it no longer exists.
         Removing endpoints for asset 'c:\krishna mini project\backend\InternalExamScrutinySystem.Api\wwwroot\Uploads\QuestionPapers\10_2_UCEST105_Series 1_639104123320048341.pdf' because it no longer exists.
         Removing endpoints for asset 'c:\krishna mini project\backend\InternalExamScrutinySystem.Api\wwwroot\Uploads\QuestionPapers\10_2_UCEST105_Series 1_639104123320048341.pdf' because it no longer exists.
         Removing endpoints for asset 'c:\krishna mini project\backend\InternalExamScrutinySystem.Api\wwwroot\Uploads\QuestionPapers\17_1_PCCST302_Series 1_639104322600824607.pdf' because it no longer exists.
         Removing endpoints for asset 'c:\krishna mini project\backend\InternalExamScrutinySystem.Api\wwwroot\Uploads\QuestionPapers\17_1_PCCST302_Series 1_639104322600824607.pdf' because it no longer exists.
         Removing endpoints for asset 'c:\krishna mini project\backend\InternalExamScrutinySystem.Api\wwwroot\Uploads\QuestionPapers\17_1_PCCST302_Series 1_639104023765524990.pdf' because it no longer exists.
         Removing endpoints for asset 'c:\krishna mini project\backend\InternalExamScrutinySystem.Api\wwwroot\Uploads\QuestionPapers\17_1_PCCST302_Series 1_639104023765524990.pdf' because it no longer exists.
         Removing endpoints for asset 'c:\krishna mini project\backend\InternalExamScrutinySystem.Api\wwwroot\Uploads\QuestionPapers\17_1_PCCST302_Series 1_639103740504164414.pdf' because it no longer exists.
         Removing endpoints for asset 'c:\krishna mini project\backend\InternalExamScrutinySystem.Api\wwwroot\Uploads\QuestionPapers\17_1_PCCST302_Series 1_639103740504164414.pdf' because it no longer exists.
         Removing endpoints for asset 'c:\krishna mini project\backend\InternalExamScrutinySystem.Api\wwwroot\Uploads\QuestionPapers\17_1_PCCST302_Series 1_639104287669713693.pdf' because it no longer exists.
         Removing endpoints for asset 'c:\krishna mini project\backend\InternalExamScrutinySystem.Api\wwwroot\Uploads\QuestionPapers\17_1_PCCST302_Series 1_639104287669713693.pdf' because it no longer exists.
         Removing endpoints for asset 'c:\krishna mini project\backend\InternalExamScrutinySystem.Api\wwwroot\Uploads\QuestionPapers\10_2_UCEST105_Series 1_639104279340516048.pdf' because it no longer exists.
         Removing endpoints for asset 'c:\krishna mini project\backend\InternalExamScrutinySystem.Api\wwwroot\Uploads\QuestionPapers\10_2_UCEST105_Series 1_639104279340516048.pdf' because it no longer exists.
         Removing endpoints for asset 'c:\krishna mini project\backend\InternalExamScrutinySystem.Api\wwwroot\Uploads\QuestionPapers\17_1_PCCST302_Series 1_639104291661147989.pdf' because it no longer exists.
         Removing endpoints for asset 'c:\krishna mini project\backend\InternalExamScrutinySystem.Api\wwwroot\Uploads\QuestionPapers\17_1_PCCST302_Series 1_639104291661147989.pdf' because it no longer exists.
         Removing endpoints for asset 'c:\krishna mini project\backend\InternalExamScrutinySystem.Api\wwwroot\Uploads\QuestionPapers\17_1_PCCST302_Series 1_639104196116497569.pdf' because it no longer exists.
         Removing endpoints for asset 'c:\krishna mini project\backend\InternalExamScrutinySystem.Api\wwwroot\Uploads\QuestionPapers\17_1_PCCST302_Series 1_639104196116497569.pdf' because it no longer exists.
         Removing endpoints for asset 'c:\krishna mini project\backend\InternalExamScrutinySystem.Api\wwwroot\Uploads\QuestionPapers\18_2_PBCST 304_639099531071334486.pdf' because it no longer exists.
         Removing endpoints for asset 'c:\krishna mini project\backend\InternalExamScrutinySystem.Api\wwwroot\Uploads\QuestionPapers\18_2_PBCST 304_639099531071334486.pdf' because it no longer exists.
         Removing endpoints for asset 'c:\krishna mini project\backend\InternalExamScrutinySystem.Api\wwwroot\Uploads\QuestionPapers\17_1_PCCST302_Series 1_639104285950751364.pdf' because it no longer exists.
         Removing endpoints for asset 'c:\krishna mini project\backend\InternalExamScrutinySystem.Api\wwwroot\Uploads\QuestionPapers\17_1_PCCST302_Series 1_639104285950751364.pdf' because it no longer exists.
         Removing endpoints for asset 'c:\krishna mini project\backend\InternalExamScrutinySystem.Api\wwwroot\Uploads\QuestionPapers\17_1_PCCST303_639098918922192437.pdf' because it no longer exists.
         Removing endpoints for asset 'c:\krishna mini project\backend\InternalExamScrutinySystem.Api\wwwroot\Uploads\QuestionPapers\17_1_PCCST303_639098918922192437.pdf' because it no longer exists.
         Removing endpoints for asset 'c:\krishna mini project\backend\InternalExamScrutinySystem.Api\wwwroot\Uploads\QuestionPapers\17_1_PCCST303_Series 2_639103907867228022.pdf' because it no longer exists.
         Removing endpoints for asset 'c:\krishna mini project\backend\InternalExamScrutinySystem.Api\wwwroot\Uploads\QuestionPapers\17_1_PCCST303_Series 2_639103907867228022.pdf' because it no longer exists.
         Removing endpoints for asset 'c:\krishna mini project\backend\InternalExamScrutinySystem.Api\wwwroot\Uploads\QuestionPapers\17_1_PCCST303_Series 1_639103711579744496.pdf' because it no longer exists.
         Removing endpoints for asset 'c:\krishna mini project\backend\InternalExamScrutinySystem.Api\wwwroot\Uploads\QuestionPapers\17_1_PCCST303_Series 1_639103711579744496.pdf' because it no longer exists.
         Removing endpoints for asset 'c:\krishna mini project\backend\InternalExamScrutinySystem.Api\wwwroot\Uploads\QuestionPapers\17_1_PCCST302_Series 2_639104295546139500.pdf' because it no longer exists.
         Removing endpoints for asset 'c:\krishna mini project\backend\InternalExamScrutinySystem.Api\wwwroot\Uploads\QuestionPapers\17_1_PCCST302_Series 2_639104295546139500.pdf' because it no longer exists.
       Done executing task "DefineStaticWebAssetEndpoints".
       Task "DefineStaticWebAssetEndpoints"
         Removing endpoints for asset 'c:\krishna mini project\backend\InternalExamScrutinySystem.Api\wwwroot\Uploads\QuestionPapers\17_1_PCCST302_Series 1_639104293168649804.pdf' because it no longer exists.
         Removing endpoints for asset 'c:\krishna mini project\backend\InternalExamScrutinySystem.Api\wwwroot\Uploads\QuestionPapers\17_1_PCCST302_Series 1_639104293168649804.pdf' because it no longer exists.
         Removing endpoints for asset 'c:\krishna mini project\backend\InternalExamScrutinySystem.Api\wwwroot\Uploads\QuestionPapers\17_1_PCCST302_Series 1_639104078366935320.pdf' because it no longer exists.
         Removing endpoints for asset 'c:\krishna mini project\backend\InternalExamScrutinySystem.Api\wwwroot\Uploads\QuestionPapers\17_1_PCCST302_Series 1_639104078366935320.pdf' because it no longer exists.
         Removing endpoints for asset 'c:\krishna mini project\backend\InternalExamScrutinySystem.Api\wwwroot\Uploads\QuestionPapers\10_2_UCEST105_Series 1_639104123320048341.pdf' because it no longer exists.
         Removing endpoints for asset 'c:\krishna mini project\backend\InternalExamScrutinySystem.Api\wwwroot\Uploads\QuestionPapers\10_2_UCEST105_Series 1_639104123320048341.pdf' because it no longer exists.
         Removing endpoints for asset 'c:\krishna mini project\backend\InternalExamScrutinySystem.Api\wwwroot\Uploads\QuestionPapers\17_1_PCCST302_Series 1_639104322600824607.pdf' because it no longer exists.
         Removing endpoints for asset 'c:\krishna mini project\backend\InternalExamScrutinySystem.Api\wwwroot\Uploads\QuestionPapers\17_1_PCCST302_Series 1_639104322600824607.pdf' because it no longer exists.
         Removing endpoints for asset 'c:\krishna mini project\backend\InternalExamScrutinySystem.Api\wwwroot\Uploads\QuestionPapers\17_1_PCCST302_Series 1_639104023765524990.pdf' because it no longer exists.
         Removing endpoints for asset 'c:\krishna mini project\backend\InternalExamScrutinySystem.Api\wwwroot\Uploads\QuestionPapers\17_1_PCCST302_Series 1_639104023765524990.pdf' because it no longer exists.
         Removing endpoints for asset 'c:\krishna mini project\backend\InternalExamScrutinySystem.Api\wwwroot\Uploads\QuestionPapers\17_1_PCCST302_Series 1_639103740504164414.pdf' because it no longer exists.
         Removing endpoints for asset 'c:\krishna mini project\backend\InternalExamScrutinySystem.Api\wwwroot\Uploads\QuestionPapers\17_1_PCCST302_Series 1_639103740504164414.pdf' because it no longer exists.
         Removing endpoints for asset 'c:\krishna mini project\backend\InternalExamScrutinySystem.Api\wwwroot\Uploads\QuestionPapers\17_1_PCCST302_Series 1_639104287669713693.pdf' because it no longer exists.
         Removing endpoints for asset 'c:\krishna mini project\backend\InternalExamScrutinySystem.Api\wwwroot\Uploads\QuestionPapers\17_1_PCCST302_Series 1_639104287669713693.pdf' because it no longer exists.
         Removing endpoints for asset 'c:\krishna mini project\backend\InternalExamScrutinySystem.Api\wwwroot\Uploads\QuestionPapers\10_2_UCEST105_Series 1_639104279340516048.pdf' because it no longer exists.
         Removing endpoints for asset 'c:\krishna mini project\backend\InternalExamScrutinySystem.Api\wwwroot\Uploads\QuestionPapers\10_2_UCEST105_Series 1_639104279340516048.pdf' because it no longer exists.
         Removing endpoints for asset 'c:\krishna mini project\backend\InternalExamScrutinySystem.Api\wwwroot\Uploads\QuestionPapers\17_1_PCCST302_Series 1_639104291661147989.pdf' because it no longer exists.
         Removing endpoints for asset 'c:\krishna mini project\backend\InternalExamScrutinySystem.Api\wwwroot\Uploads\QuestionPapers\17_1_PCCST302_Series 1_639104291661147989.pdf' because it no longer exists.
         Removing endpoints for asset 'c:\krishna mini project\backend\InternalExamScrutinySystem.Api\wwwroot\Uploads\QuestionPapers\17_1_PCCST302_Series 1_639104196116497569.pdf' because it no longer exists.
         Removing endpoints for asset 'c:\krishna mini project\backend\InternalExamScrutinySystem.Api\wwwroot\Uploads\QuestionPapers\17_1_PCCST302_Series 1_639104196116497569.pdf' because it no longer exists.
         Removing endpoints for asset 'c:\krishna mini project\backend\InternalExamScrutinySystem.Api\wwwroot\Uploads\QuestionPapers\18_2_PBCST 304_639099531071334486.pdf' because it no longer exists.
         Removing endpoints for asset 'c:\krishna mini project\backend\InternalExamScrutinySystem.Api\wwwroot\Uploads\QuestionPapers\18_2_PBCST 304_639099531071334486.pdf' because it no longer exists.
         Removing endpoints for asset 'c:\krishna mini project\backend\InternalExamScrutinySystem.Api\wwwroot\Uploads\QuestionPapers\17_1_PCCST302_Series 1_639104285950751364.pdf' because it no longer exists.
         Removing endpoints for asset 'c:\krishna mini project\backend\InternalExamScrutinySystem.Api\wwwroot\Uploads\QuestionPapers\17_1_PCCST302_Series 1_639104285950751364.pdf' because it no longer exists.
         Removing endpoints for asset 'c:\krishna mini project\backend\InternalExamScrutinySystem.Api\wwwroot\Uploads\QuestionPapers\17_1_PCCST303_639098918922192437.pdf' because it no longer exists.
         Removing endpoints for asset 'c:\krishna mini project\backend\InternalExamScrutinySystem.Api\wwwroot\Uploads\QuestionPapers\17_1_PCCST303_639098918922192437.pdf' because it no longer exists.
         Removing endpoints for asset 'c:\krishna mini project\backend\InternalExamScrutinySystem.Api\wwwroot\Uploads\QuestionPapers\17_1_PCCST303_Series 2_639103907867228022.pdf' because it no longer exists.
         Removing endpoints for asset 'c:\krishna mini project\backend\InternalExamScrutinySystem.Api\wwwroot\Uploads\QuestionPapers\17_1_PCCST303_Series 2_639103907867228022.pdf' because it no longer exists.
         Removing endpoints for asset 'c:\krishna mini project\backend\InternalExamScrutinySystem.Api\wwwroot\Uploads\QuestionPapers\17_1_PCCST303_Series 1_639103711579744496.pdf' because it no longer exists.
         Removing endpoints for asset 'c:\krishna mini project\backend\InternalExamScrutinySystem.Api\wwwroot\Uploads\QuestionPapers\17_1_PCCST303_Series 1_639103711579744496.pdf' because it no longer exists.
         Removing endpoints for asset 'c:\krishna mini project\backend\InternalExamScrutinySystem.Api\wwwroot\Uploads\QuestionPapers\17_1_PCCST302_Series 2_639104295546139500.pdf' because it no longer exists.
         Removing endpoints for asset 'c:\krishna mini project\backend\InternalExamScrutinySystem.Api\wwwroot\Uploads\QuestionPapers\17_1_PCCST302_Series 2_639104295546139500.pdf' because it no longer exists.
       Done executing task "DefineStaticWebAssetEndpoints".
       Using "ApplyJsModules" task from assembly "C:\Program Files\dotnet\sdk\10.0.101\Sdks\Microsoft.NET.Sdk.StaticWebAssets\targets\..\tasks\net10.0\Microsoft.NET.Sdk.StaticWebAssets.Tasks.dll".
       Task "ApplyJsModules"
       Done executing task "ApplyJsModules".
   1:7>Done building target "ResolveJSModuleStaticWebAssets" in project "InternalExamScrutinySystem.Api.csproj".
   1:7>Target "ResolveCoreStaticWebAssets" in file "C:\Program Files\dotnet\sdk\10.0.101\Sdks\Microsoft.NET.Sdk.StaticWebAssets\targets\Microsoft.NET.Sdk.StaticWebAssets.targets" from project "c:\krishna mini project\backend\InternalExamScrutinySystem.Api\InternalExamScrutinySystem.Api.csproj" (target "ResolveBuildStaticWebAssets" depends on it):
   1:7>Done building target "ResolveCoreStaticWebAssets" in project "InternalExamScrutinySystem.Api.csproj".
       Target "ResolveCoreStaticWebAssets" skipped. Previously built successfully.
       Target "ResolveJsInitializerModuleStaticWebAssets" skipped. Previously built successfully.
   1:7>Target "ResolveJSModuleManifestBuildConfiguration" in file "C:\Program Files\dotnet\sdk\10.0.101\Sdks\Microsoft.NET.Sdk.StaticWebAssets\targets\Microsoft.NET.Sdk.StaticWebAssets.JSModules.targets" from project "c:\krishna mini project\backend\InternalExamScrutinySystem.Api\InternalExamScrutinySystem.Api.csproj" (target "GenerateJSModuleManifestBuildStaticWebAssets" depends on it):
   1:7>Done building target "ResolveJSModuleManifestBuildConfiguration" in project "InternalExamScrutinySystem.Api.csproj".
   1:7>Target "GenerateJSModuleManifestBuildStaticWebAssets" in file "C:\Program Files\dotnet\sdk\10.0.101\Sdks\Microsoft.NET.Sdk.StaticWebAssets\targets\Microsoft.NET.Sdk.StaticWebAssets.JSModules.targets" from project "c:\krishna mini project\backend\InternalExamScrutinySystem.Api\InternalExamScrutinySystem.Api.csproj" (target "ResolveJSModuleManifestBuildStaticWebAssets" depends on it):
   1:7>Done building target "GenerateJSModuleManifestBuildStaticWebAssets" in project "InternalExamScrutinySystem.Api.csproj".
   1:7>Target "ResolveJSModuleManifestBuildStaticWebAssets" in file "C:\Program Files\dotnet\sdk\10.0.101\Sdks\Microsoft.NET.Sdk.StaticWebAssets\targets\Microsoft.NET.Sdk.StaticWebAssets.JSModules.targets" from project "c:\krishna mini project\backend\InternalExamScrutinySystem.Api\InternalExamScrutinySystem.Api.csproj" (target "ResolveStaticWebAssetsInputs" depends on it):
       Task "DefineStaticWebAssetEndpoints"
         Removing endpoints for asset 'c:\krishna mini project\backend\InternalExamScrutinySystem.Api\wwwroot\Uploads\QuestionPapers\17_1_PCCST302_Series 1_639104293168649804.pdf' because it no longer exists.
         Removing endpoints for asset 'c:\krishna mini project\backend\InternalExamScrutinySystem.Api\wwwroot\Uploads\QuestionPapers\17_1_PCCST302_Series 1_639104293168649804.pdf' because it no longer exists.
         Removing endpoints for asset 'c:\krishna mini project\backend\InternalExamScrutinySystem.Api\wwwroot\Uploads\QuestionPapers\17_1_PCCST302_Series 1_639104078366935320.pdf' because it no longer exists.
         Removing endpoints for asset 'c:\krishna mini project\backend\InternalExamScrutinySystem.Api\wwwroot\Uploads\QuestionPapers\17_1_PCCST302_Series 1_639104078366935320.pdf' because it no longer exists.
         Removing endpoints for asset 'c:\krishna mini project\backend\InternalExamScrutinySystem.Api\wwwroot\Uploads\QuestionPapers\10_2_UCEST105_Series 1_639104123320048341.pdf' because it no longer exists.
         Removing endpoints for asset 'c:\krishna mini project\backend\InternalExamScrutinySystem.Api\wwwroot\Uploads\QuestionPapers\10_2_UCEST105_Series 1_639104123320048341.pdf' because it no longer exists.
         Removing endpoints for asset 'c:\krishna mini project\backend\InternalExamScrutinySystem.Api\wwwroot\Uploads\QuestionPapers\17_1_PCCST302_Series 1_639104322600824607.pdf' because it no longer exists.
         Removing endpoints for asset 'c:\krishna mini project\backend\InternalExamScrutinySystem.Api\wwwroot\Uploads\QuestionPapers\17_1_PCCST302_Series 1_639104322600824607.pdf' because it no longer exists.
         Removing endpoints for asset 'c:\krishna mini project\backend\InternalExamScrutinySystem.Api\wwwroot\Uploads\QuestionPapers\17_1_PCCST302_Series 1_639104023765524990.pdf' because it no longer exists.
         Removing endpoints for asset 'c:\krishna mini project\backend\InternalExamScrutinySystem.Api\wwwroot\Uploads\QuestionPapers\17_1_PCCST302_Series 1_639104023765524990.pdf' because it no longer exists.
         Removing endpoints for asset 'c:\krishna mini project\backend\InternalExamScrutinySystem.Api\wwwroot\Uploads\QuestionPapers\17_1_PCCST302_Series 1_639103740504164414.pdf' because it no longer exists.
         Removing endpoints for asset 'c:\krishna mini project\backend\InternalExamScrutinySystem.Api\wwwroot\Uploads\QuestionPapers\17_1_PCCST302_Series 1_639103740504164414.pdf' because it no longer exists.
         Removing endpoints for asset 'c:\krishna mini project\backend\InternalExamScrutinySystem.Api\wwwroot\Uploads\QuestionPapers\17_1_PCCST302_Series 1_639104287669713693.pdf' because it no longer exists.
         Removing endpoints for asset 'c:\krishna mini project\backend\InternalExamScrutinySystem.Api\wwwroot\Uploads\QuestionPapers\17_1_PCCST302_Series 1_639104287669713693.pdf' because it no longer exists.
         Removing endpoints for asset 'c:\krishna mini project\backend\InternalExamScrutinySystem.Api\wwwroot\Uploads\QuestionPapers\10_2_UCEST105_Series 1_639104279340516048.pdf' because it no longer exists.
         Removing endpoints for asset 'c:\krishna mini project\backend\InternalExamScrutinySystem.Api\wwwroot\Uploads\QuestionPapers\10_2_UCEST105_Series 1_639104279340516048.pdf' because it no longer exists.
         Removing endpoints for asset 'c:\krishna mini project\backend\InternalExamScrutinySystem.Api\wwwroot\Uploads\QuestionPapers\17_1_PCCST302_Series 1_639104291661147989.pdf' because it no longer exists.
         Removing endpoints for asset 'c:\krishna mini project\backend\InternalExamScrutinySystem.Api\wwwroot\Uploads\QuestionPapers\17_1_PCCST302_Series 1_639104291661147989.pdf' because it no longer exists.
         Removing endpoints for asset 'c:\krishna mini project\backend\InternalExamScrutinySystem.Api\wwwroot\Uploads\QuestionPapers\17_1_PCCST302_Series 1_639104196116497569.pdf' because it no longer exists.
         Removing endpoints for asset 'c:\krishna mini project\backend\InternalExamScrutinySystem.Api\wwwroot\Uploads\QuestionPapers\17_1_PCCST302_Series 1_639104196116497569.pdf' because it no longer exists.
         Removing endpoints for asset 'c:\krishna mini project\backend\InternalExamScrutinySystem.Api\wwwroot\Uploads\QuestionPapers\18_2_PBCST 304_639099531071334486.pdf' because it no longer exists.
         Removing endpoints for asset 'c:\krishna mini project\backend\InternalExamScrutinySystem.Api\wwwroot\Uploads\QuestionPapers\18_2_PBCST 304_639099531071334486.pdf' because it no longer exists.
         Removing endpoints for asset 'c:\krishna mini project\backend\InternalExamScrutinySystem.Api\wwwroot\Uploads\QuestionPapers\17_1_PCCST302_Series 1_639104285950751364.pdf' because it no longer exists.
         Removing endpoints for asset 'c:\krishna mini project\backend\InternalExamScrutinySystem.Api\wwwroot\Uploads\QuestionPapers\17_1_PCCST302_Series 1_639104285950751364.pdf' because it no longer exists.
         Removing endpoints for asset 'c:\krishna mini project\backend\InternalExamScrutinySystem.Api\wwwroot\Uploads\QuestionPapers\17_1_PCCST303_639098918922192437.pdf' because it no longer exists.
         Removing endpoints for asset 'c:\krishna mini project\backend\InternalExamScrutinySystem.Api\wwwroot\Uploads\QuestionPapers\17_1_PCCST303_639098918922192437.pdf' because it no longer exists.
         Removing endpoints for asset 'c:\krishna mini project\backend\InternalExamScrutinySystem.Api\wwwroot\Uploads\QuestionPapers\17_1_PCCST303_Series 2_639103907867228022.pdf' because it no longer exists.
         Removing endpoints for asset 'c:\krishna mini project\backend\InternalExamScrutinySystem.Api\wwwroot\Uploads\QuestionPapers\17_1_PCCST303_Series 2_639103907867228022.pdf' because it no longer exists.
         Removing endpoints for asset 'c:\krishna mini project\backend\InternalExamScrutinySystem.Api\wwwroot\Uploads\QuestionPapers\17_1_PCCST303_Series 1_639103711579744496.pdf' because it no longer exists.
         Removing endpoints for asset 'c:\krishna mini project\backend\InternalExamScrutinySystem.Api\wwwroot\Uploads\QuestionPapers\17_1_PCCST303_Series 1_639103711579744496.pdf' because it no longer exists.
         Removing endpoints for asset 'c:\krishna mini project\backend\InternalExamScrutinySystem.Api\wwwroot\Uploads\QuestionPapers\17_1_PCCST302_Series 2_639104295546139500.pdf' because it no longer exists.
         Removing endpoints for asset 'c:\krishna mini project\backend\InternalExamScrutinySystem.Api\wwwroot\Uploads\QuestionPapers\17_1_PCCST302_Series 2_639104295546139500.pdf' because it no longer exists.
       Done executing task "DefineStaticWebAssetEndpoints".
   1:7>Done building target "ResolveJSModuleManifestBuildStaticWebAssets" in project "InternalExamScrutinySystem.Api.csproj".
       Target "ResolveCoreStaticWebAssets" skipped. Previously built successfully.
       Target "ResolveCoreStaticWebAssets" skipped. Previously built successfully.
       Target "ResolveCssScopes" skipped. Previously built successfully.
   1:7>Target "ResolveScopedCssOutputs" in file "C:\Program Files\dotnet\sdk\10.0.101\Sdks\Microsoft.NET.Sdk.StaticWebAssets\targets\Microsoft.NET.Sdk.StaticWebAssets.ScopedCss.targets" from project "c:\krishna mini project\backend\InternalExamScrutinySystem.Api\InternalExamScrutinySystem.Api.csproj" (target "_ComputeScopedCssStaticWebAssets" depends on it):
   1:7>Done building target "ResolveScopedCssOutputs" in project "InternalExamScrutinySystem.Api.csproj".
       Target "ResolveStaticWebAssetsConfiguration" skipped. Previously built successfully.
   1:7>Target "_ComputeScopedCssStaticWebAssets" in file "C:\Program Files\dotnet\sdk\10.0.101\Sdks\Microsoft.NET.Sdk.StaticWebAssets\targets\Microsoft.NET.Sdk.StaticWebAssets.ScopedCss.targets" from project "c:\krishna mini project\backend\InternalExamScrutinySystem.Api\InternalExamScrutinySystem.Api.csproj" (target "_CollectAllScopedCssAssets" depends on it):
   1:7>Done building target "_ComputeScopedCssStaticWebAssets" in project "InternalExamScrutinySystem.Api.csproj".
   1:7>Target "_CollectAllScopedCssAssets" in file "C:\Program Files\dotnet\sdk\10.0.101\Sdks\Microsoft.NET.Sdk.StaticWebAssets\targets\Microsoft.NET.Sdk.StaticWebAssets.ScopedCss.targets" from project "c:\krishna mini project\backend\InternalExamScrutinySystem.Api\InternalExamScrutinySystem.Api.csproj" (target "BundleScopedCssFiles" depends on it):
       Using "ResolveAllScopedCssAssets" task from assembly "C:\Program Files\dotnet\sdk\10.0.101\Sdks\Microsoft.NET.Sdk.StaticWebAssets\targets\..\tasks\net10.0\Microsoft.NET.Sdk.StaticWebAssets.Tasks.dll".
       Task "ResolveAllScopedCssAssets"
       Done executing task "ResolveAllScopedCssAssets".
   1:7>Done building target "_CollectAllScopedCssAssets" in project "InternalExamScrutinySystem.Api.csproj".
       Target "ResolveScopedCssOutputs" skipped. Previously built successfully.
   1:7>Target "_ProcessScopedCssFiles" in file "C:\Program Files\dotnet\sdk\10.0.101\Sdks\Microsoft.NET.Sdk.StaticWebAssets\targets\Microsoft.NET.Sdk.StaticWebAssets.ScopedCss.targets" from project "c:\krishna mini project\backend\InternalExamScrutinySystem.Api\InternalExamScrutinySystem.Api.csproj" (target "BundleScopedCssFiles" depends on it):
       Skipping target "_ProcessScopedCssFiles" because it has no outputs.
       Though the target has declared its outputs, the output specification only references empty properties and/or empty item lists.
   1:7>Done building target "_ProcessScopedCssFiles" in project "InternalExamScrutinySystem.Api.csproj".
       Target "ResolveStaticWebAssetsConfiguration" skipped. Previously built successfully.
   1:7>Target "_ResolveBundlingConfiguration" in file "C:\Program Files\dotnet\sdk\10.0.101\Sdks\Microsoft.NET.Sdk.StaticWebAssets\targets\Microsoft.NET.Sdk.StaticWebAssets.ScopedCss.targets" from project "c:\krishna mini project\backend\InternalExamScrutinySystem.Api\InternalExamScrutinySystem.Api.csproj" (target "BundleScopedCssFiles" depends on it):
   1:7>Done building target "_ResolveBundlingConfiguration" in project "InternalExamScrutinySystem.Api.csproj".
   1:7>Target "BundleScopedCssFiles" in file "C:\Program Files\dotnet\sdk\10.0.101\Sdks\Microsoft.NET.Sdk.StaticWebAssets\targets\Microsoft.NET.Sdk.StaticWebAssets.ScopedCss.targets" from project "c:\krishna mini project\backend\InternalExamScrutinySystem.Api\InternalExamScrutinySystem.Api.csproj" (target "GenerateComputedBuildStaticWebAssets" depends on it):
   1:7>Done building target "BundleScopedCssFiles" in project "InternalExamScrutinySystem.Api.csproj".
   1:7>Target "GenerateComputedBuildStaticWebAssets" in file "C:\Program Files\dotnet\sdk\10.0.101\Sdks\Microsoft.NET.Sdk.StaticWebAssets\targets\Microsoft.NET.Sdk.StaticWebAssets.targets" from project "c:\krishna mini project\backend\InternalExamScrutinySystem.Api\InternalExamScrutinySystem.Api.csproj" (target "ResolveStaticWebAssetsInputs" depends on it):
   1:7>Done building target "GenerateComputedBuildStaticWebAssets" in project "InternalExamScrutinySystem.Api.csproj".
       Target "UpdateExistingPackageStaticWebAssets" skipped. Previously built successfully.
   1:7>Target "UpdateLegacyPackageScopedCssBundles" in file "C:\Program Files\dotnet\sdk\10.0.101\Sdks\Microsoft.NET.Sdk.StaticWebAssets\targets\Microsoft.NET.Sdk.StaticWebAssets.ScopedCss.targets" from project "c:\krishna mini project\backend\InternalExamScrutinySystem.Api\InternalExamScrutinySystem.Api.csproj" (target "ResolveScopedCssAssets" depends on it):
       Task "DefineStaticWebAssets"
         No cache manifest path specified. Cache will not be used.
       Done executing task "DefineStaticWebAssets".
       Task "DefineStaticWebAssets"
         No cache manifest path specified. Cache will not be used.
       Done executing task "DefineStaticWebAssets".
   1:7>Done building target "UpdateLegacyPackageScopedCssBundles" in project "InternalExamScrutinySystem.Api.csproj".
       Target "_ResolveBundlingConfiguration" skipped. Previously built successfully.
       Target "ResolveScopedCssOutputs" skipped. Previously built successfully.
   1:7>Target "_ProcessScopedCssFiles" in file "C:\Program Files\dotnet\sdk\10.0.101\Sdks\Microsoft.NET.Sdk.StaticWebAssets\targets\Microsoft.NET.Sdk.StaticWebAssets.ScopedCss.targets" from project "c:\krishna mini project\backend\InternalExamScrutinySystem.Api\InternalExamScrutinySystem.Api.csproj" (target "GenerateScopedCssFiles" depends on it):
       Skipping target "_ProcessScopedCssFiles" because it has no outputs.
       Though the target has declared its outputs, the output specification only references empty properties and/or empty item lists.
   1:7>Done building target "_ProcessScopedCssFiles" in project "InternalExamScrutinySystem.Api.csproj".
       Target "BundleScopedCssFiles" skipped. Previously built successfully.
   1:7>Target "GenerateScopedCssFiles" in file "C:\Program Files\dotnet\sdk\10.0.101\Sdks\Microsoft.NET.Sdk.StaticWebAssets\targets\Microsoft.NET.Sdk.StaticWebAssets.ScopedCss.targets" from project "c:\krishna mini project\backend\InternalExamScrutinySystem.Api\InternalExamScrutinySystem.Api.csproj" (target "ResolveScopedCssAssets" depends on it):
   1:7>Done building target "GenerateScopedCssFiles" in project "InternalExamScrutinySystem.Api.csproj".
       Target "_ResolveBundlingConfiguration" skipped. Previously built successfully.
       Target "_CollectAllScopedCssAssets" skipped. Previously built successfully.
   1:7>Target "ResolveBundledCssAssets" in file "C:\Program Files\dotnet\sdk\10.0.101\Sdks\Microsoft.NET.Sdk.StaticWebAssets\targets\Microsoft.NET.Sdk.StaticWebAssets.ScopedCss.targets" from project "c:\krishna mini project\backend\InternalExamScrutinySystem.Api\InternalExamScrutinySystem.Api.csproj" (target "ResolveScopedCssAssets" depends on it):
   1:7>Done building target "ResolveBundledCssAssets" in project "InternalExamScrutinySystem.Api.csproj".
   1:7>Target "ResolveScopedCssAssets" in file "C:\Program Files\dotnet\sdk\10.0.101\Sdks\Microsoft.NET.Sdk.StaticWebAssets\targets\Microsoft.NET.Sdk.StaticWebAssets.ScopedCss.targets" from project "c:\krishna mini project\backend\InternalExamScrutinySystem.Api\InternalExamScrutinySystem.Api.csproj" (target "ResolveStaticWebAssetsInputs" depends on it):
   1:7>Done building target "ResolveScopedCssAssets" in project "InternalExamScrutinySystem.Api.csproj".
   1:7>Target "ResolveStaticWebAssetsInputs" in file "C:\Program Files\dotnet\sdk\10.0.101\Sdks\Microsoft.NET.Sdk.StaticWebAssets\targets\Microsoft.NET.Sdk.StaticWebAssets.targets" from project "c:\krishna mini project\backend\InternalExamScrutinySystem.Api\InternalExamScrutinySystem.Api.csproj" (target "ResolveBuildStaticWebAssets" depends on it):
   1:7>Done building target "ResolveStaticWebAssetsInputs" in project "InternalExamScrutinySystem.Api.csproj".
       Target "ResolveStaticWebAssetsInputs" skipped. Previously built successfully.
   1:7>Target "ResolveBuildCompressedStaticWebAssetsConfiguration" in file "C:\Program Files\dotnet\sdk\10.0.101\Sdks\Microsoft.NET.Sdk.StaticWebAssets\targets\Microsoft.NET.Sdk.StaticWebAssets.Compression.targets" from project "c:\krishna mini project\backend\InternalExamScrutinySystem.Api\InternalExamScrutinySystem.Api.csproj" (target "GenerateBuildCompressedStaticWebAssets" depends on it):
       Using "DiscoverPrecompressedAssets" task from assembly "C:\Program Files\dotnet\sdk\10.0.101\Sdks\Microsoft.NET.Sdk.StaticWebAssets\targets\..\tasks\net10.0\Microsoft.NET.Sdk.StaticWebAssets.Tasks.dll".
       Task "DiscoverPrecompressedAssets"
       Done executing task "DiscoverPrecompressedAssets".
       Using "ResolveCompressedAssets" task from assembly "C:\Program Files\dotnet\sdk\10.0.101\Sdks\Microsoft.NET.Sdk.StaticWebAssets\targets\..\tasks\net10.0\Microsoft.NET.Sdk.StaticWebAssets.Tasks.dll".
       Task "ResolveCompressedAssets"
         Asset 'c:\krishna mini project\backend\InternalExamScrutinySystem.Api\wwwroot\Uploads\QuestionPapers\10_2_UCEST105_Series 1_639104123320048341.pdf' is not compressed.
         Asset 'c:\krishna mini project\backend\InternalExamScrutinySystem.Api\wwwroot\Uploads\QuestionPapers\10_2_UCEST105_Series 1_639104279340516048.pdf' is not compressed.
         Asset 'c:\krishna mini project\backend\InternalExamScrutinySystem.Api\wwwroot\Uploads\QuestionPapers\17_1_PCCST302_Series 1_639103740504164414.pdf' is not compressed.
         Asset 'c:\krishna mini project\backend\InternalExamScrutinySystem.Api\wwwroot\Uploads\QuestionPapers\17_1_PCCST302_Series 1_639104023765524990.pdf' is not compressed.
         Asset 'c:\krishna mini project\backend\InternalExamScrutinySystem.Api\wwwroot\Uploads\QuestionPapers\17_1_PCCST302_Series 1_639104078366935320.pdf' is not compressed.
         Asset 'c:\krishna mini project\backend\InternalExamScrutinySystem.Api\wwwroot\Uploads\QuestionPapers\17_1_PCCST302_Series 1_639104196116497569.pdf' is not compressed.
         Asset 'c:\krishna mini project\backend\InternalExamScrutinySystem.Api\wwwroot\Uploads\QuestionPapers\17_1_PCCST302_Series 1_639104285950751364.pdf' is not compressed.
         Asset 'c:\krishna mini project\backend\InternalExamScrutinySystem.Api\wwwroot\Uploads\QuestionPapers\17_1_PCCST302_Series 1_639104287669713693.pdf' is not compressed.
         Asset 'c:\krishna mini project\backend\InternalExamScrutinySystem.Api\wwwroot\Uploads\QuestionPapers\17_1_PCCST302_Series 1_639104291661147989.pdf' is not compressed.
         Asset 'c:\krishna mini project\backend\InternalExamScrutinySystem.Api\wwwroot\Uploads\QuestionPapers\17_1_PCCST302_Series 1_639104293168649804.pdf' is not compressed.
         Asset 'c:\krishna mini project\backend\InternalExamScrutinySystem.Api\wwwroot\Uploads\QuestionPapers\17_1_PCCST302_Series 1_639104322600824607.pdf' is not compressed.
         Asset 'c:\krishna mini project\backend\InternalExamScrutinySystem.Api\wwwroot\Uploads\QuestionPapers\17_1_PCCST302_Series 2_639104295546139500.pdf' is not compressed.
         Asset 'c:\krishna mini project\backend\InternalExamScrutinySystem.Api\wwwroot\Uploads\QuestionPapers\17_1_PCCST303_639098918922192437.pdf' is not compressed.
         Asset 'c:\krishna mini project\backend\InternalExamScrutinySystem.Api\wwwroot\Uploads\QuestionPapers\17_1_PCCST303_Series 1_639103711579744496.pdf' is not compressed.
         Asset 'c:\krishna mini project\backend\InternalExamScrutinySystem.Api\wwwroot\Uploads\QuestionPapers\17_1_PCCST303_Series 2_639103907867228022.pdf' is not compressed.
         Asset 'c:\krishna mini project\backend\InternalExamScrutinySystem.Api\wwwroot\Uploads\QuestionPapers\18_2_PBCST 304_639099531071334486.pdf' is not compressed.
         Asset 'c:\krishna mini project\backend\InternalExamScrutinySystem.Api\wwwroot\Uploads\QuestionPapers\10_2_UCEST105_Series 1_639104123320048341.pdf' with relative path 'Uploads/QuestionPapers/10_2_UCEST105_Series 1_639104123320048341.pdf' did not match include pattern '' or matched exclude pattern ''.
         Asset 'c:\krishna mini project\backend\InternalExamScrutinySystem.Api\wwwroot\Uploads\QuestionPapers\10_2_UCEST105_Series 1_639104279340516048.pdf' with relative path 'Uploads/QuestionPapers/10_2_UCEST105_Series 1_639104279340516048.pdf' did not match include pattern '' or matched exclude pattern ''.
         Asset 'c:\krishna mini project\backend\InternalExamScrutinySystem.Api\wwwroot\Uploads\QuestionPapers\17_1_PCCST302_Series 1_639103740504164414.pdf' with relative path 'Uploads/QuestionPapers/17_1_PCCST302_Series 1_639103740504164414.pdf' did not match include pattern '' or matched exclude pattern ''.
         Asset 'c:\krishna mini project\backend\InternalExamScrutinySystem.Api\wwwroot\Uploads\QuestionPapers\17_1_PCCST302_Series 1_639104023765524990.pdf' with relative path 'Uploads/QuestionPapers/17_1_PCCST302_Series 1_639104023765524990.pdf' did not match include pattern '' or matched exclude pattern ''.
         Asset 'c:\krishna mini project\backend\InternalExamScrutinySystem.Api\wwwroot\Uploads\QuestionPapers\17_1_PCCST302_Series 1_639104078366935320.pdf' with relative path 'Uploads/QuestionPapers/17_1_PCCST302_Series 1_639104078366935320.pdf' did not match include pattern '' or matched exclude pattern ''.
         Asset 'c:\krishna mini project\backend\InternalExamScrutinySystem.Api\wwwroot\Uploads\QuestionPapers\17_1_PCCST302_Series 1_639104196116497569.pdf' with relative path 'Uploads/QuestionPapers/17_1_PCCST302_Series 1_639104196116497569.pdf' did not match include pattern '' or matched exclude pattern ''.
         Asset 'c:\krishna mini project\backend\InternalExamScrutinySystem.Api\wwwroot\Uploads\QuestionPapers\17_1_PCCST302_Series 1_639104285950751364.pdf' with relative path 'Uploads/QuestionPapers/17_1_PCCST302_Series 1_639104285950751364.pdf' did not match include pattern '' or matched exclude pattern ''.
         Asset 'c:\krishna mini project\backend\InternalExamScrutinySystem.Api\wwwroot\Uploads\QuestionPapers\17_1_PCCST302_Series 1_639104287669713693.pdf' with relative path 'Uploads/QuestionPapers/17_1_PCCST302_Series 1_639104287669713693.pdf' did not match include pattern '' or matched exclude pattern ''.
         Asset 'c:\krishna mini project\backend\InternalExamScrutinySystem.Api\wwwroot\Uploads\QuestionPapers\17_1_PCCST302_Series 1_639104291661147989.pdf' with relative path 'Uploads/QuestionPapers/17_1_PCCST302_Series 1_639104291661147989.pdf' did not match include pattern '' or matched exclude pattern ''.
         Asset 'c:\krishna mini project\backend\InternalExamScrutinySystem.Api\wwwroot\Uploads\QuestionPapers\17_1_PCCST302_Series 1_639104293168649804.pdf' with relative path 'Uploads/QuestionPapers/17_1_PCCST302_Series 1_639104293168649804.pdf' did not match include pattern '' or matched exclude pattern ''.
         Asset 'c:\krishna mini project\backend\InternalExamScrutinySystem.Api\wwwroot\Uploads\QuestionPapers\17_1_PCCST302_Series 1_639104322600824607.pdf' with relative path 'Uploads/QuestionPapers/17_1_PCCST302_Series 1_639104322600824607.pdf' did not match include pattern '' or matched exclude pattern ''.
         Asset 'c:\krishna mini project\backend\InternalExamScrutinySystem.Api\wwwroot\Uploads\QuestionPapers\17_1_PCCST302_Series 2_639104295546139500.pdf' with relative path 'Uploads/QuestionPapers/17_1_PCCST302_Series 2_639104295546139500.pdf' did not match include pattern '' or matched exclude pattern ''.
         Asset 'c:\krishna mini project\backend\InternalExamScrutinySystem.Api\wwwroot\Uploads\QuestionPapers\17_1_PCCST303_639098918922192437.pdf' with relative path 'Uploads/QuestionPapers/17_1_PCCST303_639098918922192437.pdf' did not match include pattern '' or matched exclude pattern ''.
         Asset 'c:\krishna mini project\backend\InternalExamScrutinySystem.Api\wwwroot\Uploads\QuestionPapers\17_1_PCCST303_Series 1_639103711579744496.pdf' with relative path 'Uploads/QuestionPapers/17_1_PCCST303_Series 1_639103711579744496.pdf' did not match include pattern '' or matched exclude pattern ''.
         Asset 'c:\krishna mini project\backend\InternalExamScrutinySystem.Api\wwwroot\Uploads\QuestionPapers\17_1_PCCST303_Series 2_639103907867228022.pdf' with relative path 'Uploads/QuestionPapers/17_1_PCCST303_Series 2_639103907867228022.pdf' did not match include pattern '' or matched exclude pattern ''.
         Asset 'c:\krishna mini project\backend\InternalExamScrutinySystem.Api\wwwroot\Uploads\QuestionPapers\18_2_PBCST 304_639099531071334486.pdf' with relative path 'Uploads/QuestionPapers/18_2_PBCST 304_639099531071334486.pdf' did not match include pattern '' or matched exclude pattern ''.
         Resolved 0 compressed assets for 0 candidate assets.
       Done executing task "ResolveCompressedAssets".
   1:7>Done building target "ResolveBuildCompressedStaticWebAssetsConfiguration" in project "InternalExamScrutinySystem.Api.csproj".
   1:7>Target "GenerateBuildCompressedStaticWebAssets" in file "C:\Program Files\dotnet\sdk\10.0.101\Sdks\Microsoft.NET.Sdk.StaticWebAssets\targets\Microsoft.NET.Sdk.StaticWebAssets.Compression.targets" from project "c:\krishna mini project\backend\InternalExamScrutinySystem.Api\InternalExamScrutinySystem.Api.csproj" (target "ResolveBuildCompressedStaticWebAssets" depends on it):
   1:7>Done building target "GenerateBuildCompressedStaticWebAssets" in project "InternalExamScrutinySystem.Api.csproj".
   1:7>Target "ResolveBuildCompressedStaticWebAssets" in file "C:\Program Files\dotnet\sdk\10.0.101\Sdks\Microsoft.NET.Sdk.StaticWebAssets\targets\Microsoft.NET.Sdk.StaticWebAssets.Compression.targets" from project "c:\krishna mini project\backend\InternalExamScrutinySystem.Api\InternalExamScrutinySystem.Api.csproj" (target "ResolveBuildRelatedStaticWebAssets" depends on it):
       Task "DefineStaticWebAssets"
         Updating cache completely.
       Done executing task "DefineStaticWebAssets".
       Task "DefineStaticWebAssetEndpoints"
       Done executing task "DefineStaticWebAssetEndpoints".
       Using "ApplyCompressionNegotiation" task from assembly "C:\Program Files\dotnet\sdk\10.0.101\Sdks\Microsoft.NET.Sdk.StaticWebAssets\targets\..\tasks\net10.0\Microsoft.NET.Sdk.StaticWebAssets.Tasks.dll".
       Task "ApplyCompressionNegotiation"
       Done executing task "ApplyCompressionNegotiation".
   1:7>Done building target "ResolveBuildCompressedStaticWebAssets" in project "InternalExamScrutinySystem.Api.csproj".
       Target "ResolveStaticWebAssetsInputs" skipped. Previously built successfully.
   1:7>Target "ResolveBuildRelatedStaticWebAssets" in file "C:\Program Files\dotnet\sdk\10.0.101\Sdks\Microsoft.NET.Sdk.StaticWebAssets\targets\Microsoft.NET.Sdk.StaticWebAssets.targets" from project "c:\krishna mini project\backend\InternalExamScrutinySystem.Api\InternalExamScrutinySystem.Api.csproj" (target "ResolveBuildStaticWebAssets" depends on it):
   1:7>Done building target "ResolveBuildRelatedStaticWebAssets" in project "InternalExamScrutinySystem.Api.csproj".
   1:7>Target "ResolveBuildStaticWebAssets" in file "C:\Program Files\dotnet\sdk\10.0.101\Sdks\Microsoft.NET.Sdk.StaticWebAssets\targets\Microsoft.NET.Sdk.StaticWebAssets.targets" from project "c:\krishna mini project\backend\InternalExamScrutinySystem.Api\InternalExamScrutinySystem.Api.csproj" (target "StaticWebAssetsPrepareForRun" depends on it):
   1:7>Done building target "ResolveBuildStaticWebAssets" in project "InternalExamScrutinySystem.Api.csproj".
       Target "ResolveBuildStaticWebAssets" skipped. Previously built successfully.
   1:7>Target "GenerateStaticWebAssetsManifest" in file "C:\Program Files\dotnet\sdk\10.0.101\Sdks\Microsoft.NET.Sdk.StaticWebAssets\targets\Microsoft.NET.Sdk.StaticWebAssets.targets" from project "c:\krishna mini project\backend\InternalExamScrutinySystem.Api\InternalExamScrutinySystem.Api.csproj" (target "StaticWebAssetsPrepareForRun" depends on it):
       Using "GenerateStaticWebAssetsManifest" task from assembly "C:\Program Files\dotnet\sdk\10.0.101\Sdks\Microsoft.NET.Sdk.StaticWebAssets\targets\..\tasks\net10.0\Microsoft.NET.Sdk.StaticWebAssets.Tasks.dll".
       Task "GenerateStaticWebAssetsManifest"
         Generating manifest for '16' assets and '32' endpoints
         Skipping manifest updated because manifest version 'YOuTCl1L6b61f41HFDG2mk4Hlven3MuEXc8cxhXTsWo=' has not changed.
       Done executing task "GenerateStaticWebAssetsManifest".
       Using "GenerateStaticWebAssetEndpointsManifest" task from assembly "C:\Program Files\dotnet\sdk\10.0.101\Sdks\Microsoft.NET.Sdk.StaticWebAssets\targets\..\tasks\net10.0\Microsoft.NET.Sdk.StaticWebAssets.Tasks.dll".
       Task "GenerateStaticWebAssetEndpointsManifest"
         Skipping manifest generation because manifest file 'obj\Debug\net8.0\staticwebassets.build.endpoints.json' is up to date.
       Done executing task "GenerateStaticWebAssetEndpointsManifest".
       Using "GenerateStaticWebAssetsDevelopmentManifest" task from assembly "C:\Program Files\dotnet\sdk\10.0.101\Sdks\Microsoft.NET.Sdk.StaticWebAssets\targets\..\tasks\net10.0\Microsoft.NET.Sdk.StaticWebAssets.Tasks.dll".
       Task "GenerateStaticWebAssetsDevelopmentManifest"
         Skipping manifest generation because manifest file 'obj\Debug\net8.0\staticwebassets.development.json' is up to date.
       Done executing task "GenerateStaticWebAssetsDevelopmentManifest".
   1:7>Done building target "GenerateStaticWebAssetsManifest" in project "InternalExamScrutinySystem.Api.csproj".
   1:7>Target "LoadStaticWebAssetsBuildManifest" in file "C:\Program Files\dotnet\sdk\10.0.101\Sdks\Microsoft.NET.Sdk.StaticWebAssets\targets\Microsoft.NET.Sdk.StaticWebAssets.Publish.targets" from project "c:\krishna mini project\backend\InternalExamScrutinySystem.Api\InternalExamScrutinySystem.Api.csproj" (target "CopyStaticWebAssetsToOutputDirectory" depends on it):
   1:7>Done building target "LoadStaticWebAssetsBuildManifest" in project "InternalExamScrutinySystem.Api.csproj".
   1:7>Target "_EnsureContentRootFolders" in file "C:\Program Files\dotnet\sdk\10.0.101\Sdks\Microsoft.NET.Sdk.StaticWebAssets\targets\Microsoft.NET.Sdk.StaticWebAssets.targets" from project "c:\krishna mini project\backend\InternalExamScrutinySystem.Api\InternalExamScrutinySystem.Api.csproj" (target "CopyStaticWebAssetsToOutputDirectory" depends on it):
       Task "MakeDir"
       Done executing task "MakeDir".
   1:7>Done building target "_EnsureContentRootFolders" in project "InternalExamScrutinySystem.Api.csproj".
   1:7>Target "CopyStaticWebAssetsToOutputDirectory" in file "C:\Program Files\dotnet\sdk\10.0.101\Sdks\Microsoft.NET.Sdk.StaticWebAssets\targets\Microsoft.NET.Sdk.StaticWebAssets.targets" from project "c:\krishna mini project\backend\InternalExamScrutinySystem.Api\InternalExamScrutinySystem.Api.csproj" (target "StaticWebAssetsPrepareForRun" depends on it):
   1:7>Done building target "CopyStaticWebAssetsToOutputDirectory" in project "InternalExamScrutinySystem.Api.csproj".
   1:7>Target "_SplitStaticWebAssetsByCopyOptions" in file "C:\Program Files\dotnet\sdk\10.0.101\Sdks\Microsoft.NET.Sdk.StaticWebAssets\targets\Microsoft.NET.Sdk.StaticWebAssets.targets" from project "c:\krishna mini project\backend\InternalExamScrutinySystem.Api\InternalExamScrutinySystem.Api.csproj" (target "StaticWebAssetsPrepareForRun" depends on it):
       Using "CollectStaticWebAssetsToCopy" task from assembly "C:\Program Files\dotnet\sdk\10.0.101\Sdks\Microsoft.NET.Sdk.StaticWebAssets\targets\..\tasks\net10.0\Microsoft.NET.Sdk.StaticWebAssets.Tasks.dll".
       Task "CollectStaticWebAssetsToCopy"
         Skipping asset 'c:\krishna mini project\backend\InternalExamScrutinySystem.Api\wwwroot\Uploads\QuestionPapers\10_2_UCEST105_Series 1_639104123320048341.pdf' since copy to output directory option is 'Never'
         Skipping asset 'c:\krishna mini project\backend\InternalExamScrutinySystem.Api\wwwroot\Uploads\QuestionPapers\10_2_UCEST105_Series 1_639104279340516048.pdf' since copy to output directory option is 'Never'
         Skipping asset 'c:\krishna mini project\backend\InternalExamScrutinySystem.Api\wwwroot\Uploads\QuestionPapers\17_1_PCCST302_Series 1_639103740504164414.pdf' since copy to output directory option is 'Never'
         Skipping asset 'c:\krishna mini project\backend\InternalExamScrutinySystem.Api\wwwroot\Uploads\QuestionPapers\17_1_PCCST302_Series 1_639104023765524990.pdf' since copy to output directory option is 'Never'
         Skipping asset 'c:\krishna mini project\backend\InternalExamScrutinySystem.Api\wwwroot\Uploads\QuestionPapers\17_1_PCCST302_Series 1_639104078366935320.pdf' since copy to output directory option is 'Never'
         Skipping asset 'c:\krishna mini project\backend\InternalExamScrutinySystem.Api\wwwroot\Uploads\QuestionPapers\17_1_PCCST302_Series 1_639104196116497569.pdf' since copy to output directory option is 'Never'
         Skipping asset 'c:\krishna mini project\backend\InternalExamScrutinySystem.Api\wwwroot\Uploads\QuestionPapers\17_1_PCCST302_Series 1_639104285950751364.pdf' since copy to output directory option is 'Never'
         Skipping asset 'c:\krishna mini project\backend\InternalExamScrutinySystem.Api\wwwroot\Uploads\QuestionPapers\17_1_PCCST302_Series 1_639104287669713693.pdf' since copy to output directory option is 'Never'
         Skipping asset 'c:\krishna mini project\backend\InternalExamScrutinySystem.Api\wwwroot\Uploads\QuestionPapers\17_1_PCCST302_Series 1_639104291661147989.pdf' since copy to output directory option is 'Never'
         Skipping asset 'c:\krishna mini project\backend\InternalExamScrutinySystem.Api\wwwroot\Uploads\QuestionPapers\17_1_PCCST302_Series 1_639104293168649804.pdf' since copy to output directory option is 'Never'
         Skipping asset 'c:\krishna mini project\backend\InternalExamScrutinySystem.Api\wwwroot\Uploads\QuestionPapers\17_1_PCCST302_Series 1_639104322600824607.pdf' since copy to output directory option is 'Never'
         Skipping asset 'c:\krishna mini project\backend\InternalExamScrutinySystem.Api\wwwroot\Uploads\QuestionPapers\17_1_PCCST302_Series 2_639104295546139500.pdf' since copy to output directory option is 'Never'
         Skipping asset 'c:\krishna mini project\backend\InternalExamScrutinySystem.Api\wwwroot\Uploads\QuestionPapers\17_1_PCCST303_639098918922192437.pdf' since copy to output directory option is 'Never'
         Skipping asset 'c:\krishna mini project\backend\InternalExamScrutinySystem.Api\wwwroot\Uploads\QuestionPapers\17_1_PCCST303_Series 1_639103711579744496.pdf' since copy to output directory option is 'Never'
         Skipping asset 'c:\krishna mini project\backend\InternalExamScrutinySystem.Api\wwwroot\Uploads\QuestionPapers\17_1_PCCST303_Series 2_639103907867228022.pdf' since copy to output directory option is 'Never'
         Skipping asset 'c:\krishna mini project\backend\InternalExamScrutinySystem.Api\wwwroot\Uploads\QuestionPapers\18_2_PBCST 304_639099531071334486.pdf' since copy to output directory option is 'Never'
       Done executing task "CollectStaticWebAssetsToCopy".
   1:7>Done building target "_SplitStaticWebAssetsByCopyOptions" in project "InternalExamScrutinySystem.Api.csproj".
   1:7>Target "_BuildCopyStaticWebAssetsPreserveNewest" in file "C:\Program Files\dotnet\sdk\10.0.101\Sdks\Microsoft.NET.Sdk.StaticWebAssets\targets\Microsoft.NET.Sdk.StaticWebAssets.targets" from project "c:\krishna mini project\backend\InternalExamScrutinySystem.Api\InternalExamScrutinySystem.Api.csproj" (target "StaticWebAssetsPrepareForRun" depends on it):
       Skipping target "_BuildCopyStaticWebAssetsPreserveNewest" because it has no outputs.
       Though the target has declared its outputs, the output specification only references empty properties and/or empty item lists.
   1:7>Done building target "_BuildCopyStaticWebAssetsPreserveNewest" in project "InternalExamScrutinySystem.Api.csproj".
   1:7>Target "_BuildCopyStaticWebAssetsAlways" in file "C:\Program Files\dotnet\sdk\10.0.101\Sdks\Microsoft.NET.Sdk.StaticWebAssets\targets\Microsoft.NET.Sdk.StaticWebAssets.targets" from project "c:\krishna mini project\backend\InternalExamScrutinySystem.Api\InternalExamScrutinySystem.Api.csproj" (target "StaticWebAssetsPrepareForRun" depends on it):
       Using "Copy" task from assembly "Microsoft.Build.Tasks.Core, Version=15.1.0.0, Culture=neutral, PublicKeyToken=b03f5f7f11d50a3a".
       Task "Copy"
       Done executing task "Copy".
   1:7>Done building target "_BuildCopyStaticWebAssetsAlways" in project "InternalExamScrutinySystem.Api.csproj".
   1:7>Target "StaticWebAssetsPrepareForRun" in file "C:\Program Files\dotnet\sdk\10.0.101\Sdks\Microsoft.NET.Sdk.StaticWebAssets\targets\Microsoft.NET.Sdk.StaticWebAssets.targets" from project "c:\krishna mini project\backend\InternalExamScrutinySystem.Api\InternalExamScrutinySystem.Api.csproj" (target "PrepareForRun" depends on it):
   1:7>Done building target "StaticWebAssetsPrepareForRun" in project "InternalExamScrutinySystem.Api.csproj".
   1:7>Target "_CopyFilesMarkedCopyLocal" in file "C:\Program Files\dotnet\sdk\10.0.101\Microsoft.Common.CurrentVersion.targets" from project "c:\krishna mini project\backend\InternalExamScrutinySystem.Api\InternalExamScrutinySystem.Api.csproj" (target "CopyFilesToOutputDirectory" depends on it):
       Task "Copy"
         Did not copy from file "C:\Users\MUKHIL\.nuget\packages\azure.core\1.38.0\lib\net6.0\Azure.Core.dll" to file "bin\Debug\net8.0\Azure.Core.dll" because the "SkipUnchangedFiles" parameter was set to "true" in the project and the files' sizes and timestamps match.
         Did not copy from file "C:\Users\MUKHIL\.nuget\packages\azure.identity\1.11.4\lib\netstandard2.0\Azure.Identity.dll" to file "bin\Debug\net8.0\Azure.Identity.dll" because the "SkipUnchangedFiles" parameter was set to "true" in the project and the files' sizes and timestamps match.
         Did not copy from file "C:\Users\MUKHIL\.nuget\packages\humanizer.core\2.14.1\lib\net6.0\Humanizer.dll" to file "bin\Debug\net8.0\Humanizer.dll" because the "SkipUnchangedFiles" parameter was set to "true" in the project and the files' sizes and timestamps match.
         Did not copy from file "C:\Users\MUKHIL\.nuget\packages\microsoft.aspnetcore.authentication.jwtbearer\8.0.25\lib\net8.0\Microsoft.AspNetCore.Authentication.JwtBearer.dll" to file "bin\Debug\net8.0\Microsoft.AspNetCore.Authentication.JwtBearer.dll" because the "SkipUnchangedFiles" parameter was set to "true" in the project and the files' sizes and timestamps match.
         Did not copy from file "C:\Users\MUKHIL\.nuget\packages\automapper\13.0.0\lib\net6.0\AutoMapper.dll" to file "bin\Debug\net8.0\AutoMapper.dll" because the "SkipUnchangedFiles" parameter was set to "true" in the project and the files' sizes and timestamps match.
         Did not copy from file "C:\Users\MUKHIL\.nuget\packages\microsoft.codeanalysis.workspaces.common\4.5.0\lib\netcoreapp3.1\Microsoft.CodeAnalysis.Workspaces.dll" to file "bin\Debug\net8.0\Microsoft.CodeAnalysis.Workspaces.dll" because the "SkipUnchangedFiles" parameter was set to "true" in the project and the files' sizes and timestamps match.
         Did not copy from file "C:\Users\MUKHIL\.nuget\packages\microsoft.aspnetcore.openapi\8.0.8\lib\net8.0\Microsoft.AspNetCore.OpenApi.dll" to file "bin\Debug\net8.0\Microsoft.AspNetCore.OpenApi.dll" because the "SkipUnchangedFiles" parameter was set to "true" in the project and the files' sizes and timestamps match.
         Did not copy from file "C:\Users\MUKHIL\.nuget\packages\microsoft.codeanalysis.common\4.5.0\lib\netcoreapp3.1\Microsoft.CodeAnalysis.dll" to file "bin\Debug\net8.0\Microsoft.CodeAnalysis.dll" because the "SkipUnchangedFiles" parameter was set to "true" in the project and the files' sizes and timestamps match.
         Did not copy from file "C:\Users\MUKHIL\.nuget\packages\microsoft.bcl.asyncinterfaces\6.0.0\lib\netstandard2.1\Microsoft.Bcl.AsyncInterfaces.dll" to file "bin\Debug\net8.0\Microsoft.Bcl.AsyncInterfaces.dll" because the "SkipUnchangedFiles" parameter was set to "true" in the project and the files' sizes and timestamps match.
         Did not copy from file "C:\Users\MUKHIL\.nuget\packages\microsoft.codeanalysis.csharp.workspaces\4.5.0\lib\netcoreapp3.1\Microsoft.CodeAnalysis.CSharp.Workspaces.dll" to file "bin\Debug\net8.0\Microsoft.CodeAnalysis.CSharp.Workspaces.dll" because the "SkipUnchangedFiles" parameter was set to "true" in the project and the files' sizes and timestamps match.
         Did not copy from file "C:\Users\MUKHIL\.nuget\packages\microsoft.codeanalysis.csharp\4.5.0\lib\netcoreapp3.1\Microsoft.CodeAnalysis.CSharp.dll" to file "bin\Debug\net8.0\Microsoft.CodeAnalysis.CSharp.dll" because the "SkipUnchangedFiles" parameter was set to "true" in the project and the files' sizes and timestamps match.
         Did not copy from file "C:\Users\MUKHIL\.nuget\packages\microsoft.data.sqlclient\5.1.7\lib\net6.0\Microsoft.Data.SqlClient.dll" to file "bin\Debug\net8.0\Microsoft.Data.SqlClient.dll" because the "SkipUnchangedFiles" parameter was set to "true" in the project and the files' sizes and timestamps match.
         Did not copy from file "C:\Users\MUKHIL\.nuget\packages\microsoft.entityframeworkcore.abstractions\8.0.25\lib\net8.0\Microsoft.EntityFrameworkCore.Abstractions.dll" to file "bin\Debug\net8.0\Microsoft.EntityFrameworkCore.Abstractions.dll" because the "SkipUnchangedFiles" parameter was set to "true" in the project and the files' sizes and timestamps match.
         Did not copy from file "C:\Users\MUKHIL\.nuget\packages\microsoft.entityframeworkcore.design\8.0.25\lib\net8.0\Microsoft.EntityFrameworkCore.Design.dll" to file "bin\Debug\net8.0\Microsoft.EntityFrameworkCore.Design.dll" because the "SkipUnchangedFiles" parameter was set to "true" in the project and the files' sizes and timestamps match.
         Did not copy from file "C:\Users\MUKHIL\.nuget\packages\microsoft.entityframeworkcore\8.0.25\lib\net8.0\Microsoft.EntityFrameworkCore.dll" to file "bin\Debug\net8.0\Microsoft.EntityFrameworkCore.dll" because the "SkipUnchangedFiles" parameter was set to "true" in the project and the files' sizes and timestamps match.
         Did not copy from file "C:\Users\MUKHIL\.nuget\packages\microsoft.entityframeworkcore.relational\8.0.25\lib\net8.0\Microsoft.EntityFrameworkCore.Relational.dll" to file "bin\Debug\net8.0\Microsoft.EntityFrameworkCore.Relational.dll" because the "SkipUnchangedFiles" parameter was set to "true" in the project and the files' sizes and timestamps match.
         Did not copy from file "C:\Users\MUKHIL\.nuget\packages\microsoft.entityframeworkcore.sqlserver\8.0.25\lib\net8.0\Microsoft.EntityFrameworkCore.SqlServer.dll" to file "bin\Debug\net8.0\Microsoft.EntityFrameworkCore.SqlServer.dll" because the "SkipUnchangedFiles" parameter was set to "true" in the project and the files' sizes and timestamps match.
         Did not copy from file "C:\Users\MUKHIL\.nuget\packages\microsoft.extensions.caching.memory\8.0.1\lib\net8.0\Microsoft.Extensions.Caching.Memory.dll" to file "bin\Debug\net8.0\Microsoft.Extensions.Caching.Memory.dll" because the "SkipUnchangedFiles" parameter was set to "true" in the project and the files' sizes and timestamps match.
         Did not copy from file "C:\Users\MUKHIL\.nuget\packages\microsoft.extensions.dependencyinjection\8.0.1\lib\net8.0\Microsoft.Extensions.DependencyInjection.dll" to file "bin\Debug\net8.0\Microsoft.Extensions.DependencyInjection.dll" because the "SkipUnchangedFiles" parameter was set to "true" in the project and the files' sizes and timestamps match.
         Did not copy from file "C:\Users\MUKHIL\.nuget\packages\microsoft.extensions.dependencyinjection.abstractions\8.0.2\lib\net8.0\Microsoft.Extensions.DependencyInjection.Abstractions.dll" to file "bin\Debug\net8.0\Microsoft.Extensions.DependencyInjection.Abstractions.dll" because the "SkipUnchangedFiles" parameter was set to "true" in the project and the files' sizes and timestamps match.
         Did not copy from file "C:\Users\MUKHIL\.nuget\packages\microsoft.extensions.dependencymodel\8.0.2\lib\net8.0\Microsoft.Extensions.DependencyModel.dll" to file "bin\Debug\net8.0\Microsoft.Extensions.DependencyModel.dll" because the "SkipUnchangedFiles" parameter was set to "true" in the project and the files' sizes and timestamps match.
         Did not copy from file "C:\Users\MUKHIL\.nuget\packages\microsoft.extensions.diagnostics.abstractions\8.0.1\lib\net8.0\Microsoft.Extensions.Diagnostics.Abstractions.dll" to file "bin\Debug\net8.0\Microsoft.Extensions.Diagnostics.Abstractions.dll" because the "SkipUnchangedFiles" parameter was set to "true" in the project and the files' sizes and timestamps match.
         Did not copy from file "C:\Users\MUKHIL\.nuget\packages\microsoft.extensions.logging.abstractions\8.0.2\lib\net8.0\Microsoft.Extensions.Logging.Abstractions.dll" to file "bin\Debug\net8.0\Microsoft.Extensions.Logging.Abstractions.dll" because the "SkipUnchangedFiles" parameter was set to "true" in the project and the files' sizes and timestamps match.
         Did not copy from file "C:\Users\MUKHIL\.nuget\packages\microsoft.extensions.logging\8.0.1\lib\net8.0\Microsoft.Extensions.Logging.dll" to file "bin\Debug\net8.0\Microsoft.Extensions.Logging.dll" because the "SkipUnchangedFiles" parameter was set to "true" in the project and the files' sizes and timestamps match.
         Did not copy from file "C:\Users\MUKHIL\.nuget\packages\microsoft.extensions.hosting.abstractions\8.0.1\lib\net8.0\Microsoft.Extensions.Hosting.Abstractions.dll" to file "bin\Debug\net8.0\Microsoft.Extensions.Hosting.Abstractions.dll" because the "SkipUnchangedFiles" parameter was set to "true" in the project and the files' sizes and timestamps match.
         Did not copy from file "C:\Users\MUKHIL\.nuget\packages\microsoft.identity.client\4.61.3\lib\net6.0\Microsoft.Identity.Client.dll" to file "bin\Debug\net8.0\Microsoft.Identity.Client.dll" because the "SkipUnchangedFiles" parameter was set to "true" in the project and the files' sizes and timestamps match.
         Did not copy from file "C:\Users\MUKHIL\.nuget\packages\microsoft.extensions.options\8.0.2\lib\net8.0\Microsoft.Extensions.Options.dll" to file "bin\Debug\net8.0\Microsoft.Extensions.Options.dll" because the "SkipUnchangedFiles" parameter was set to "true" in the project and the files' sizes and timestamps match.
         Did not copy from file "C:\Users\MUKHIL\.nuget\packages\microsoft.extensions.webencoders\8.0.11\lib\net8.0\Microsoft.Extensions.WebEncoders.dll" to file "bin\Debug\net8.0\Microsoft.Extensions.WebEncoders.dll" because the "SkipUnchangedFiles" parameter was set to "true" in the project and the files' sizes and timestamps match.
         Did not copy from file "C:\Users\MUKHIL\.nuget\packages\microsoft.identity.client.extensions.msal\4.61.3\lib\net6.0\Microsoft.Identity.Client.Extensions.Msal.dll" to file "bin\Debug\net8.0\Microsoft.Identity.Client.Extensions.Msal.dll" because the "SkipUnchangedFiles" parameter was set to "true" in the project and the files' sizes and timestamps match.
         Did not copy from file "C:\Users\MUKHIL\.nuget\packages\microsoft.extensions.objectpool\8.0.11\lib\net8.0\Microsoft.Extensions.ObjectPool.dll" to file "bin\Debug\net8.0\Microsoft.Extensions.ObjectPool.dll" because the "SkipUnchangedFiles" parameter was set to "true" in the project and the files' sizes and timestamps match.
         Did not copy from file "C:\Users\MUKHIL\.nuget\packages\microsoft.identitymodel.abstractions\7.1.2\lib\net8.0\Microsoft.IdentityModel.Abstractions.dll" to file "bin\Debug\net8.0\Microsoft.IdentityModel.Abstractions.dll" because the "SkipUnchangedFiles" parameter was set to "true" in the project and the files' sizes and timestamps match.
         Did not copy from file "C:\Users\MUKHIL\.nuget\packages\microsoft.identitymodel.jsonwebtokens\7.1.2\lib\net8.0\Microsoft.IdentityModel.JsonWebTokens.dll" to file "bin\Debug\net8.0\Microsoft.IdentityModel.JsonWebTokens.dll" because the "SkipUnchangedFiles" parameter was set to "true" in the project and the files' sizes and timestamps match.
         Did not copy from file "C:\Users\MUKHIL\.nuget\packages\microsoft.identitymodel.logging\7.1.2\lib\net8.0\Microsoft.IdentityModel.Logging.dll" to file "bin\Debug\net8.0\Microsoft.IdentityModel.Logging.dll" because the "SkipUnchangedFiles" parameter was set to "true" in the project and the files' sizes and timestamps match.
         Did not copy from file "C:\Users\MUKHIL\.nuget\packages\microsoft.identitymodel.protocols.openidconnect\7.1.2\lib\net8.0\Microsoft.IdentityModel.Protocols.OpenIdConnect.dll" to file "bin\Debug\net8.0\Microsoft.IdentityModel.Protocols.OpenIdConnect.dll" because the "SkipUnchangedFiles" parameter was set to "true" in the project and the files' sizes and timestamps match.
         Did not copy from file "C:\Users\MUKHIL\.nuget\packages\microsoft.identitymodel.protocols\7.1.2\lib\net8.0\Microsoft.IdentityModel.Protocols.dll" to file "bin\Debug\net8.0\Microsoft.IdentityModel.Protocols.dll" because the "SkipUnchangedFiles" parameter was set to "true" in the project and the files' sizes and timestamps match.
         Did not copy from file "C:\Users\MUKHIL\.nuget\packages\microsoft.openapi\1.6.14\lib\netstandard2.0\Microsoft.OpenApi.dll" to file "bin\Debug\net8.0\Microsoft.OpenApi.dll" because the "SkipUnchangedFiles" parameter was set to "true" in the project and the files' sizes and timestamps match.
         Did not copy from file "C:\Users\MUKHIL\.nuget\packages\microsoft.sqlserver.server\1.0.0\lib\netstandard2.0\Microsoft.SqlServer.Server.dll" to file "bin\Debug\net8.0\Microsoft.SqlServer.Server.dll" because the "SkipUnchangedFiles" parameter was set to "true" in the project and the files' sizes and timestamps match.
         Did not copy from file "C:\Users\MUKHIL\.nuget\packages\microsoft.identitymodel.tokens\7.1.2\lib\net8.0\Microsoft.IdentityModel.Tokens.dll" to file "bin\Debug\net8.0\Microsoft.IdentityModel.Tokens.dll" because the "SkipUnchangedFiles" parameter was set to "true" in the project and the files' sizes and timestamps match.
         Did not copy from file "C:\Users\MUKHIL\.nuget\packages\mono.texttemplating\2.2.1\lib\netstandard2.0\Mono.TextTemplating.dll" to file "bin\Debug\net8.0\Mono.TextTemplating.dll" because the "SkipUnchangedFiles" parameter was set to "true" in the project and the files' sizes and timestamps match.
         Did not copy from file "C:\Users\MUKHIL\.nuget\packages\microsoft.win32.systemevents\6.0.0\lib\net6.0\Microsoft.Win32.SystemEvents.dll" to file "bin\Debug\net8.0\Microsoft.Win32.SystemEvents.dll" because the "SkipUnchangedFiles" parameter was set to "true" in the project and the files' sizes and timestamps match.
         Did not copy from file "C:\Users\MUKHIL\.nuget\packages\swashbuckle.aspnetcore.swaggergen\6.6.2\lib\net8.0\Swashbuckle.AspNetCore.SwaggerGen.dll" to file "bin\Debug\net8.0\Swashbuckle.AspNetCore.SwaggerGen.dll" because the "SkipUnchangedFiles" parameter was set to "true" in the project and the files' sizes and timestamps match.
         Did not copy from file "C:\Users\MUKHIL\.nuget\packages\system.codedom\4.4.0\lib\netstandard2.0\System.CodeDom.dll" to file "bin\Debug\net8.0\System.CodeDom.dll" because the "SkipUnchangedFiles" parameter was set to "true" in the project and the files' sizes and timestamps match.
         Did not copy from file "C:\Users\MUKHIL\.nuget\packages\swashbuckle.aspnetcore.swagger\6.6.2\lib\net8.0\Swashbuckle.AspNetCore.Swagger.dll" to file "bin\Debug\net8.0\Swashbuckle.AspNetCore.Swagger.dll" because the "SkipUnchangedFiles" parameter was set to "true" in the project and the files' sizes and timestamps match.
         Did not copy from file "C:\Users\MUKHIL\.nuget\packages\swashbuckle.aspnetcore.swaggerui\6.6.2\lib\net8.0\Swashbuckle.AspNetCore.SwaggerUI.dll" to file "bin\Debug\net8.0\Swashbuckle.AspNetCore.SwaggerUI.dll" because the "SkipUnchangedFiles" parameter was set to "true" in the project and the files' sizes and timestamps match.
         Did not copy from file "C:\Users\MUKHIL\.nuget\packages\system.clientmodel\1.0.0\lib\net6.0\System.ClientModel.dll" to file "bin\Debug\net8.0\System.ClientModel.dll" because the "SkipUnchangedFiles" parameter was set to "true" in the project and the files' sizes and timestamps match.
         Did not copy from file "C:\Users\MUKHIL\.nuget\packages\system.composition.attributedmodel\6.0.0\lib\net6.0\System.Composition.AttributedModel.dll" to file "bin\Debug\net8.0\System.Composition.AttributedModel.dll" because the "SkipUnchangedFiles" parameter was set to "true" in the project and the files' sizes and timestamps match.
         Did not copy from file "C:\Users\MUKHIL\.nuget\packages\system.composition.hosting\6.0.0\lib\net6.0\System.Composition.Hosting.dll" to file "bin\Debug\net8.0\System.Composition.Hosting.dll" because the "SkipUnchangedFiles" parameter was set to "true" in the project and the files' sizes and timestamps match.
         Did not copy from file "C:\Users\MUKHIL\.nuget\packages\system.composition.runtime\6.0.0\lib\net6.0\System.Composition.Runtime.dll" to file "bin\Debug\net8.0\System.Composition.Runtime.dll" because the "SkipUnchangedFiles" parameter was set to "true" in the project and the files' sizes and timestamps match.
         Did not copy from file "C:\Users\MUKHIL\.nuget\packages\system.composition.convention\6.0.0\lib\net6.0\System.Composition.Convention.dll" to file "bin\Debug\net8.0\System.Composition.Convention.dll" because the "SkipUnchangedFiles" parameter was set to "true" in the project and the files' sizes and timestamps match.
         Did not copy from file "C:\Users\MUKHIL\.nuget\packages\system.composition.typedparts\6.0.0\lib\net6.0\System.Composition.TypedParts.dll" to file "bin\Debug\net8.0\System.Composition.TypedParts.dll" because the "SkipUnchangedFiles" parameter was set to "true" in the project and the files' sizes and timestamps match.
         Did not copy from file "C:\Users\MUKHIL\.nuget\packages\system.configuration.configurationmanager\6.0.1\lib\net6.0\System.Configuration.ConfigurationManager.dll" to file "bin\Debug\net8.0\System.Configuration.ConfigurationManager.dll" because the "SkipUnchangedFiles" parameter was set to "true" in the project and the files' sizes and timestamps match.
         Did not copy from file "C:\Users\MUKHIL\.nuget\packages\system.drawing.common\6.0.0\lib\net6.0\System.Drawing.Common.dll" to file "bin\Debug\net8.0\System.Drawing.Common.dll" because the "SkipUnchangedFiles" parameter was set to "true" in the project and the files' sizes and timestamps match.
         Did not copy from file "C:\Users\MUKHIL\.nuget\packages\system.runtime.caching\6.0.0\lib\net6.0\System.Runtime.Caching.dll" to file "bin\Debug\net8.0\System.Runtime.Caching.dll" because the "SkipUnchangedFiles" parameter was set to "true" in the project and the files' sizes and timestamps match.
         Did not copy from file "C:\Users\MUKHIL\.nuget\packages\system.identitymodel.tokens.jwt\7.1.2\lib\net8.0\System.IdentityModel.Tokens.Jwt.dll" to file "bin\Debug\net8.0\System.IdentityModel.Tokens.Jwt.dll" because the "SkipUnchangedFiles" parameter was set to "true" in the project and the files' sizes and timestamps match.
         Did not copy from file "C:\Users\MUKHIL\.nuget\packages\system.memory.data\1.0.2\lib\netstandard2.0\System.Memory.Data.dll" to file "bin\Debug\net8.0\System.Memory.Data.dll" because the "SkipUnchangedFiles" parameter was set to "true" in the project and the files' sizes and timestamps match.
         Did not copy from file "C:\Users\MUKHIL\.nuget\packages\system.security.cryptography.protecteddata\6.0.0\lib\net6.0\System.Security.Cryptography.ProtectedData.dll" to file "bin\Debug\net8.0\System.Security.Cryptography.ProtectedData.dll" because the "SkipUnchangedFiles" parameter was set to "true" in the project and the files' sizes and timestamps match.
         Did not copy from file "C:\Users\MUKHIL\.nuget\packages\system.security.cryptography.pkcs\8.0.1\lib\net8.0\System.Security.Cryptography.Pkcs.dll" to file "bin\Debug\net8.0\System.Security.Cryptography.Pkcs.dll" because the "SkipUnchangedFiles" parameter was set to "true" in the project and the files' sizes and timestamps match.
         Did not copy from file "C:\Users\MUKHIL\.nuget\packages\system.security.cryptography.xml\8.0.2\lib\net8.0\System.Security.Cryptography.Xml.dll" to file "bin\Debug\net8.0\System.Security.Cryptography.Xml.dll" because the "SkipUnchangedFiles" parameter was set to "true" in the project and the files' sizes and timestamps match.
         Did not copy from file "C:\Users\MUKHIL\.nuget\packages\system.windows.extensions\6.0.0\lib\net6.0\System.Windows.Extensions.dll" to file "bin\Debug\net8.0\System.Windows.Extensions.dll" because the "SkipUnchangedFiles" parameter was set to "true" in the project and the files' sizes and timestamps match.
         Did not copy from file "C:\Users\MUKHIL\.nuget\packages\system.security.permissions\6.0.0\lib\net6.0\System.Security.Permissions.dll" to file "bin\Debug\net8.0\System.Security.Permissions.dll" because the "SkipUnchangedFiles" parameter was set to "true" in the project and the files' sizes and timestamps match.
         Did not copy from file "C:\Users\MUKHIL\.nuget\packages\microsoft.codeanalysis.common\4.5.0\lib\netcoreapp3.1\cs\Microsoft.CodeAnalysis.resources.dll" to file "bin\Debug\net8.0\cs\Microsoft.CodeAnalysis.resources.dll" because the "SkipUnchangedFiles" parameter was set to "true" in the project and the files' sizes and timestamps match.
         Did not copy from file "C:\Users\MUKHIL\.nuget\packages\microsoft.codeanalysis.common\4.5.0\lib\netcoreapp3.1\de\Microsoft.CodeAnalysis.resources.dll" to file "bin\Debug\net8.0\de\Microsoft.CodeAnalysis.resources.dll" because the "SkipUnchangedFiles" parameter was set to "true" in the project and the files' sizes and timestamps match.
         Did not copy from file "C:\Users\MUKHIL\.nuget\packages\microsoft.codeanalysis.common\4.5.0\lib\netcoreapp3.1\it\Microsoft.CodeAnalysis.resources.dll" to file "bin\Debug\net8.0\it\Microsoft.CodeAnalysis.resources.dll" because the "SkipUnchangedFiles" parameter was set to "true" in the project and the files' sizes and timestamps match.
         Did not copy from file "C:\Users\MUKHIL\.nuget\packages\microsoft.codeanalysis.common\4.5.0\lib\netcoreapp3.1\es\Microsoft.CodeAnalysis.resources.dll" to file "bin\Debug\net8.0\es\Microsoft.CodeAnalysis.resources.dll" because the "SkipUnchangedFiles" parameter was set to "true" in the project and the files' sizes and timestamps match.
         Did not copy from file "C:\Users\MUKHIL\.nuget\packages\microsoft.codeanalysis.common\4.5.0\lib\netcoreapp3.1\fr\Microsoft.CodeAnalysis.resources.dll" to file "bin\Debug\net8.0\fr\Microsoft.CodeAnalysis.resources.dll" because the "SkipUnchangedFiles" parameter was set to "true" in the project and the files' sizes and timestamps match.
         Did not copy from file "C:\Users\MUKHIL\.nuget\packages\microsoft.codeanalysis.common\4.5.0\lib\netcoreapp3.1\pl\Microsoft.CodeAnalysis.resources.dll" to file "bin\Debug\net8.0\pl\Microsoft.CodeAnalysis.resources.dll" because the "SkipUnchangedFiles" parameter was set to "true" in the project and the files' sizes and timestamps match.
         Did not copy from file "C:\Users\MUKHIL\.nuget\packages\microsoft.codeanalysis.common\4.5.0\lib\netcoreapp3.1\ja\Microsoft.CodeAnalysis.resources.dll" to file "bin\Debug\net8.0\ja\Microsoft.CodeAnalysis.resources.dll" because the "SkipUnchangedFiles" parameter was set to "true" in the project and the files' sizes and timestamps match.
         Did not copy from file "C:\Users\MUKHIL\.nuget\packages\microsoft.codeanalysis.common\4.5.0\lib\netcoreapp3.1\ko\Microsoft.CodeAnalysis.resources.dll" to file "bin\Debug\net8.0\ko\Microsoft.CodeAnalysis.resources.dll" because the "SkipUnchangedFiles" parameter was set to "true" in the project and the files' sizes and timestamps match.
         Did not copy from file "C:\Users\MUKHIL\.nuget\packages\microsoft.codeanalysis.common\4.5.0\lib\netcoreapp3.1\pt-BR\Microsoft.CodeAnalysis.resources.dll" to file "bin\Debug\net8.0\pt-BR\Microsoft.CodeAnalysis.resources.dll" because the "SkipUnchangedFiles" parameter was set to "true" in the project and the files' sizes and timestamps match.
         Did not copy from file "C:\Users\MUKHIL\.nuget\packages\microsoft.codeanalysis.common\4.5.0\lib\netcoreapp3.1\tr\Microsoft.CodeAnalysis.resources.dll" to file "bin\Debug\net8.0\tr\Microsoft.CodeAnalysis.resources.dll" because the "SkipUnchangedFiles" parameter was set to "true" in the project and the files' sizes and timestamps match.
         Did not copy from file "C:\Users\MUKHIL\.nuget\packages\microsoft.codeanalysis.common\4.5.0\lib\netcoreapp3.1\zh-Hans\Microsoft.CodeAnalysis.resources.dll" to file "bin\Debug\net8.0\zh-Hans\Microsoft.CodeAnalysis.resources.dll" because the "SkipUnchangedFiles" parameter was set to "true" in the project and the files' sizes and timestamps match.
         Did not copy from file "C:\Users\MUKHIL\.nuget\packages\microsoft.codeanalysis.common\4.5.0\lib\netcoreapp3.1\zh-Hant\Microsoft.CodeAnalysis.resources.dll" to file "bin\Debug\net8.0\zh-Hant\Microsoft.CodeAnalysis.resources.dll" because the "SkipUnchangedFiles" parameter was set to "true" in the project and the files' sizes and timestamps match.
         Did not copy from file "C:\Users\MUKHIL\.nuget\packages\microsoft.codeanalysis.csharp\4.5.0\lib\netcoreapp3.1\cs\Microsoft.CodeAnalysis.CSharp.resources.dll" to file "bin\Debug\net8.0\cs\Microsoft.CodeAnalysis.CSharp.resources.dll" because the "SkipUnchangedFiles" parameter was set to "true" in the project and the files' sizes and timestamps match.
         Did not copy from file "C:\Users\MUKHIL\.nuget\packages\microsoft.codeanalysis.common\4.5.0\lib\netcoreapp3.1\ru\Microsoft.CodeAnalysis.resources.dll" to file "bin\Debug\net8.0\ru\Microsoft.CodeAnalysis.resources.dll" because the "SkipUnchangedFiles" parameter was set to "true" in the project and the files' sizes and timestamps match.
         Did not copy from file "C:\Users\MUKHIL\.nuget\packages\microsoft.codeanalysis.csharp\4.5.0\lib\netcoreapp3.1\de\Microsoft.CodeAnalysis.CSharp.resources.dll" to file "bin\Debug\net8.0\de\Microsoft.CodeAnalysis.CSharp.resources.dll" because the "SkipUnchangedFiles" parameter was set to "true" in the project and the files' sizes and timestamps match.
         Did not copy from file "C:\Users\MUKHIL\.nuget\packages\microsoft.codeanalysis.csharp\4.5.0\lib\netcoreapp3.1\es\Microsoft.CodeAnalysis.CSharp.resources.dll" to file "bin\Debug\net8.0\es\Microsoft.CodeAnalysis.CSharp.resources.dll" because the "SkipUnchangedFiles" parameter was set to "true" in the project and the files' sizes and timestamps match.
         Did not copy from file "C:\Users\MUKHIL\.nuget\packages\microsoft.codeanalysis.csharp\4.5.0\lib\netcoreapp3.1\it\Microsoft.CodeAnalysis.CSharp.resources.dll" to file "bin\Debug\net8.0\it\Microsoft.CodeAnalysis.CSharp.resources.dll" because the "SkipUnchangedFiles" parameter was set to "true" in the project and the files' sizes and timestamps match.
         Did not copy from file "C:\Users\MUKHIL\.nuget\packages\microsoft.codeanalysis.csharp\4.5.0\lib\netcoreapp3.1\fr\Microsoft.CodeAnalysis.CSharp.resources.dll" to file "bin\Debug\net8.0\fr\Microsoft.CodeAnalysis.CSharp.resources.dll" because the "SkipUnchangedFiles" parameter was set to "true" in the project and the files' sizes and timestamps match.
         Did not copy from file "C:\Users\MUKHIL\.nuget\packages\microsoft.codeanalysis.csharp\4.5.0\lib\netcoreapp3.1\ja\Microsoft.CodeAnalysis.CSharp.resources.dll" to file "bin\Debug\net8.0\ja\Microsoft.CodeAnalysis.CSharp.resources.dll" because the "SkipUnchangedFiles" parameter was set to "true" in the project and the files' sizes and timestamps match.
         Did not copy from file "C:\Users\MUKHIL\.nuget\packages\microsoft.codeanalysis.csharp\4.5.0\lib\netcoreapp3.1\pl\Microsoft.CodeAnalysis.CSharp.resources.dll" to file "bin\Debug\net8.0\pl\Microsoft.CodeAnalysis.CSharp.resources.dll" because the "SkipUnchangedFiles" parameter was set to "true" in the project and the files' sizes and timestamps match.
         Did not copy from file "C:\Users\MUKHIL\.nuget\packages\microsoft.codeanalysis.csharp\4.5.0\lib\netcoreapp3.1\pt-BR\Microsoft.CodeAnalysis.CSharp.resources.dll" to file "bin\Debug\net8.0\pt-BR\Microsoft.CodeAnalysis.CSharp.resources.dll" because the "SkipUnchangedFiles" parameter was set to "true" in the project and the files' sizes and timestamps match.
         Did not copy from file "C:\Users\MUKHIL\.nuget\packages\microsoft.codeanalysis.csharp\4.5.0\lib\netcoreapp3.1\ru\Microsoft.CodeAnalysis.CSharp.resources.dll" to file "bin\Debug\net8.0\ru\Microsoft.CodeAnalysis.CSharp.resources.dll" because the "SkipUnchangedFiles" parameter was set to "true" in the project and the files' sizes and timestamps match.
         Did not copy from file "C:\Users\MUKHIL\.nuget\packages\microsoft.codeanalysis.csharp\4.5.0\lib\netcoreapp3.1\tr\Microsoft.CodeAnalysis.CSharp.resources.dll" to file "bin\Debug\net8.0\tr\Microsoft.CodeAnalysis.CSharp.resources.dll" because the "SkipUnchangedFiles" parameter was set to "true" in the project and the files' sizes and timestamps match.
         Did not copy from file "C:\Users\MUKHIL\.nuget\packages\microsoft.codeanalysis.csharp\4.5.0\lib\netcoreapp3.1\zh-Hans\Microsoft.CodeAnalysis.CSharp.resources.dll" to file "bin\Debug\net8.0\zh-Hans\Microsoft.CodeAnalysis.CSharp.resources.dll" because the "SkipUnchangedFiles" parameter was set to "true" in the project and the files' sizes and timestamps match.
         Did not copy from file "C:\Users\MUKHIL\.nuget\packages\microsoft.codeanalysis.csharp\4.5.0\lib\netcoreapp3.1\ko\Microsoft.CodeAnalysis.CSharp.resources.dll" to file "bin\Debug\net8.0\ko\Microsoft.CodeAnalysis.CSharp.resources.dll" because the "SkipUnchangedFiles" parameter was set to "true" in the project and the files' sizes and timestamps match.
         Did not copy from file "C:\Users\MUKHIL\.nuget\packages\microsoft.codeanalysis.csharp\4.5.0\lib\netcoreapp3.1\zh-Hant\Microsoft.CodeAnalysis.CSharp.resources.dll" to file "bin\Debug\net8.0\zh-Hant\Microsoft.CodeAnalysis.CSharp.resources.dll" because the "SkipUnchangedFiles" parameter was set to "true" in the project and the files' sizes and timestamps match.
         Did not copy from file "C:\Users\MUKHIL\.nuget\packages\microsoft.codeanalysis.csharp.workspaces\4.5.0\lib\netcoreapp3.1\cs\Microsoft.CodeAnalysis.CSharp.Workspaces.resources.dll" to file "bin\Debug\net8.0\cs\Microsoft.CodeAnalysis.CSharp.Workspaces.resources.dll" because the "SkipUnchangedFiles" parameter was set to "true" in the project and the files' sizes and timestamps match.
         Did not copy from file "C:\Users\MUKHIL\.nuget\packages\microsoft.codeanalysis.csharp.workspaces\4.5.0\lib\netcoreapp3.1\de\Microsoft.CodeAnalysis.CSharp.Workspaces.resources.dll" to file "bin\Debug\net8.0\de\Microsoft.CodeAnalysis.CSharp.Workspaces.resources.dll" because the "SkipUnchangedFiles" parameter was set to "true" in the project and the files' sizes and timestamps match.
         Did not copy from file "C:\Users\MUKHIL\.nuget\packages\microsoft.codeanalysis.csharp.workspaces\4.5.0\lib\netcoreapp3.1\es\Microsoft.CodeAnalysis.CSharp.Workspaces.resources.dll" to file "bin\Debug\net8.0\es\Microsoft.CodeAnalysis.CSharp.Workspaces.resources.dll" because the "SkipUnchangedFiles" parameter was set to "true" in the project and the files' sizes and timestamps match.
         Did not copy from file "C:\Users\MUKHIL\.nuget\packages\microsoft.codeanalysis.csharp.workspaces\4.5.0\lib\netcoreapp3.1\fr\Microsoft.CodeAnalysis.CSharp.Workspaces.resources.dll" to file "bin\Debug\net8.0\fr\Microsoft.CodeAnalysis.CSharp.Workspaces.resources.dll" because the "SkipUnchangedFiles" parameter was set to "true" in the project and the files' sizes and timestamps match.
         Did not copy from file "C:\Users\MUKHIL\.nuget\packages\microsoft.codeanalysis.csharp.workspaces\4.5.0\lib\netcoreapp3.1\it\Microsoft.CodeAnalysis.CSharp.Workspaces.resources.dll" to file "bin\Debug\net8.0\it\Microsoft.CodeAnalysis.CSharp.Workspaces.resources.dll" because the "SkipUnchangedFiles" parameter was set to "true" in the project and the files' sizes and timestamps match.
         Did not copy from file "C:\Users\MUKHIL\.nuget\packages\microsoft.codeanalysis.csharp.workspaces\4.5.0\lib\netcoreapp3.1\ja\Microsoft.CodeAnalysis.CSharp.Workspaces.resources.dll" to file "bin\Debug\net8.0\ja\Microsoft.CodeAnalysis.CSharp.Workspaces.resources.dll" because the "SkipUnchangedFiles" parameter was set to "true" in the project and the files' sizes and timestamps match.
         Did not copy from file "C:\Users\MUKHIL\.nuget\packages\microsoft.codeanalysis.csharp.workspaces\4.5.0\lib\netcoreapp3.1\pl\Microsoft.CodeAnalysis.CSharp.Workspaces.resources.dll" to file "bin\Debug\net8.0\pl\Microsoft.CodeAnalysis.CSharp.Workspaces.resources.dll" because the "SkipUnchangedFiles" parameter was set to "true" in the project and the files' sizes and timestamps match.
         Did not copy from file "C:\Users\MUKHIL\.nuget\packages\microsoft.codeanalysis.csharp.workspaces\4.5.0\lib\netcoreapp3.1\ru\Microsoft.CodeAnalysis.CSharp.Workspaces.resources.dll" to file "bin\Debug\net8.0\ru\Microsoft.CodeAnalysis.CSharp.Workspaces.resources.dll" because the "SkipUnchangedFiles" parameter was set to "true" in the project and the files' sizes and timestamps match.
         Did not copy from file "C:\Users\MUKHIL\.nuget\packages\microsoft.codeanalysis.csharp.workspaces\4.5.0\lib\netcoreapp3.1\pt-BR\Microsoft.CodeAnalysis.CSharp.Workspaces.resources.dll" to file "bin\Debug\net8.0\pt-BR\Microsoft.CodeAnalysis.CSharp.Workspaces.resources.dll" because the "SkipUnchangedFiles" parameter was set to "true" in the project and the files' sizes and timestamps match.
         Did not copy from file "C:\Users\MUKHIL\.nuget\packages\microsoft.codeanalysis.csharp.workspaces\4.5.0\lib\netcoreapp3.1\ko\Microsoft.CodeAnalysis.CSharp.Workspaces.resources.dll" to file "bin\Debug\net8.0\ko\Microsoft.CodeAnalysis.CSharp.Workspaces.resources.dll" because the "SkipUnchangedFiles" parameter was set to "true" in the project and the files' sizes and timestamps match.
         Did not copy from file "C:\Users\MUKHIL\.nuget\packages\microsoft.codeanalysis.csharp.workspaces\4.5.0\lib\netcoreapp3.1\tr\Microsoft.CodeAnalysis.CSharp.Workspaces.resources.dll" to file "bin\Debug\net8.0\tr\Microsoft.CodeAnalysis.CSharp.Workspaces.resources.dll" because the "SkipUnchangedFiles" parameter was set to "true" in the project and the files' sizes and timestamps match.
         Did not copy from file "C:\Users\MUKHIL\.nuget\packages\microsoft.codeanalysis.csharp.workspaces\4.5.0\lib\netcoreapp3.1\zh-Hant\Microsoft.CodeAnalysis.CSharp.Workspaces.resources.dll" to file "bin\Debug\net8.0\zh-Hant\Microsoft.CodeAnalysis.CSharp.Workspaces.resources.dll" because the "SkipUnchangedFiles" parameter was set to "true" in the project and the files' sizes and timestamps match.
         Did not copy from file "C:\Users\MUKHIL\.nuget\packages\microsoft.codeanalysis.workspaces.common\4.5.0\lib\netcoreapp3.1\cs\Microsoft.CodeAnalysis.Workspaces.resources.dll" to file "bin\Debug\net8.0\cs\Microsoft.CodeAnalysis.Workspaces.resources.dll" because the "SkipUnchangedFiles" parameter was set to "true" in the project and the files' sizes and timestamps match.
         Did not copy from file "C:\Users\MUKHIL\.nuget\packages\microsoft.codeanalysis.csharp.workspaces\4.5.0\lib\netcoreapp3.1\zh-Hans\Microsoft.CodeAnalysis.CSharp.Workspaces.resources.dll" to file "bin\Debug\net8.0\zh-Hans\Microsoft.CodeAnalysis.CSharp.Workspaces.resources.dll" because the "SkipUnchangedFiles" parameter was set to "true" in the project and the files' sizes and timestamps match.
         Did not copy from file "C:\Users\MUKHIL\.nuget\packages\microsoft.codeanalysis.workspaces.common\4.5.0\lib\netcoreapp3.1\de\Microsoft.CodeAnalysis.Workspaces.resources.dll" to file "bin\Debug\net8.0\de\Microsoft.CodeAnalysis.Workspaces.resources.dll" because the "SkipUnchangedFiles" parameter was set to "true" in the project and the files' sizes and timestamps match.
         Did not copy from file "C:\Users\MUKHIL\.nuget\packages\microsoft.codeanalysis.workspaces.common\4.5.0\lib\netcoreapp3.1\fr\Microsoft.CodeAnalysis.Workspaces.resources.dll" to file "bin\Debug\net8.0\fr\Microsoft.CodeAnalysis.Workspaces.resources.dll" because the "SkipUnchangedFiles" parameter was set to "true" in the project and the files' sizes and timestamps match.
         Did not copy from file "C:\Users\MUKHIL\.nuget\packages\microsoft.codeanalysis.workspaces.common\4.5.0\lib\netcoreapp3.1\it\Microsoft.CodeAnalysis.Workspaces.resources.dll" to file "bin\Debug\net8.0\it\Microsoft.CodeAnalysis.Workspaces.resources.dll" because the "SkipUnchangedFiles" parameter was set to "true" in the project and the files' sizes and timestamps match.
         Did not copy from file "C:\Users\MUKHIL\.nuget\packages\microsoft.codeanalysis.workspaces.common\4.5.0\lib\netcoreapp3.1\ko\Microsoft.CodeAnalysis.Workspaces.resources.dll" to file "bin\Debug\net8.0\ko\Microsoft.CodeAnalysis.Workspaces.resources.dll" because the "SkipUnchangedFiles" parameter was set to "true" in the project and the files' sizes and timestamps match.
         Did not copy from file "C:\Users\MUKHIL\.nuget\packages\microsoft.codeanalysis.workspaces.common\4.5.0\lib\netcoreapp3.1\ja\Microsoft.CodeAnalysis.Workspaces.resources.dll" to file "bin\Debug\net8.0\ja\Microsoft.CodeAnalysis.Workspaces.resources.dll" because the "SkipUnchangedFiles" parameter was set to "true" in the project and the files' sizes and timestamps match.
         Did not copy from file "C:\Users\MUKHIL\.nuget\packages\microsoft.codeanalysis.workspaces.common\4.5.0\lib\netcoreapp3.1\pl\Microsoft.CodeAnalysis.Workspaces.resources.dll" to file "bin\Debug\net8.0\pl\Microsoft.CodeAnalysis.Workspaces.resources.dll" because the "SkipUnchangedFiles" parameter was set to "true" in the project and the files' sizes and timestamps match.
         Did not copy from file "C:\Users\MUKHIL\.nuget\packages\microsoft.codeanalysis.workspaces.common\4.5.0\lib\netcoreapp3.1\pt-BR\Microsoft.CodeAnalysis.Workspaces.resources.dll" to file "bin\Debug\net8.0\pt-BR\Microsoft.CodeAnalysis.Workspaces.resources.dll" because the "SkipUnchangedFiles" parameter was set to "true" in the project and the files' sizes and timestamps match.
         Did not copy from file "C:\Users\MUKHIL\.nuget\packages\microsoft.codeanalysis.workspaces.common\4.5.0\lib\netcoreapp3.1\es\Microsoft.CodeAnalysis.Workspaces.resources.dll" to file "bin\Debug\net8.0\es\Microsoft.CodeAnalysis.Workspaces.resources.dll" because the "SkipUnchangedFiles" parameter was set to "true" in the project and the files' sizes and timestamps match.
         Did not copy from file "C:\Users\MUKHIL\.nuget\packages\microsoft.codeanalysis.workspaces.common\4.5.0\lib\netcoreapp3.1\tr\Microsoft.CodeAnalysis.Workspaces.resources.dll" to file "bin\Debug\net8.0\tr\Microsoft.CodeAnalysis.Workspaces.resources.dll" because the "SkipUnchangedFiles" parameter was set to "true" in the project and the files' sizes and timestamps match.
         Did not copy from file "C:\Users\MUKHIL\.nuget\packages\microsoft.codeanalysis.workspaces.common\4.5.0\lib\netcoreapp3.1\ru\Microsoft.CodeAnalysis.Workspaces.resources.dll" to file "bin\Debug\net8.0\ru\Microsoft.CodeAnalysis.Workspaces.resources.dll" because the "SkipUnchangedFiles" parameter was set to "true" in the project and the files' sizes and timestamps match.
         Did not copy from file "C:\Users\MUKHIL\.nuget\packages\microsoft.codeanalysis.workspaces.common\4.5.0\lib\netcoreapp3.1\zh-Hans\Microsoft.CodeAnalysis.Workspaces.resources.dll" to file "bin\Debug\net8.0\zh-Hans\Microsoft.CodeAnalysis.Workspaces.resources.dll" because the "SkipUnchangedFiles" parameter was set to "true" in the project and the files' sizes and timestamps match.
         Did not copy from file "C:\Users\MUKHIL\.nuget\packages\microsoft.codeanalysis.workspaces.common\4.5.0\lib\netcoreapp3.1\zh-Hant\Microsoft.CodeAnalysis.Workspaces.resources.dll" to file "bin\Debug\net8.0\zh-Hant\Microsoft.CodeAnalysis.Workspaces.resources.dll" because the "SkipUnchangedFiles" parameter was set to "true" in the project and the files' sizes and timestamps match.
         Did not copy from file "C:\Users\MUKHIL\.nuget\packages\microsoft.data.sqlclient\5.1.7\runtimes\unix\lib\net6.0\Microsoft.Data.SqlClient.dll" to file "bin\Debug\net8.0\runtimes\unix\lib\net6.0\Microsoft.Data.SqlClient.dll" because the "SkipUnchangedFiles" parameter was set to "true" in the project and the files' sizes and timestamps match.
         Did not copy from file "C:\Users\MUKHIL\.nuget\packages\microsoft.data.sqlclient.sni.runtime\5.1.2\runtimes\win-arm64\native\Microsoft.Data.SqlClient.SNI.dll" to file "bin\Debug\net8.0\runtimes\win-arm64\native\Microsoft.Data.SqlClient.SNI.dll" because the "SkipUnchangedFiles" parameter was set to "true" in the project and the files' sizes and timestamps match.
         Did not copy from file "C:\Users\MUKHIL\.nuget\packages\microsoft.data.sqlclient\5.1.7\runtimes\win\lib\net6.0\Microsoft.Data.SqlClient.dll" to file "bin\Debug\net8.0\runtimes\win\lib\net6.0\Microsoft.Data.SqlClient.dll" because the "SkipUnchangedFiles" parameter was set to "true" in the project and the files' sizes and timestamps match.
         Did not copy from file "C:\Users\MUKHIL\.nuget\packages\microsoft.data.sqlclient.sni.runtime\5.1.2\runtimes\win-arm\native\Microsoft.Data.SqlClient.SNI.dll" to file "bin\Debug\net8.0\runtimes\win-arm\native\Microsoft.Data.SqlClient.SNI.dll" because the "SkipUnchangedFiles" parameter was set to "true" in the project and the files' sizes and timestamps match.
         Did not copy from file "C:\Users\MUKHIL\.nuget\packages\microsoft.data.sqlclient.sni.runtime\5.1.2\runtimes\win-x64\native\Microsoft.Data.SqlClient.SNI.dll" to file "bin\Debug\net8.0\runtimes\win-x64\native\Microsoft.Data.SqlClient.SNI.dll" because the "SkipUnchangedFiles" parameter was set to "true" in the project and the files' sizes and timestamps match.
         Did not copy from file "C:\Users\MUKHIL\.nuget\packages\microsoft.data.sqlclient.sni.runtime\5.1.2\runtimes\win-x86\native\Microsoft.Data.SqlClient.SNI.dll" to file "bin\Debug\net8.0\runtimes\win-x86\native\Microsoft.Data.SqlClient.SNI.dll" because the "SkipUnchangedFiles" parameter was set to "true" in the project and the files' sizes and timestamps match.
         Did not copy from file "C:\Users\MUKHIL\.nuget\packages\microsoft.win32.systemevents\6.0.0\runtimes\win\lib\net6.0\Microsoft.Win32.SystemEvents.dll" to file "bin\Debug\net8.0\runtimes\win\lib\net6.0\Microsoft.Win32.SystemEvents.dll" because the "SkipUnchangedFiles" parameter was set to "true" in the project and the files' sizes and timestamps match.
         Did not copy from file "C:\Users\MUKHIL\.nuget\packages\system.drawing.common\6.0.0\runtimes\unix\lib\net6.0\System.Drawing.Common.dll" to file "bin\Debug\net8.0\runtimes\unix\lib\net6.0\System.Drawing.Common.dll" because the "SkipUnchangedFiles" parameter was set to "true" in the project and the files' sizes and timestamps match.
         Did not copy from file "C:\Users\MUKHIL\.nuget\packages\system.drawing.common\6.0.0\runtimes\win\lib\net6.0\System.Drawing.Common.dll" to file "bin\Debug\net8.0\runtimes\win\lib\net6.0\System.Drawing.Common.dll" because the "SkipUnchangedFiles" parameter was set to "true" in the project and the files' sizes and timestamps match.
         Did not copy from file "C:\Users\MUKHIL\.nuget\packages\system.runtime.caching\6.0.0\runtimes\win\lib\net6.0\System.Runtime.Caching.dll" to file "bin\Debug\net8.0\runtimes\win\lib\net6.0\System.Runtime.Caching.dll" because the "SkipUnchangedFiles" parameter was set to "true" in the project and the files' sizes and timestamps match.
         Did not copy from file "C:\Users\MUKHIL\.nuget\packages\system.security.cryptography.protecteddata\6.0.0\runtimes\win\lib\net6.0\System.Security.Cryptography.ProtectedData.dll" to file "bin\Debug\net8.0\runtimes\win\lib\net6.0\System.Security.Cryptography.ProtectedData.dll" because the "SkipUnchangedFiles" parameter was set to "true" in the project and the files' sizes and timestamps match.
         Did not copy from file "C:\Users\MUKHIL\.nuget\packages\system.windows.extensions\6.0.0\runtimes\win\lib\net6.0\System.Windows.Extensions.dll" to file "bin\Debug\net8.0\runtimes\win\lib\net6.0\System.Windows.Extensions.dll" because the "SkipUnchangedFiles" parameter was set to "true" in the project and the files' sizes and timestamps match.
         Did not copy from file "C:\Users\MUKHIL\.nuget\packages\system.security.cryptography.pkcs\8.0.1\runtimes\win\lib\net8.0\System.Security.Cryptography.Pkcs.dll" to file "bin\Debug\net8.0\runtimes\win\lib\net8.0\System.Security.Cryptography.Pkcs.dll" because the "SkipUnchangedFiles" parameter was set to "true" in the project and the files' sizes and timestamps match.
       Done executing task "Copy".
   1:7>Done building target "_CopyFilesMarkedCopyLocal" in project "InternalExamScrutinySystem.Api.csproj".
       Target "AssignTargetPaths" skipped. Previously built successfully.
       Target "_SplitProjectReferencesByFileExistence" skipped. Previously built successfully.
       Target "_GetProjectReferenceTargetFrameworkProperties" skipped. Previously built successfully.
   1:7>Target "_PopulateCommonStateForGetCopyToOutputDirectoryItems" in file "C:\Program Files\dotnet\sdk\10.0.101\Microsoft.Common.CurrentVersion.targets" from project "c:\krishna mini project\backend\InternalExamScrutinySystem.Api\InternalExamScrutinySystem.Api.csproj" (target "GetCopyToOutputDirectoryItems" depends on it):
   1:7>Done building target "_PopulateCommonStateForGetCopyToOutputDirectoryItems" in project "InternalExamScrutinySystem.Api.csproj".
       Target "ResolveStaticWebAssetsConfiguration" skipped. Previously built successfully.
   1:7>Target "AddStaticWebAssetsManifest" in file "C:\Program Files\dotnet\sdk\10.0.101\Sdks\Microsoft.NET.Sdk.StaticWebAssets\targets\Microsoft.NET.Sdk.StaticWebAssets.targets" from project "c:\krishna mini project\backend\InternalExamScrutinySystem.Api\InternalExamScrutinySystem.Api.csproj" (target "GetCopyToOutputDirectoryItems" depends on it):
   1:7>Done building target "AddStaticWebAssetsManifest" in project "InternalExamScrutinySystem.Api.csproj".
       Target "ResolveStaticWebAssetsConfiguration" skipped. Previously built successfully.
   1:7>Target "AddStaticWebAssetEndpointsBuildManifest" in file "C:\Program Files\dotnet\sdk\10.0.101\Sdks\Microsoft.NET.Sdk.StaticWebAssets\targets\Microsoft.NET.Sdk.StaticWebAssets.targets" from project "c:\krishna mini project\backend\InternalExamScrutinySystem.Api\InternalExamScrutinySystem.Api.csproj" (target "GetCopyToOutputDirectoryItems" depends on it):
   1:7>Done building target "AddStaticWebAssetEndpointsBuildManifest" in project "InternalExamScrutinySystem.Api.csproj".
   1:7>Target "AddDepsJsonAndRuntimeConfigToCopyItemsForReferencingProjects" in file "C:\Program Files\dotnet\sdk\10.0.101\Sdks\Microsoft.NET.Sdk\targets\Microsoft.NET.Sdk.targets" from project "c:\krishna mini project\backend\InternalExamScrutinySystem.Api\InternalExamScrutinySystem.Api.csproj" (target "GetCopyToOutputDirectoryItems" depends on it):
   1:7>Done building target "AddDepsJsonAndRuntimeConfigToCopyItemsForReferencingProjects" in project "InternalExamScrutinySystem.Api.csproj".
   1:7>Target "GetCopyToOutputDirectoryItems" in file "C:\Program Files\dotnet\sdk\10.0.101\Microsoft.Common.CurrentVersion.targets" from project "c:\krishna mini project\backend\InternalExamScrutinySystem.Api\InternalExamScrutinySystem.Api.csproj" (target "_CopySourceItemsToOutputDirectory" depends on it):
       Using "CallTarget" task from assembly "Microsoft.Build.Tasks.Core, Version=15.1.0.0, Culture=neutral, PublicKeyToken=b03f5f7f11d50a3a".
       Task "CallTarget"
       Target "_PopulateCommonStateForGetCopyToOutputDirectoryItems" skipped. Previously built successfully.
       Target "_AddOutputPathToGlobalPropertiesToRemove" skipped. Previously built successfully.
   1:7>Target "_GetCopyToOutputDirectoryItemsFromTransitiveProjectReferences" in file "C:\Program Files\dotnet\sdk\10.0.101\Microsoft.Common.CurrentVersion.targets" from project "c:\krishna mini project\backend\InternalExamScrutinySystem.Api\InternalExamScrutinySystem.Api.csproj" (target "GetCopyToOutputDirectoryItems" depends on it):
       Task "AssignTargetPath"
       Done executing task "AssignTargetPath".
   1:7>Done building target "_GetCopyToOutputDirectoryItemsFromTransitiveProjectReferences" in project "InternalExamScrutinySystem.Api.csproj".
       Done executing task "CallTarget".
       Task "CallTarget"
       Target "AssignTargetPaths" skipped. Previously built successfully.
       Target "_PopulateCommonStateForGetCopyToOutputDirectoryItems" skipped. Previously built successfully.
   1:7>Target "_GetCopyToOutputDirectoryItemsFromThisProject" in file "C:\Program Files\dotnet\sdk\10.0.101\Microsoft.Common.CurrentVersion.targets" from project "c:\krishna mini project\backend\InternalExamScrutinySystem.Api\InternalExamScrutinySystem.Api.csproj" (target "GetCopyToOutputDirectoryItems" depends on it):
       Task "AssignTargetPath"
       Done executing task "AssignTargetPath".
   1:7>Done building target "_GetCopyToOutputDirectoryItemsFromThisProject" in project "InternalExamScrutinySystem.Api.csproj".
       Done executing task "CallTarget".
   1:7>Done building target "GetCopyToOutputDirectoryItems" in project "InternalExamScrutinySystem.Api.csproj".
   1:7>Target "_CopyOutOfDateSourceItemsToOutputDirectory" in file "C:\Program Files\dotnet\sdk\10.0.101\Microsoft.Common.CurrentVersion.targets" from project "c:\krishna mini project\backend\InternalExamScrutinySystem.Api\InternalExamScrutinySystem.Api.csproj" (target "_CopySourceItemsToOutputDirectory" depends on it):
       Building target "_CopyOutOfDateSourceItemsToOutputDirectory" partially, because some output files are out of date with respect to their input files.
       [_SourceItemsToCopyToOutputDirectory: Input=c:\krishna mini project\backend\InternalExamScrutinySystem.Api\obj\Debug\net8.0\apphost.exe, Output=bin\Debug\net8.0\InternalExamScrutinySystem.Api.exe] Input file is newer than output file.
       Task "Copy"
         Copying file from "c:\krishna mini project\backend\InternalExamScrutinySystem.Api\obj\Debug\net8.0\apphost.exe" to "c:\krishna mini project\backend\InternalExamScrutinySystem.Api\bin\Debug\net8.0\InternalExamScrutinySystem.Api.exe".
   1:7>C:\Program Files\dotnet\sdk\10.0.101\Microsoft.Common.CurrentVersion.targets(5381,5): warning MSB3026: Could not copy "c:\krishna mini project\backend\InternalExamScrutinySystem.Api\obj\Debug\net8.0\apphost.exe" to "bin\Debug\net8.0\InternalExamScrutinySystem.Api.exe". Beginning retry 1 in 1000ms. The process cannot access the file 'c:\krishna mini project\backend\InternalExamScrutinySystem.Api\bin\Debug\net8.0\InternalExamScrutinySystem.Api.exe' because it is being used by another process. The file is locked by: "InternalExamScrutinySystem.Api (23368)" [c:\krishna mini project\backend\InternalExamScrutinySystem.Api\InternalExamScrutinySystem.Api.csproj]
         Copying file from "c:\krishna mini project\backend\InternalExamScrutinySystem.Api\obj\Debug\net8.0\apphost.exe" to "c:\krishna mini project\backend\InternalExamScrutinySystem.Api\bin\Debug\net8.0\InternalExamScrutinySystem.Api.exe".
   1:7>C:\Program Files\dotnet\sdk\10.0.101\Microsoft.Common.CurrentVersion.targets(5381,5): warning MSB3026: Could not copy "c:\krishna mini project\backend\InternalExamScrutinySystem.Api\obj\Debug\net8.0\apphost.exe" to "bin\Debug\net8.0\InternalExamScrutinySystem.Api.exe". Beginning retry 2 in 1000ms. The process cannot access the file 'c:\krishna mini project\backend\InternalExamScrutinySystem.Api\bin\Debug\net8.0\InternalExamScrutinySystem.Api.exe' because it is being used by another process. The file is locked by: "InternalExamScrutinySystem.Api (23368)" [c:\krishna mini project\backend\InternalExamScrutinySystem.Api\InternalExamScrutinySystem.Api.csproj]
         Copying file from "c:\krishna mini project\backend\InternalExamScrutinySystem.Api\obj\Debug\net8.0\apphost.exe" to "c:\krishna mini project\backend\InternalExamScrutinySystem.Api\bin\Debug\net8.0\InternalExamScrutinySystem.Api.exe".
   1:7>C:\Program Files\dotnet\sdk\10.0.101\Microsoft.Common.CurrentVersion.targets(5381,5): warning MSB3026: Could not copy "c:\krishna mini project\backend\InternalExamScrutinySystem.Api\obj\Debug\net8.0\apphost.exe" to "bin\Debug\net8.0\InternalExamScrutinySystem.Api.exe". Beginning retry 3 in 1000ms. The process cannot access the file 'c:\krishna mini project\backend\InternalExamScrutinySystem.Api\bin\Debug\net8.0\InternalExamScrutinySystem.Api.exe' because it is being used by another process. The file is locked by: "InternalExamScrutinySystem.Api (23368)" [c:\krishna mini project\backend\InternalExamScrutinySystem.Api\InternalExamScrutinySystem.Api.csproj]
         Copying file from "c:\krishna mini project\backend\InternalExamScrutinySystem.Api\obj\Debug\net8.0\apphost.exe" to "c:\krishna mini project\backend\InternalExamScrutinySystem.Api\bin\Debug\net8.0\InternalExamScrutinySystem.Api.exe".
   1:7>C:\Program Files\dotnet\sdk\10.0.101\Microsoft.Common.CurrentVersion.targets(5381,5): warning MSB3026: Could not copy "c:\krishna mini project\backend\InternalExamScrutinySystem.Api\obj\Debug\net8.0\apphost.exe" to "bin\Debug\net8.0\InternalExamScrutinySystem.Api.exe". Beginning retry 4 in 1000ms. The process cannot access the file 'c:\krishna mini project\backend\InternalExamScrutinySystem.Api\bin\Debug\net8.0\InternalExamScrutinySystem.Api.exe' because it is being used by another process. The file is locked by: "InternalExamScrutinySystem.Api (23368)" [c:\krishna mini project\backend\InternalExamScrutinySystem.Api\InternalExamScrutinySystem.Api.csproj]
         Copying file from "c:\krishna mini project\backend\InternalExamScrutinySystem.Api\obj\Debug\net8.0\apphost.exe" to "c:\krishna mini project\backend\InternalExamScrutinySystem.Api\bin\Debug\net8.0\InternalExamScrutinySystem.Api.exe".
   1:7>C:\Program Files\dotnet\sdk\10.0.101\Microsoft.Common.CurrentVersion.targets(5381,5): warning MSB3026: Could not copy "c:\krishna mini project\backend\InternalExamScrutinySystem.Api\obj\Debug\net8.0\apphost.exe" to "bin\Debug\net8.0\InternalExamScrutinySystem.Api.exe". Beginning retry 5 in 1000ms. The process cannot access the file 'c:\krishna mini project\backend\InternalExamScrutinySystem.Api\bin\Debug\net8.0\InternalExamScrutinySystem.Api.exe' because it is being used by another process. The file is locked by: "InternalExamScrutinySystem.Api (23368)" [c:\krishna mini project\backend\InternalExamScrutinySystem.Api\InternalExamScrutinySystem.Api.csproj]
         Copying file from "c:\krishna mini project\backend\InternalExamScrutinySystem.Api\obj\Debug\net8.0\apphost.exe" to "c:\krishna mini project\backend\InternalExamScrutinySystem.Api\bin\Debug\net8.0\InternalExamScrutinySystem.Api.exe".
   1:7>C:\Program Files\dotnet\sdk\10.0.101\Microsoft.Common.CurrentVersion.targets(5381,5): warning MSB3026: Could not copy "c:\krishna mini project\backend\InternalExamScrutinySystem.Api\obj\Debug\net8.0\apphost.exe" to "bin\Debug\net8.0\InternalExamScrutinySystem.Api.exe". Beginning retry 6 in 1000ms. The process cannot access the file 'c:\krishna mini project\backend\InternalExamScrutinySystem.Api\bin\Debug\net8.0\InternalExamScrutinySystem.Api.exe' because it is being used by another process. The file is locked by: "InternalExamScrutinySystem.Api (23368)" [c:\krishna mini project\backend\InternalExamScrutinySystem.Api\InternalExamScrutinySystem.Api.csproj]
         Copying file from "c:\krishna mini project\backend\InternalExamScrutinySystem.Api\obj\Debug\net8.0\apphost.exe" to "c:\krishna mini project\backend\InternalExamScrutinySystem.Api\bin\Debug\net8.0\InternalExamScrutinySystem.Api.exe".
   1:7>C:\Program Files\dotnet\sdk\10.0.101\Microsoft.Common.CurrentVersion.targets(5381,5): warning MSB3026: Could not copy "c:\krishna mini project\backend\InternalExamScrutinySystem.Api\obj\Debug\net8.0\apphost.exe" to "bin\Debug\net8.0\InternalExamScrutinySystem.Api.exe". Beginning retry 7 in 1000ms. The process cannot access the file 'c:\krishna mini project\backend\InternalExamScrutinySystem.Api\bin\Debug\net8.0\InternalExamScrutinySystem.Api.exe' because it is being used by another process. The file is locked by: "InternalExamScrutinySystem.Api (23368)" [c:\krishna mini project\backend\InternalExamScrutinySystem.Api\InternalExamScrutinySystem.Api.csproj]
         Copying file from "c:\krishna mini project\backend\InternalExamScrutinySystem.Api\obj\Debug\net8.0\apphost.exe" to "c:\krishna mini project\backend\InternalExamScrutinySystem.Api\bin\Debug\net8.0\InternalExamScrutinySystem.Api.exe".
   1:7>C:\Program Files\dotnet\sdk\10.0.101\Microsoft.Common.CurrentVersion.targets(5381,5): warning MSB3026: Could not copy "c:\krishna mini project\backend\InternalExamScrutinySystem.Api\obj\Debug\net8.0\apphost.exe" to "bin\Debug\net8.0\InternalExamScrutinySystem.Api.exe". Beginning retry 8 in 1000ms. The process cannot access the file 'c:\krishna mini project\backend\InternalExamScrutinySystem.Api\bin\Debug\net8.0\InternalExamScrutinySystem.Api.exe' because it is being used by another process. The file is locked by: "InternalExamScrutinySystem.Api (23368)" [c:\krishna mini project\backend\InternalExamScrutinySystem.Api\InternalExamScrutinySystem.Api.csproj]
         Copying file from "c:\krishna mini project\backend\InternalExamScrutinySystem.Api\obj\Debug\net8.0\apphost.exe" to "c:\krishna mini project\backend\InternalExamScrutinySystem.Api\bin\Debug\net8.0\InternalExamScrutinySystem.Api.exe".
   1:7>C:\Program Files\dotnet\sdk\10.0.101\Microsoft.Common.CurrentVersion.targets(5381,5): warning MSB3026: Could not copy "c:\krishna mini project\backend\InternalExamScrutinySystem.Api\obj\Debug\net8.0\apphost.exe" to "bin\Debug\net8.0\InternalExamScrutinySystem.Api.exe". Beginning retry 9 in 1000ms. The process cannot access the file 'c:\krishna mini project\backend\InternalExamScrutinySystem.Api\bin\Debug\net8.0\InternalExamScrutinySystem.Api.exe' because it is being used by another process. The file is locked by: "InternalExamScrutinySystem.Api (23368)" [c:\krishna mini project\backend\InternalExamScrutinySystem.Api\InternalExamScrutinySystem.Api.csproj]
         Copying file from "c:\krishna mini project\backend\InternalExamScrutinySystem.Api\obj\Debug\net8.0\apphost.exe" to "c:\krishna mini project\backend\InternalExamScrutinySystem.Api\bin\Debug\net8.0\InternalExamScrutinySystem.Api.exe".
   1:7>C:\Program Files\dotnet\sdk\10.0.101\Microsoft.Common.CurrentVersion.targets(5381,5): warning MSB3026: Could not copy "c:\krishna mini project\backend\InternalExamScrutinySystem.Api\obj\Debug\net8.0\apphost.exe" to "bin\Debug\net8.0\InternalExamScrutinySystem.Api.exe". Beginning retry 10 in 1000ms. The process cannot access the file 'c:\krishna mini project\backend\InternalExamScrutinySystem.Api\bin\Debug\net8.0\InternalExamScrutinySystem.Api.exe' because it is being used by another process. The file is locked by: "InternalExamScrutinySystem.Api (23368)" [c:\krishna mini project\backend\InternalExamScrutinySystem.Api\InternalExamScrutinySystem.Api.csproj]
         Copying file from "c:\krishna mini project\backend\InternalExamScrutinySystem.Api\obj\Debug\net8.0\apphost.exe" to "c:\krishna mini project\backend\InternalExamScrutinySystem.Api\bin\Debug\net8.0\InternalExamScrutinySystem.Api.exe".
   1:7>C:\Program Files\dotnet\sdk\10.0.101\Microsoft.Common.CurrentVersion.targets(5381,5): error MSB3027: Could not copy "c:\krishna mini project\backend\InternalExamScrutinySystem.Api\obj\Debug\net8.0\apphost.exe" to "bin\Debug\net8.0\InternalExamScrutinySystem.Api.exe". Exceeded retry count of 10. Failed. The file is locked by: "InternalExamScrutinySystem.Api (23368)" [c:\krishna mini project\backend\InternalExamScrutinySystem.Api\InternalExamScrutinySystem.Api.csproj]
   1:7>C:\Program Files\dotnet\sdk\10.0.101\Microsoft.Common.CurrentVersion.targets(5381,5): error MSB3021: Unable to copy file "c:\krishna mini project\backend\InternalExamScrutinySystem.Api\obj\Debug\net8.0\apphost.exe" to "bin\Debug\net8.0\InternalExamScrutinySystem.Api.exe". The process cannot access the file 'c:\krishna mini project\backend\InternalExamScrutinySystem.Api\bin\Debug\net8.0\InternalExamScrutinySystem.Api.exe' because it is being used by another process. [c:\krishna mini project\backend\InternalExamScrutinySystem.Api\InternalExamScrutinySystem.Api.csproj]
       Done executing task "Copy" -- FAILED.
   1:7>Done building target "_CopyOutOfDateSourceItemsToOutputDirectory" in project "InternalExamScrutinySystem.Api.csproj" -- FAILED.
   1:7>Target "_CheckForCompileOutputs" in file "C:\Program Files\dotnet\sdk\10.0.101\Microsoft.Common.CurrentVersion.targets" from project "c:\krishna mini project\backend\InternalExamScrutinySystem.Api\InternalExamScrutinySystem.Api.csproj" (target "_CleanGetCurrentAndPriorFileWrites" depends on it):
   1:7>Done building target "_CheckForCompileOutputs" in project "InternalExamScrutinySystem.Api.csproj".
   1:7>Target "_CleanGetCurrentAndPriorFileWrites" in file "C:\Program Files\dotnet\sdk\10.0.101\Microsoft.Common.CurrentVersion.targets" from project "c:\krishna mini project\backend\InternalExamScrutinySystem.Api\InternalExamScrutinySystem.Api.csproj" (target "_CleanRecordFileWrites" depends on it):
       Using "ReadLinesFromFile" task from assembly "Microsoft.Build.Tasks.Core, Version=15.1.0.0, Culture=neutral, PublicKeyToken=b03f5f7f11d50a3a".
       Task "ReadLinesFromFile"
       Done executing task "ReadLinesFromFile".
       Task "ConvertToAbsolutePath"
       Done executing task "ConvertToAbsolutePath".
       Using "FindUnderPath" task from assembly "Microsoft.Build.Tasks.Core, Version=15.1.0.0, Culture=neutral, PublicKeyToken=b03f5f7f11d50a3a".
       Task "FindUnderPath"
         Comparison path is "c:\krishna mini project\backend\InternalExamScrutinySystem.Api".
       Done executing task "FindUnderPath".
       Task "FindUnderPath"
         Comparison path is "bin\Debug\net8.0\".
       Done executing task "FindUnderPath".
       Task "FindUnderPath"
         Comparison path is "obj\Debug\net8.0\".
       Done executing task "FindUnderPath".
       Task "RemoveDuplicates"
       Done executing task "RemoveDuplicates".
   1:7>Done building target "_CleanGetCurrentAndPriorFileWrites" in project "InternalExamScrutinySystem.Api.csproj".
   1:7>Target "_CleanRecordFileWrites" in file "C:\Program Files\dotnet\sdk\10.0.101\Microsoft.Common.CurrentVersion.targets" from project "c:\krishna mini project\backend\InternalExamScrutinySystem.Api\InternalExamScrutinySystem.Api.csproj" (target "CoreBuild" depends on it):
       Task "RemoveDuplicates"
       Done executing task "RemoveDuplicates".
       Task "MakeDir"
       Done executing task "MakeDir".
       Task "WriteLinesToFile"
         Skipping write to file "obj\Debug\net8.0\InternalExamScrutinySystem.Api.csproj.FileListAbsolute.txt" because content would not change.
       Done executing task "WriteLinesToFile".
   1:7>Done building target "_CleanRecordFileWrites" in project "InternalExamScrutinySystem.Api.csproj".
   1:7>Done Building Project "c:\krishna mini project\backend\InternalExamScrutinySystem.Api\InternalExamScrutinySystem.Api.csproj" (default targets) -- FAILED.

Build FAILED.

       "c:\krishna mini project\backend\InternalExamScrutinySystem.Api\InternalExamScrutinySystem.Api.csproj" (Restore target) (1) ->
       (Restore target) -> 
         c:\krishna mini project\backend\InternalExamScrutinySystem.Api\InternalExamScrutinySystem.Api.csproj : warning NU1903: Package 'AutoMapper' 13.0.0 has a known high severity vulnerability, https://github.com/advisories/GHSA-rvv3-g6hj-g44x


       "c:\krishna mini project\backend\InternalExamScrutinySystem.Api\InternalExamScrutinySystem.Api.csproj" (default target) (1:7) ->
       (ResolvePackageAssets target) -> 
         c:\krishna mini project\backend\InternalExamScrutinySystem.Api\InternalExamScrutinySystem.Api.csproj : warning NU1903: Package 'AutoMapper' 13.0.0 has a known high severity vulnerability, https://github.com/advisories/GHSA-rvv3-g6hj-g44x


       "c:\krishna mini project\backend\InternalExamScrutinySystem.Api\InternalExamScrutinySystem.Api.csproj" (default target) (1:7) ->
       (_CopyOutOfDateSourceItemsToOutputDirectory target) -> 
         C:\Program Files\dotnet\sdk\10.0.101\Microsoft.Common.CurrentVersion.targets(5381,5): warning MSB3026: Could not copy "c:\krishna mini project\backend\InternalExamScrutinySystem.Api\obj\Debug\net8.0\apphost.exe" to "bin\Debug\net8.0\InternalExamScrutinySystem.Api.exe". Beginning retry 1 in 1000ms. The process cannot access the file 'c:\krishna mini project\backend\InternalExamScrutinySystem.Api\bin\Debug\net8.0\InternalExamScrutinySystem.Api.exe' because it is being used by another process. The file is locked by: "InternalExamScrutinySystem.Api (23368)" [c:\krishna mini project\backend\InternalExamScrutinySystem.Api\InternalExamScrutinySystem.Api.csproj]
         C:\Program Files\dotnet\sdk\10.0.101\Microsoft.Common.CurrentVersion.targets(5381,5): warning MSB3026: Could not copy "c:\krishna mini project\backend\InternalExamScrutinySystem.Api\obj\Debug\net8.0\apphost.exe" to "bin\Debug\net8.0\InternalExamScrutinySystem.Api.exe". Beginning retry 2 in 1000ms. The process cannot access the file 'c:\krishna mini project\backend\InternalExamScrutinySystem.Api\bin\Debug\net8.0\InternalExamScrutinySystem.Api.exe' because it is being used by another process. The file is locked by: "InternalExamScrutinySystem.Api (23368)" [c:\krishna mini project\backend\InternalExamScrutinySystem.Api\InternalExamScrutinySystem.Api.csproj]
         C:\Program Files\dotnet\sdk\10.0.101\Microsoft.Common.CurrentVersion.targets(5381,5): warning MSB3026: Could not copy "c:\krishna mini project\backend\InternalExamScrutinySystem.Api\obj\Debug\net8.0\apphost.exe" to "bin\Debug\net8.0\InternalExamScrutinySystem.Api.exe". Beginning retry 3 in 1000ms. The process cannot access the file 'c:\krishna mini project\backend\InternalExamScrutinySystem.Api\bin\Debug\net8.0\InternalExamScrutinySystem.Api.exe' because it is being used by another process. The file is locked by: "InternalExamScrutinySystem.Api (23368)" [c:\krishna mini project\backend\InternalExamScrutinySystem.Api\InternalExamScrutinySystem.Api.csproj]
         C:\Program Files\dotnet\sdk\10.0.101\Microsoft.Common.CurrentVersion.targets(5381,5): warning MSB3026: Could not copy "c:\krishna mini project\backend\InternalExamScrutinySystem.Api\obj\Debug\net8.0\apphost.exe" to "bin\Debug\net8.0\InternalExamScrutinySystem.Api.exe". Beginning retry 4 in 1000ms. The process cannot access the file 'c:\krishna mini project\backend\InternalExamScrutinySystem.Api\bin\Debug\net8.0\InternalExamScrutinySystem.Api.exe' because it is being used by another process. The file is locked by: "InternalExamScrutinySystem.Api (23368)" [c:\krishna mini project\backend\InternalExamScrutinySystem.Api\InternalExamScrutinySystem.Api.csproj]
         C:\Program Files\dotnet\sdk\10.0.101\Microsoft.Common.CurrentVersion.targets(5381,5): warning MSB3026: Could not copy "c:\krishna mini project\backend\InternalExamScrutinySystem.Api\obj\Debug\net8.0\apphost.exe" to "bin\Debug\net8.0\InternalExamScrutinySystem.Api.exe". Beginning retry 5 in 1000ms. The process cannot access the file 'c:\krishna mini project\backend\InternalExamScrutinySystem.Api\bin\Debug\net8.0\InternalExamScrutinySystem.Api.exe' because it is being used by another process. The file is locked by: "InternalExamScrutinySystem.Api (23368)" [c:\krishna mini project\backend\InternalExamScrutinySystem.Api\InternalExamScrutinySystem.Api.csproj]
         C:\Program Files\dotnet\sdk\10.0.101\Microsoft.Common.CurrentVersion.targets(5381,5): warning MSB3026: Could not copy "c:\krishna mini project\backend\InternalExamScrutinySystem.Api\obj\Debug\net8.0\apphost.exe" to "bin\Debug\net8.0\InternalExamScrutinySystem.Api.exe". Beginning retry 6 in 1000ms. The process cannot access the file 'c:\krishna mini project\backend\InternalExamScrutinySystem.Api\bin\Debug\net8.0\InternalExamScrutinySystem.Api.exe' because it is being used by another process. The file is locked by: "InternalExamScrutinySystem.Api (23368)" [c:\krishna mini project\backend\InternalExamScrutinySystem.Api\InternalExamScrutinySystem.Api.csproj]
         C:\Program Files\dotnet\sdk\10.0.101\Microsoft.Common.CurrentVersion.targets(5381,5): warning MSB3026: Could not copy "c:\krishna mini project\backend\InternalExamScrutinySystem.Api\obj\Debug\net8.0\apphost.exe" to "bin\Debug\net8.0\InternalExamScrutinySystem.Api.exe". Beginning retry 7 in 1000ms. The process cannot access the file 'c:\krishna mini project\backend\InternalExamScrutinySystem.Api\bin\Debug\net8.0\InternalExamScrutinySystem.Api.exe' because it is being used by another process. The file is locked by: "InternalExamScrutinySystem.Api (23368)" [c:\krishna mini project\backend\InternalExamScrutinySystem.Api\InternalExamScrutinySystem.Api.csproj]
         C:\Program Files\dotnet\sdk\10.0.101\Microsoft.Common.CurrentVersion.targets(5381,5): warning MSB3026: Could not copy "c:\krishna mini project\backend\InternalExamScrutinySystem.Api\obj\Debug\net8.0\apphost.exe" to "bin\Debug\net8.0\InternalExamScrutinySystem.Api.exe". Beginning retry 8 in 1000ms. The process cannot access the file 'c:\krishna mini project\backend\InternalExamScrutinySystem.Api\bin\Debug\net8.0\InternalExamScrutinySystem.Api.exe' because it is being used by another process. The file is locked by: "InternalExamScrutinySystem.Api (23368)" [c:\krishna mini project\backend\InternalExamScrutinySystem.Api\InternalExamScrutinySystem.Api.csproj]
         C:\Program Files\dotnet\sdk\10.0.101\Microsoft.Common.CurrentVersion.targets(5381,5): warning MSB3026: Could not copy "c:\krishna mini project\backend\InternalExamScrutinySystem.Api\obj\Debug\net8.0\apphost.exe" to "bin\Debug\net8.0\InternalExamScrutinySystem.Api.exe". Beginning retry 9 in 1000ms. The process cannot access the file 'c:\krishna mini project\backend\InternalExamScrutinySystem.Api\bin\Debug\net8.0\InternalExamScrutinySystem.Api.exe' because it is being used by another process. The file is locked by: "InternalExamScrutinySystem.Api (23368)" [c:\krishna mini project\backend\InternalExamScrutinySystem.Api\InternalExamScrutinySystem.Api.csproj]
         C:\Program Files\dotnet\sdk\10.0.101\Microsoft.Common.CurrentVersion.targets(5381,5): warning MSB3026: Could not copy "c:\krishna mini project\backend\InternalExamScrutinySystem.Api\obj\Debug\net8.0\apphost.exe" to "bin\Debug\net8.0\InternalExamScrutinySystem.Api.exe". Beginning retry 10 in 1000ms. The process cannot access the file 'c:\krishna mini project\backend\InternalExamScrutinySystem.Api\bin\Debug\net8.0\InternalExamScrutinySystem.Api.exe' because it is being used by another process. The file is locked by: "InternalExamScrutinySystem.Api (23368)" [c:\krishna mini project\backend\InternalExamScrutinySystem.Api\InternalExamScrutinySystem.Api.csproj]


       "c:\krishna mini project\backend\InternalExamScrutinySystem.Api\InternalExamScrutinySystem.Api.csproj" (default target) (1:7) ->
       (_CopyOutOfDateSourceItemsToOutputDirectory target) -> 
         C:\Program Files\dotnet\sdk\10.0.101\Microsoft.Common.CurrentVersion.targets(5381,5): error MSB3027: Could not copy "c:\krishna mini project\backend\InternalExamScrutinySystem.Api\obj\Debug\net8.0\apphost.exe" to "bin\Debug\net8.0\InternalExamScrutinySystem.Api.exe". Exceeded retry count of 10. Failed. The file is locked by: "InternalExamScrutinySystem.Api (23368)" [c:\krishna mini project\backend\InternalExamScrutinySystem.Api\InternalExamScrutinySystem.Api.csproj]
         C:\Program Files\dotnet\sdk\10.0.101\Microsoft.Common.CurrentVersion.targets(5381,5): error MSB3021: Unable to copy file "c:\krishna mini project\backend\InternalExamScrutinySystem.Api\obj\Debug\net8.0\apphost.exe" to "bin\Debug\net8.0\InternalExamScrutinySystem.Api.exe". The process cannot access the file 'c:\krishna mini project\backend\InternalExamScrutinySystem.Api\bin\Debug\net8.0\InternalExamScrutinySystem.Api.exe' because it is being used by another process. [c:\krishna mini project\backend\InternalExamScrutinySystem.Api\InternalExamScrutinySystem.Api.csproj]

    12 Warning(s)
    2 Error(s)

Time Elapsed 00:00:12.76
